[0m23:11:25.876180 [debug] [MainThread]: Sending event: {'category': 'dbt', 'action': 'invocation', 'label': 'start', 'context': [<snowplow_tracker.self_describing_json.SelfDescribingJson object at 0xffffb0dd7400>, <snowplow_tracker.self_describing_json.SelfDescribingJson object at 0xffffaff81e40>, <snowplow_tracker.self_describing_json.SelfDescribingJson object at 0xffffaff81030>]}


============================== 23:11:25.878973 | 16286bc7-4544-4007-b1b8-893701ff8c61 ==============================
[0m23:11:25.878973 [info ] [MainThread]: Running with dbt=1.9.1
[0m23:11:25.879267 [debug] [MainThread]: running dbt with arguments {'printer_width': '80', 'indirect_selection': 'eager', 'log_cache_events': 'False', 'write_json': 'True', 'partial_parse': 'True', 'cache_selected_only': 'False', 'profiles_dir': '/dbt', 'debug': 'False', 'fail_fast': 'False', 'log_path': '/dbt/logs', 'version_check': 'True', 'warn_error': 'None', 'use_colors': 'True', 'use_experimental_parser': 'False', 'no_print': 'None', 'quiet': 'False', 'empty': 'None', 'log_format': 'default', 'static_parser': 'True', 'introspect': 'True', 'invocation_command': 'dbt deps', 'target_path': 'None', 'warn_error_options': 'WarnErrorOptions(include=[], exclude=[])', 'send_anonymous_usage_stats': 'True'}
[0m23:11:25.925853 [debug] [MainThread]: Sending event: {'category': 'dbt', 'action': 'project_id', 'label': '16286bc7-4544-4007-b1b8-893701ff8c61', 'context': [<snowplow_tracker.self_describing_json.SelfDescribingJson object at 0xffffafffa9b0>]}
[0m23:11:25.929936 [info ] [MainThread]: Warning: No packages were found in packages.yml
[0m23:11:25.930613 [info ] [MainThread]: Warning: No packages were found in packages.yml
[0m23:11:25.931124 [debug] [MainThread]: Resource report: {"command_name": "deps", "command_success": true, "command_wall_clock_time": 0.08063292, "process_in_blocks": "3672", "process_kernel_time": 0.057284, "process_mem_max_rss": "95620", "process_out_blocks": "2131", "process_user_time": 0.690433}
[0m23:11:25.931384 [debug] [MainThread]: Command `dbt deps` succeeded at 23:11:25.931342 after 0.08 seconds
[0m23:11:25.931565 [debug] [MainThread]: Sending event: {'category': 'dbt', 'action': 'invocation', 'label': 'end', 'context': [<snowplow_tracker.self_describing_json.SelfDescribingJson object at 0xffffb0dd7400>, <snowplow_tracker.self_describing_json.SelfDescribingJson object at 0xffffb2af0a60>, <snowplow_tracker.self_describing_json.SelfDescribingJson object at 0xffffb000a140>]}
[0m23:11:25.931740 [debug] [MainThread]: Flushing usage events
[0m23:11:26.124725 [debug] [MainThread]: An error was encountered while trying to flush usage events
[0m23:11:26.772647 [debug] [MainThread]: Sending event: {'category': 'dbt', 'action': 'invocation', 'label': 'start', 'context': [<snowplow_tracker.self_describing_json.SelfDescribingJson object at 0xffffa4dc3190>, <snowplow_tracker.self_describing_json.SelfDescribingJson object at 0xffffa4635420>, <snowplow_tracker.self_describing_json.SelfDescribingJson object at 0xffffa4636470>]}


============================== 23:11:26.773874 | e3dace44-e2a2-446a-9819-423f54b9ef63 ==============================
[0m23:11:26.773874 [info ] [MainThread]: Running with dbt=1.9.1
[0m23:11:26.774251 [debug] [MainThread]: running dbt with arguments {'printer_width': '80', 'indirect_selection': 'eager', 'log_cache_events': 'False', 'write_json': 'True', 'partial_parse': 'True', 'cache_selected_only': 'False', 'warn_error': 'None', 'fail_fast': 'False', 'debug': 'False', 'log_path': '/dbt/logs', 'profiles_dir': '/dbt', 'version_check': 'True', 'use_colors': 'True', 'use_experimental_parser': 'False', 'empty': 'None', 'quiet': 'False', 'no_print': 'None', 'warn_error_options': 'WarnErrorOptions(include=[], exclude=[])', 'invocation_command': 'dbt seed', 'log_format': 'default', 'static_parser': 'True', 'target_path': 'None', 'introspect': 'True', 'send_anonymous_usage_stats': 'True'}
[0m23:11:26.840389 [debug] [MainThread]: Sending event: {'category': 'dbt', 'action': 'project_id', 'label': 'e3dace44-e2a2-446a-9819-423f54b9ef63', 'context': [<snowplow_tracker.self_describing_json.SelfDescribingJson object at 0xffffa3f96da0>]}
[0m23:11:26.864474 [debug] [MainThread]: Sending event: {'category': 'dbt', 'action': 'adapter_info', 'label': 'e3dace44-e2a2-446a-9819-423f54b9ef63', 'context': [<snowplow_tracker.self_describing_json.SelfDescribingJson object at 0xffffa4d53f70>]}
[0m23:11:26.865084 [info ] [MainThread]: Registered adapter: postgres=1.9.1
[0m23:11:26.894629 [debug] [MainThread]: checksum: 5e8d1596cf4eae33c11286bbb248a722d21b9f00d8a7ced8137c642517055418, vars: {}, profile: , target: , version: 1.9.1
[0m23:11:26.895111 [info ] [MainThread]: Unable to do partial parsing because saved manifest not found. Starting full parse.
[0m23:11:26.895328 [debug] [MainThread]: Sending event: {'category': 'dbt', 'action': 'partial_parser', 'label': 'e3dace44-e2a2-446a-9819-423f54b9ef63', 'context': [<snowplow_tracker.self_describing_json.SelfDescribingJson object at 0xffffa2fe0a00>]}
[0m23:11:27.473260 [debug] [MainThread]: Sending event: {'category': 'dbt', 'action': 'load_project', 'label': 'e3dace44-e2a2-446a-9819-423f54b9ef63', 'context': [<snowplow_tracker.self_describing_json.SelfDescribingJson object at 0xffffa1aa55d0>]}
[0m23:11:27.522396 [debug] [MainThread]: Wrote artifact WritableManifest to /dbt/target/manifest.json
[0m23:11:27.537040 [debug] [MainThread]: Wrote artifact SemanticManifest to /dbt/target/semantic_manifest.json
[0m23:11:27.546434 [debug] [MainThread]: Sending event: {'category': 'dbt', 'action': 'resource_counts', 'label': 'e3dace44-e2a2-446a-9819-423f54b9ef63', 'context': [<snowplow_tracker.self_describing_json.SelfDescribingJson object at 0xffffa1914fd0>]}
[0m23:11:27.546686 [info ] [MainThread]: Found 6 models, 17 data tests, 1 source, 434 macros
[0m23:11:27.546883 [debug] [MainThread]: Sending event: {'category': 'dbt', 'action': 'runnable_timing', 'label': 'e3dace44-e2a2-446a-9819-423f54b9ef63', 'context': [<snowplow_tracker.self_describing_json.SelfDescribingJson object at 0xffffa18fead0>]}
[0m23:11:27.547714 [warn ] [MainThread]: Nothing to do. Try checking your model configs and model specification args
[0m23:11:27.548145 [debug] [MainThread]: Command end result
[0m23:11:27.561914 [debug] [MainThread]: Wrote artifact WritableManifest to /dbt/target/manifest.json
[0m23:11:27.562709 [debug] [MainThread]: Wrote artifact SemanticManifest to /dbt/target/semantic_manifest.json
[0m23:11:27.564332 [debug] [MainThread]: Wrote artifact RunExecutionResult to /dbt/target/run_results.json
[0m23:11:27.564479 [info ] [MainThread]: 
[0m23:11:27.564735 [info ] [MainThread]: [32mCompleted successfully[0m
[0m23:11:27.564958 [info ] [MainThread]: 
[0m23:11:27.565157 [info ] [MainThread]: Done. PASS=0 WARN=0 ERROR=0 SKIP=0 TOTAL=0
[0m23:11:27.565655 [debug] [MainThread]: Resource report: {"command_name": "seed", "command_success": true, "command_wall_clock_time": 0.81597066, "process_in_blocks": "400", "process_kernel_time": 0.048946, "process_mem_max_rss": "120856", "process_out_blocks": "3177", "process_user_time": 1.266615}
[0m23:11:27.565897 [debug] [MainThread]: Command `dbt seed` succeeded at 23:11:27.565852 after 0.82 seconds
[0m23:11:27.566086 [debug] [MainThread]: Sending event: {'category': 'dbt', 'action': 'invocation', 'label': 'end', 'context': [<snowplow_tracker.self_describing_json.SelfDescribingJson object at 0xffffa4dc3190>, <snowplow_tracker.self_describing_json.SelfDescribingJson object at 0xffffa4d2b5b0>, <snowplow_tracker.self_describing_json.SelfDescribingJson object at 0xffffa1a55ab0>]}
[0m23:11:27.566245 [debug] [MainThread]: Flushing usage events
[0m23:11:27.718558 [debug] [MainThread]: An error was encountered while trying to flush usage events
[0m23:11:28.422123 [debug] [MainThread]: Sending event: {'category': 'dbt', 'action': 'invocation', 'label': 'start', 'context': [<snowplow_tracker.self_describing_json.SelfDescribingJson object at 0xffff9e92b100>, <snowplow_tracker.self_describing_json.SelfDescribingJson object at 0xffff9dabb2b0>, <snowplow_tracker.self_describing_json.SelfDescribingJson object at 0xffff9dab9de0>]}


============================== 23:11:28.423345 | 420455cb-d73a-4a0a-aa8f-9f54b177ccb9 ==============================
[0m23:11:28.423345 [info ] [MainThread]: Running with dbt=1.9.1
[0m23:11:28.423718 [debug] [MainThread]: running dbt with arguments {'printer_width': '80', 'indirect_selection': 'eager', 'write_json': 'True', 'log_cache_events': 'False', 'partial_parse': 'True', 'cache_selected_only': 'False', 'warn_error': 'None', 'fail_fast': 'False', 'debug': 'False', 'log_path': '/dbt/logs', 'profiles_dir': '/dbt', 'version_check': 'True', 'use_colors': 'True', 'use_experimental_parser': 'False', 'empty': 'False', 'quiet': 'False', 'no_print': 'None', 'warn_error_options': 'WarnErrorOptions(include=[], exclude=[])', 'introspect': 'True', 'static_parser': 'True', 'invocation_command': 'dbt run', 'target_path': 'None', 'log_format': 'default', 'send_anonymous_usage_stats': 'True'}
[0m23:11:28.486930 [debug] [MainThread]: Sending event: {'category': 'dbt', 'action': 'project_id', 'label': '420455cb-d73a-4a0a-aa8f-9f54b177ccb9', 'context': [<snowplow_tracker.self_describing_json.SelfDescribingJson object at 0xffff9da2d6c0>]}
[0m23:11:28.510169 [debug] [MainThread]: Sending event: {'category': 'dbt', 'action': 'adapter_info', 'label': '420455cb-d73a-4a0a-aa8f-9f54b177ccb9', 'context': [<snowplow_tracker.self_describing_json.SelfDescribingJson object at 0xffff9e7330a0>]}
[0m23:11:28.510512 [info ] [MainThread]: Registered adapter: postgres=1.9.1
[0m23:11:28.539304 [debug] [MainThread]: checksum: 5e8d1596cf4eae33c11286bbb248a722d21b9f00d8a7ced8137c642517055418, vars: {}, profile: , target: , version: 1.9.1
[0m23:11:28.601423 [debug] [MainThread]: Partial parsing enabled: 0 files deleted, 0 files added, 0 files changed.
[0m23:11:28.601672 [debug] [MainThread]: Partial parsing enabled, no changes found, skipping parsing
[0m23:11:28.625147 [debug] [MainThread]: Sending event: {'category': 'dbt', 'action': 'load_project', 'label': '420455cb-d73a-4a0a-aa8f-9f54b177ccb9', 'context': [<snowplow_tracker.self_describing_json.SelfDescribingJson object at 0xffff9c704130>]}
[0m23:11:28.671096 [debug] [MainThread]: Wrote artifact WritableManifest to /dbt/target/manifest.json
[0m23:11:28.674471 [debug] [MainThread]: Wrote artifact SemanticManifest to /dbt/target/semantic_manifest.json
[0m23:11:28.679874 [debug] [MainThread]: Sending event: {'category': 'dbt', 'action': 'resource_counts', 'label': '420455cb-d73a-4a0a-aa8f-9f54b177ccb9', 'context': [<snowplow_tracker.self_describing_json.SelfDescribingJson object at 0xffff9f569960>]}
[0m23:11:28.680113 [info ] [MainThread]: Found 6 models, 17 data tests, 1 source, 434 macros
[0m23:11:28.680333 [debug] [MainThread]: Sending event: {'category': 'dbt', 'action': 'runnable_timing', 'label': '420455cb-d73a-4a0a-aa8f-9f54b177ccb9', 'context': [<snowplow_tracker.self_describing_json.SelfDescribingJson object at 0xffff9f56b1c0>]}
[0m23:11:28.681284 [info ] [MainThread]: 
[0m23:11:28.681520 [info ] [MainThread]: Concurrency: 4 threads (target='local')
[0m23:11:28.681755 [info ] [MainThread]: 
[0m23:11:28.682079 [debug] [MainThread]: Acquiring new postgres connection 'master'
[0m23:11:28.684249 [debug] [ThreadPool]: Acquiring new postgres connection 'list_data_processing'
[0m23:11:28.684546 [debug] [ThreadPool]: Acquiring new postgres connection 'list_data_processing'
[0m23:11:28.720499 [debug] [ThreadPool]: Using postgres connection "list_data_processing"
[0m23:11:28.720707 [debug] [ThreadPool]: Using postgres connection "list_data_processing"
[0m23:11:28.720913 [debug] [ThreadPool]: On list_data_processing: /* {"app": "dbt", "dbt_version": "1.9.1", "profile_name": "data_processing", "target_name": "local", "connection_name": "list_data_processing"} */

    select distinct nspname from pg_namespace
  
[0m23:11:28.721147 [debug] [ThreadPool]: On list_data_processing: /* {"app": "dbt", "dbt_version": "1.9.1", "profile_name": "data_processing", "target_name": "local", "connection_name": "list_data_processing"} */

    select distinct nspname from pg_namespace
  
[0m23:11:28.721319 [debug] [ThreadPool]: Opening a new connection, currently in state init
[0m23:11:28.721575 [debug] [ThreadPool]: Opening a new connection, currently in state init
[0m23:11:28.728254 [debug] [ThreadPool]: SQL status: SELECT 6 in 0.007 seconds
[0m23:11:28.728407 [debug] [ThreadPool]: SQL status: SELECT 6 in 0.007 seconds
[0m23:11:28.728969 [debug] [ThreadPool]: On list_data_processing: Close
[0m23:11:28.729499 [debug] [ThreadPool]: On list_data_processing: Close
[0m23:11:28.730058 [debug] [ThreadPool]: Re-using an available connection from the pool (formerly list_data_processing, now create_data_processing_public_staging)
[0m23:11:28.730219 [debug] [ThreadPool]: Re-using an available connection from the pool (formerly list_data_processing, now create_data_processing_public_analytics)
[0m23:11:28.730479 [debug] [ThreadPool]: Creating schema "database: "data_processing"
schema: "public_staging"
"
[0m23:11:28.730759 [debug] [ThreadPool]: Creating schema "database: "data_processing"
schema: "public_analytics"
"
[0m23:11:28.733193 [debug] [ThreadPool]: Using postgres connection "create_data_processing_public_staging"
[0m23:11:28.734392 [debug] [ThreadPool]: Using postgres connection "create_data_processing_public_analytics"
[0m23:11:28.734564 [debug] [ThreadPool]: On create_data_processing_public_staging: BEGIN
[0m23:11:28.734754 [debug] [ThreadPool]: On create_data_processing_public_analytics: BEGIN
[0m23:11:28.734913 [debug] [ThreadPool]: Opening a new connection, currently in state closed
[0m23:11:28.735085 [debug] [ThreadPool]: Opening a new connection, currently in state closed
[0m23:11:28.738743 [debug] [ThreadPool]: SQL status: BEGIN in 0.004 seconds
[0m23:11:28.738865 [debug] [ThreadPool]: SQL status: BEGIN in 0.004 seconds
[0m23:11:28.739010 [debug] [ThreadPool]: Using postgres connection "create_data_processing_public_staging"
[0m23:11:28.739190 [debug] [ThreadPool]: Using postgres connection "create_data_processing_public_analytics"
[0m23:11:28.739344 [debug] [ThreadPool]: On create_data_processing_public_staging: /* {"app": "dbt", "dbt_version": "1.9.1", "profile_name": "data_processing", "target_name": "local", "connection_name": "create_data_processing_public_staging"} */
create schema if not exists "public_staging"
[0m23:11:28.739529 [debug] [ThreadPool]: On create_data_processing_public_analytics: /* {"app": "dbt", "dbt_version": "1.9.1", "profile_name": "data_processing", "target_name": "local", "connection_name": "create_data_processing_public_analytics"} */
create schema if not exists "public_analytics"
[0m23:11:28.740061 [debug] [ThreadPool]: SQL status: CREATE SCHEMA in 0.000 seconds
[0m23:11:28.740180 [debug] [ThreadPool]: SQL status: CREATE SCHEMA in 0.000 seconds
[0m23:11:28.740568 [debug] [ThreadPool]: On create_data_processing_public_staging: COMMIT
[0m23:11:28.740994 [debug] [ThreadPool]: On create_data_processing_public_analytics: COMMIT
[0m23:11:28.741183 [debug] [ThreadPool]: Using postgres connection "create_data_processing_public_staging"
[0m23:11:28.741379 [debug] [ThreadPool]: Using postgres connection "create_data_processing_public_analytics"
[0m23:11:28.741539 [debug] [ThreadPool]: On create_data_processing_public_staging: COMMIT
[0m23:11:28.741712 [debug] [ThreadPool]: On create_data_processing_public_analytics: COMMIT
[0m23:11:28.742408 [debug] [ThreadPool]: SQL status: COMMIT in 0.001 seconds
[0m23:11:28.742543 [debug] [ThreadPool]: SQL status: COMMIT in 0.001 seconds
[0m23:11:28.742698 [debug] [ThreadPool]: On create_data_processing_public_staging: Close
[0m23:11:28.742883 [debug] [ThreadPool]: On create_data_processing_public_analytics: Close
[0m23:11:28.743902 [debug] [ThreadPool]: Re-using an available connection from the pool (formerly create_data_processing_public_analytics, now list_data_processing_public_staging)
[0m23:11:28.744148 [debug] [ThreadPool]: Re-using an available connection from the pool (formerly create_data_processing_public_staging, now list_data_processing_public_analytics)
[0m23:11:28.746769 [debug] [ThreadPool]: Using postgres connection "list_data_processing_public_staging"
[0m23:11:28.747674 [debug] [ThreadPool]: Using postgres connection "list_data_processing_public_analytics"
[0m23:11:28.747866 [debug] [ThreadPool]: On list_data_processing_public_staging: BEGIN
[0m23:11:28.748002 [debug] [ThreadPool]: On list_data_processing_public_analytics: BEGIN
[0m23:11:28.748161 [debug] [ThreadPool]: Opening a new connection, currently in state closed
[0m23:11:28.748323 [debug] [ThreadPool]: Opening a new connection, currently in state closed
[0m23:11:28.751862 [debug] [ThreadPool]: SQL status: BEGIN in 0.004 seconds
[0m23:11:28.752010 [debug] [ThreadPool]: SQL status: BEGIN in 0.004 seconds
[0m23:11:28.752155 [debug] [ThreadPool]: Using postgres connection "list_data_processing_public_staging"
[0m23:11:28.752325 [debug] [ThreadPool]: Using postgres connection "list_data_processing_public_analytics"
[0m23:11:28.752513 [debug] [ThreadPool]: On list_data_processing_public_staging: /* {"app": "dbt", "dbt_version": "1.9.1", "profile_name": "data_processing", "target_name": "local", "connection_name": "list_data_processing_public_staging"} */
select
      'data_processing' as database,
      tablename as name,
      schemaname as schema,
      'table' as type
    from pg_tables
    where schemaname ilike 'public_staging'
    union all
    select
      'data_processing' as database,
      viewname as name,
      schemaname as schema,
      'view' as type
    from pg_views
    where schemaname ilike 'public_staging'
    union all
    select
      'data_processing' as database,
      matviewname as name,
      schemaname as schema,
      'materialized_view' as type
    from pg_matviews
    where schemaname ilike 'public_staging'
  
[0m23:11:28.752765 [debug] [ThreadPool]: On list_data_processing_public_analytics: /* {"app": "dbt", "dbt_version": "1.9.1", "profile_name": "data_processing", "target_name": "local", "connection_name": "list_data_processing_public_analytics"} */
select
      'data_processing' as database,
      tablename as name,
      schemaname as schema,
      'table' as type
    from pg_tables
    where schemaname ilike 'public_analytics'
    union all
    select
      'data_processing' as database,
      viewname as name,
      schemaname as schema,
      'view' as type
    from pg_views
    where schemaname ilike 'public_analytics'
    union all
    select
      'data_processing' as database,
      matviewname as name,
      schemaname as schema,
      'materialized_view' as type
    from pg_matviews
    where schemaname ilike 'public_analytics'
  
[0m23:11:28.754501 [debug] [ThreadPool]: SQL status: SELECT 0 in 0.002 seconds
[0m23:11:28.754622 [debug] [ThreadPool]: SQL status: SELECT 0 in 0.002 seconds
[0m23:11:28.755074 [debug] [ThreadPool]: On list_data_processing_public_staging: ROLLBACK
[0m23:11:28.755527 [debug] [ThreadPool]: On list_data_processing_public_analytics: ROLLBACK
[0m23:11:28.755776 [debug] [ThreadPool]: On list_data_processing_public_staging: Close
[0m23:11:28.755934 [debug] [ThreadPool]: On list_data_processing_public_analytics: Close
[0m23:11:28.758228 [debug] [MainThread]: Using postgres connection "master"
[0m23:11:28.758415 [debug] [MainThread]: On master: BEGIN
[0m23:11:28.758555 [debug] [MainThread]: Opening a new connection, currently in state init
[0m23:11:28.761502 [debug] [MainThread]: SQL status: BEGIN in 0.003 seconds
[0m23:11:28.761704 [debug] [MainThread]: Using postgres connection "master"
[0m23:11:28.761899 [debug] [MainThread]: On master: /* {"app": "dbt", "dbt_version": "1.9.1", "profile_name": "data_processing", "target_name": "local", "connection_name": "master"} */
select distinct
        dependent_namespace.nspname as dependent_schema,
        dependent_class.relname as dependent_name,
        referenced_namespace.nspname as referenced_schema,
        referenced_class.relname as referenced_name

    -- Query for views: views are entries in pg_class with an entry in pg_rewrite, but we avoid
    -- a seq scan on pg_rewrite by leveraging the fact there is an "internal" row in pg_depend for
    -- the view...
    from pg_class as dependent_class
    join pg_namespace as dependent_namespace on dependent_namespace.oid = dependent_class.relnamespace
    join pg_depend as dependent_depend on dependent_depend.refobjid = dependent_class.oid
        and dependent_depend.classid = 'pg_rewrite'::regclass
        and dependent_depend.refclassid = 'pg_class'::regclass
        and dependent_depend.deptype = 'i'

    -- ... and via pg_depend (that has a row per column, hence the need for "distinct" above, and
    -- making sure to exclude the internal row to avoid a view appearing to depend on itself)...
    join pg_depend as joining_depend on joining_depend.objid = dependent_depend.objid
        and joining_depend.classid = 'pg_rewrite'::regclass
        and joining_depend.refclassid = 'pg_class'::regclass
        and joining_depend.refobjid != dependent_depend.refobjid

    -- ... we can find the tables they query from in pg_class, but excluding system tables. Note we
    -- don't need need to exclude _dependent_ system tables, because they only query from other
    -- system tables, and so are automatically excluded by excluding _referenced_ system tables
    join pg_class as referenced_class on referenced_class.oid = joining_depend.refobjid
    join pg_namespace as referenced_namespace on referenced_namespace.oid = referenced_class.relnamespace
        and referenced_namespace.nspname != 'information_schema'
        and referenced_namespace.nspname not like 'pg\_%'

    order by
        dependent_schema, dependent_name, referenced_schema, referenced_name;
[0m23:11:28.763473 [debug] [MainThread]: SQL status: SELECT 0 in 0.001 seconds
[0m23:11:28.763987 [debug] [MainThread]: Sending event: {'category': 'dbt', 'action': 'runnable_timing', 'label': '420455cb-d73a-4a0a-aa8f-9f54b177ccb9', 'context': [<snowplow_tracker.self_describing_json.SelfDescribingJson object at 0xffff9c738dc0>]}
[0m23:11:28.764232 [debug] [MainThread]: On master: ROLLBACK
[0m23:11:28.764451 [debug] [MainThread]: Using postgres connection "master"
[0m23:11:28.764610 [debug] [MainThread]: On master: BEGIN
[0m23:11:28.764897 [debug] [MainThread]: SQL status: BEGIN in 0.000 seconds
[0m23:11:28.765030 [debug] [MainThread]: On master: COMMIT
[0m23:11:28.765181 [debug] [MainThread]: Using postgres connection "master"
[0m23:11:28.765333 [debug] [MainThread]: On master: COMMIT
[0m23:11:28.765507 [debug] [MainThread]: SQL status: COMMIT in 0.000 seconds
[0m23:11:28.765659 [debug] [MainThread]: On master: Close
[0m23:11:28.766663 [debug] [Thread-1 (]: Began running node model.data_processing_analytics.stg_impressions
[0m23:11:28.766958 [info ] [Thread-1 (]: 1 of 6 START sql view model public_staging.stg_impressions ..................... [RUN]
[0m23:11:28.767229 [debug] [Thread-1 (]: Re-using an available connection from the pool (formerly list_data_processing_public_analytics, now model.data_processing_analytics.stg_impressions)
[0m23:11:28.767443 [debug] [Thread-1 (]: Began compiling node model.data_processing_analytics.stg_impressions
[0m23:11:28.771174 [debug] [Thread-1 (]: Writing injected SQL for node "model.data_processing_analytics.stg_impressions"
[0m23:11:28.772347 [debug] [Thread-1 (]: Began executing node model.data_processing_analytics.stg_impressions
[0m23:11:28.787328 [debug] [Thread-1 (]: Writing runtime sql for node "model.data_processing_analytics.stg_impressions"
[0m23:11:28.788312 [debug] [Thread-1 (]: Using postgres connection "model.data_processing_analytics.stg_impressions"
[0m23:11:28.788476 [debug] [Thread-1 (]: On model.data_processing_analytics.stg_impressions: BEGIN
[0m23:11:28.788638 [debug] [Thread-1 (]: Opening a new connection, currently in state closed
[0m23:11:28.791639 [debug] [Thread-1 (]: SQL status: BEGIN in 0.003 seconds
[0m23:11:28.791815 [debug] [Thread-1 (]: Using postgres connection "model.data_processing_analytics.stg_impressions"
[0m23:11:28.791988 [debug] [Thread-1 (]: On model.data_processing_analytics.stg_impressions: /* {"app": "dbt", "dbt_version": "1.9.1", "profile_name": "data_processing", "target_name": "local", "node_id": "model.data_processing_analytics.stg_impressions"} */

  create view "data_processing"."public_staging"."stg_impressions__dbt_tmp"
    
    
  as (
    with source as (
    select * from "data_processing"."raw"."impressions"
),

cleaned as (
    select
        user_id,
        impression_id,
        page_type,
        date::date as event_date,
        hour,
        min as minute,
        second,
        event_type,
        make_timestamp(
            extract(year from date::date)::int,
            extract(month from date::date)::int,
            extract(day from date::date)::int,
            hour,
            min,
            second
        ) as event_timestamp
    from source
)

select * from cleaned
  );
[0m23:11:28.793432 [debug] [Thread-1 (]: SQL status: CREATE VIEW in 0.001 seconds
[0m23:11:28.796849 [debug] [Thread-1 (]: Using postgres connection "model.data_processing_analytics.stg_impressions"
[0m23:11:28.797042 [debug] [Thread-1 (]: On model.data_processing_analytics.stg_impressions: /* {"app": "dbt", "dbt_version": "1.9.1", "profile_name": "data_processing", "target_name": "local", "node_id": "model.data_processing_analytics.stg_impressions"} */
alter table "data_processing"."public_staging"."stg_impressions__dbt_tmp" rename to "stg_impressions"
[0m23:11:28.797377 [debug] [Thread-1 (]: SQL status: ALTER TABLE in 0.000 seconds
[0m23:11:28.803638 [debug] [Thread-1 (]: On model.data_processing_analytics.stg_impressions: COMMIT
[0m23:11:28.803855 [debug] [Thread-1 (]: Using postgres connection "model.data_processing_analytics.stg_impressions"
[0m23:11:28.804026 [debug] [Thread-1 (]: On model.data_processing_analytics.stg_impressions: COMMIT
[0m23:11:28.804676 [debug] [Thread-1 (]: SQL status: COMMIT in 0.000 seconds
[0m23:11:28.807264 [debug] [Thread-1 (]: Applying DROP to: "data_processing"."public_staging"."stg_impressions__dbt_backup"
[0m23:11:28.808973 [debug] [Thread-1 (]: Using postgres connection "model.data_processing_analytics.stg_impressions"
[0m23:11:28.809149 [debug] [Thread-1 (]: On model.data_processing_analytics.stg_impressions: /* {"app": "dbt", "dbt_version": "1.9.1", "profile_name": "data_processing", "target_name": "local", "node_id": "model.data_processing_analytics.stg_impressions"} */
drop view if exists "data_processing"."public_staging"."stg_impressions__dbt_backup" cascade
[0m23:11:28.809403 [debug] [Thread-1 (]: SQL status: DROP VIEW in 0.000 seconds
[0m23:11:28.810487 [debug] [Thread-1 (]: On model.data_processing_analytics.stg_impressions: Close
[0m23:11:28.811309 [debug] [Thread-1 (]: Sending event: {'category': 'dbt', 'action': 'run_model', 'label': '420455cb-d73a-4a0a-aa8f-9f54b177ccb9', 'context': [<snowplow_tracker.self_describing_json.SelfDescribingJson object at 0xffff9b237130>]}
[0m23:11:28.811655 [info ] [Thread-1 (]: 1 of 6 OK created sql view model public_staging.stg_impressions ................ [[32mCREATE VIEW[0m in 0.04s]
[0m23:11:28.811939 [debug] [Thread-1 (]: Finished running node model.data_processing_analytics.stg_impressions
[0m23:11:28.812390 [debug] [Thread-3 (]: Began running node model.data_processing_analytics.funnel_analysis
[0m23:11:28.812559 [debug] [Thread-4 (]: Began running node model.data_processing_analytics.int_impressions_aggregated
[0m23:11:28.812812 [info ] [Thread-3 (]: 2 of 6 START sql table model public_analytics.funnel_analysis .................. [RUN]
[0m23:11:28.813110 [info ] [Thread-4 (]: 3 of 6 START sql table model public_analytics.int_impressions_aggregated ....... [RUN]
[0m23:11:28.813386 [debug] [Thread-3 (]: Acquiring new postgres connection 'model.data_processing_analytics.funnel_analysis'
[0m23:11:28.813646 [debug] [Thread-4 (]: Acquiring new postgres connection 'model.data_processing_analytics.int_impressions_aggregated'
[0m23:11:28.813831 [debug] [Thread-3 (]: Began compiling node model.data_processing_analytics.funnel_analysis
[0m23:11:28.814011 [debug] [Thread-4 (]: Began compiling node model.data_processing_analytics.int_impressions_aggregated
[0m23:11:28.815366 [debug] [Thread-3 (]: Writing injected SQL for node "model.data_processing_analytics.funnel_analysis"
[0m23:11:28.816691 [debug] [Thread-4 (]: Writing injected SQL for node "model.data_processing_analytics.int_impressions_aggregated"
[0m23:11:28.817579 [debug] [Thread-3 (]: Began executing node model.data_processing_analytics.funnel_analysis
[0m23:11:28.827179 [debug] [Thread-3 (]: Writing runtime sql for node "model.data_processing_analytics.funnel_analysis"
[0m23:11:28.827332 [debug] [Thread-4 (]: Began executing node model.data_processing_analytics.int_impressions_aggregated
[0m23:11:28.829296 [debug] [Thread-4 (]: Writing runtime sql for node "model.data_processing_analytics.int_impressions_aggregated"
[0m23:11:28.830111 [debug] [Thread-3 (]: Using postgres connection "model.data_processing_analytics.funnel_analysis"
[0m23:11:28.830385 [debug] [Thread-3 (]: On model.data_processing_analytics.funnel_analysis: BEGIN
[0m23:11:28.830259 [debug] [Thread-4 (]: Using postgres connection "model.data_processing_analytics.int_impressions_aggregated"
[0m23:11:28.830720 [debug] [Thread-4 (]: On model.data_processing_analytics.int_impressions_aggregated: BEGIN
[0m23:11:28.830554 [debug] [Thread-3 (]: Opening a new connection, currently in state init
[0m23:11:28.830866 [debug] [Thread-4 (]: Opening a new connection, currently in state init
[0m23:11:28.835265 [debug] [Thread-3 (]: SQL status: BEGIN in 0.005 seconds
[0m23:11:28.835451 [debug] [Thread-3 (]: Using postgres connection "model.data_processing_analytics.funnel_analysis"
[0m23:11:28.835713 [debug] [Thread-3 (]: On model.data_processing_analytics.funnel_analysis: /* {"app": "dbt", "dbt_version": "1.9.1", "profile_name": "data_processing", "target_name": "local", "node_id": "model.data_processing_analytics.funnel_analysis"} */

  
    

  create  table "data_processing"."public_analytics"."funnel_analysis__dbt_tmp"
  
  
    as
  
  (
    /*
    Funnel conversion analysis by page type.
    Shows how many impressions reach each event stage and conversion rates.

    Expected patterns based on data generation:
      - Page 1: ~10% reach d, 0% reach e or f
      - Page 2: ~30% reach d, ~10% reach e, 0% reach f
      - Page 3: ~50% reach d, ~20% reach e, ~10% reach f
*/
with impressions as (
    select * from "data_processing"."public_staging"."stg_impressions"
),

total_impressions as (
    select
        page_type,
        count(distinct impression_id) as total_impressions
    from impressions
    group by page_type
),

event_counts as (
    select
        page_type,
        event_type,
        count(distinct impression_id) as impressions_at_stage
    from impressions
    group by page_type, event_type
),

funnel as (
    select
        ec.page_type,
        ec.event_type,
        ec.impressions_at_stage,
        ti.total_impressions,
        round(
            (ec.impressions_at_stage::numeric / ti.total_impressions) * 100, 2
        ) as pct_of_total,
        round(
            (ec.impressions_at_stage::numeric / lag(ec.impressions_at_stage) over (
                partition by ec.page_type order by ec.event_type
            )) * 100, 2
        ) as pct_from_previous_stage
    from event_counts ec
    join total_impressions ti on ec.page_type = ti.page_type
)

select * from funnel
order by page_type, event_type
  );
  
[0m23:11:28.835878 [debug] [Thread-4 (]: SQL status: BEGIN in 0.005 seconds
[0m23:11:28.836101 [debug] [Thread-4 (]: Using postgres connection "model.data_processing_analytics.int_impressions_aggregated"
[0m23:11:28.836306 [debug] [Thread-4 (]: On model.data_processing_analytics.int_impressions_aggregated: /* {"app": "dbt", "dbt_version": "1.9.1", "profile_name": "data_processing", "target_name": "local", "node_id": "model.data_processing_analytics.int_impressions_aggregated"} */

  
    

  create  table "data_processing"."public_analytics"."int_impressions_aggregated__dbt_tmp"
  
  
    as
  
  (
    /*
    Aggregates impression events by user, impression, and page type.
    Mirrors the spark aggregation job in spark_applications/aggregation.py.
*/
with impressions as (
    select * from "data_processing"."public_staging"."stg_impressions"
),

aggregated as (
    select
        user_id,
        impression_id,
        page_type,
        event_date,
        hour,
        count(*) as event_count,
        count(distinct event_type) as distinct_events,
        min(second) as first_event_second,
        max(second) as last_event_second,
        min(event_timestamp) as first_event_at,
        max(event_timestamp) as last_event_at,
        max(event_type) as max_event_reached
    from impressions
    group by user_id, impression_id, page_type, event_date, hour
)

select * from aggregated
  );
  
[0m23:11:28.838097 [debug] [Thread-3 (]: SQL status: SELECT 0 in 0.002 seconds
[0m23:11:28.840970 [debug] [Thread-3 (]: Using postgres connection "model.data_processing_analytics.funnel_analysis"
[0m23:11:28.841123 [debug] [Thread-4 (]: SQL status: SELECT 0 in 0.005 seconds
[0m23:11:28.841367 [debug] [Thread-3 (]: On model.data_processing_analytics.funnel_analysis: /* {"app": "dbt", "dbt_version": "1.9.1", "profile_name": "data_processing", "target_name": "local", "node_id": "model.data_processing_analytics.funnel_analysis"} */
alter table "data_processing"."public_analytics"."funnel_analysis__dbt_tmp" rename to "funnel_analysis"
[0m23:11:28.842843 [debug] [Thread-4 (]: Using postgres connection "model.data_processing_analytics.int_impressions_aggregated"
[0m23:11:28.843105 [debug] [Thread-4 (]: On model.data_processing_analytics.int_impressions_aggregated: /* {"app": "dbt", "dbt_version": "1.9.1", "profile_name": "data_processing", "target_name": "local", "node_id": "model.data_processing_analytics.int_impressions_aggregated"} */
alter table "data_processing"."public_analytics"."int_impressions_aggregated__dbt_tmp" rename to "int_impressions_aggregated"
[0m23:11:28.843240 [debug] [Thread-3 (]: SQL status: ALTER TABLE in 0.000 seconds
[0m23:11:28.843884 [debug] [Thread-3 (]: On model.data_processing_analytics.funnel_analysis: COMMIT
[0m23:11:28.844002 [debug] [Thread-4 (]: SQL status: ALTER TABLE in 0.001 seconds
[0m23:11:28.844158 [debug] [Thread-3 (]: Using postgres connection "model.data_processing_analytics.funnel_analysis"
[0m23:11:28.844852 [debug] [Thread-3 (]: On model.data_processing_analytics.funnel_analysis: COMMIT
[0m23:11:28.844695 [debug] [Thread-4 (]: On model.data_processing_analytics.int_impressions_aggregated: COMMIT
[0m23:11:28.845061 [debug] [Thread-4 (]: Using postgres connection "model.data_processing_analytics.int_impressions_aggregated"
[0m23:11:28.845226 [debug] [Thread-4 (]: On model.data_processing_analytics.int_impressions_aggregated: COMMIT
[0m23:11:28.845362 [debug] [Thread-3 (]: SQL status: COMMIT in 0.000 seconds
[0m23:11:28.846421 [debug] [Thread-3 (]: Applying DROP to: "data_processing"."public_analytics"."funnel_analysis__dbt_backup"
[0m23:11:28.846554 [debug] [Thread-4 (]: SQL status: COMMIT in 0.001 seconds
[0m23:11:28.847511 [debug] [Thread-3 (]: Using postgres connection "model.data_processing_analytics.funnel_analysis"
[0m23:11:28.848685 [debug] [Thread-3 (]: On model.data_processing_analytics.funnel_analysis: /* {"app": "dbt", "dbt_version": "1.9.1", "profile_name": "data_processing", "target_name": "local", "node_id": "model.data_processing_analytics.funnel_analysis"} */
drop table if exists "data_processing"."public_analytics"."funnel_analysis__dbt_backup" cascade
[0m23:11:28.848502 [debug] [Thread-4 (]: Applying DROP to: "data_processing"."public_analytics"."int_impressions_aggregated__dbt_backup"
[0m23:11:28.849027 [debug] [Thread-4 (]: Using postgres connection "model.data_processing_analytics.int_impressions_aggregated"
[0m23:11:28.849161 [debug] [Thread-3 (]: SQL status: DROP TABLE in 0.000 seconds
[0m23:11:28.849294 [debug] [Thread-4 (]: On model.data_processing_analytics.int_impressions_aggregated: /* {"app": "dbt", "dbt_version": "1.9.1", "profile_name": "data_processing", "target_name": "local", "node_id": "model.data_processing_analytics.int_impressions_aggregated"} */
drop table if exists "data_processing"."public_analytics"."int_impressions_aggregated__dbt_backup" cascade
[0m23:11:28.849832 [debug] [Thread-3 (]: On model.data_processing_analytics.funnel_analysis: Close
[0m23:11:28.850367 [debug] [Thread-3 (]: Sending event: {'category': 'dbt', 'action': 'run_model', 'label': '420455cb-d73a-4a0a-aa8f-9f54b177ccb9', 'context': [<snowplow_tracker.self_describing_json.SelfDescribingJson object at 0xffff988659f0>]}
[0m23:11:28.850099 [debug] [Thread-4 (]: SQL status: DROP TABLE in 0.000 seconds
[0m23:11:28.851310 [debug] [Thread-4 (]: On model.data_processing_analytics.int_impressions_aggregated: Close
[0m23:11:28.850710 [info ] [Thread-3 (]: 2 of 6 OK created sql table model public_analytics.funnel_analysis ............. [[32mSELECT 0[0m in 0.04s]
[0m23:11:28.851820 [debug] [Thread-3 (]: Finished running node model.data_processing_analytics.funnel_analysis
[0m23:11:28.851583 [debug] [Thread-4 (]: Sending event: {'category': 'dbt', 'action': 'run_model', 'label': '420455cb-d73a-4a0a-aa8f-9f54b177ccb9', 'context': [<snowplow_tracker.self_describing_json.SelfDescribingJson object at 0xffff9884e830>]}
[0m23:11:28.852210 [info ] [Thread-4 (]: 3 of 6 OK created sql table model public_analytics.int_impressions_aggregated .. [[32mSELECT 0[0m in 0.04s]
[0m23:11:28.852552 [debug] [Thread-4 (]: Finished running node model.data_processing_analytics.int_impressions_aggregated
[0m23:11:28.852954 [debug] [Thread-1 (]: Began running node model.data_processing_analytics.hourly_traffic
[0m23:11:28.853098 [debug] [Thread-2 (]: Began running node model.data_processing_analytics.page_type_summary
[0m23:11:28.853249 [debug] [Thread-3 (]: Began running node model.data_processing_analytics.user_engagement
[0m23:11:28.853490 [info ] [Thread-1 (]: 4 of 6 START sql table model public_analytics.hourly_traffic ................... [RUN]
[0m23:11:28.853835 [info ] [Thread-2 (]: 5 of 6 START sql table model public_analytics.page_type_summary ................ [RUN]
[0m23:11:28.854122 [info ] [Thread-3 (]: 6 of 6 START sql table model public_analytics.user_engagement .................. [RUN]
[0m23:11:28.854394 [debug] [Thread-1 (]: Re-using an available connection from the pool (formerly model.data_processing_analytics.stg_impressions, now model.data_processing_analytics.hourly_traffic)
[0m23:11:28.854630 [debug] [Thread-2 (]: Re-using an available connection from the pool (formerly list_data_processing_public_staging, now model.data_processing_analytics.page_type_summary)
[0m23:11:28.854831 [debug] [Thread-3 (]: Re-using an available connection from the pool (formerly model.data_processing_analytics.funnel_analysis, now model.data_processing_analytics.user_engagement)
[0m23:11:28.855038 [debug] [Thread-1 (]: Began compiling node model.data_processing_analytics.hourly_traffic
[0m23:11:28.855232 [debug] [Thread-2 (]: Began compiling node model.data_processing_analytics.page_type_summary
[0m23:11:28.855405 [debug] [Thread-3 (]: Began compiling node model.data_processing_analytics.user_engagement
[0m23:11:28.856717 [debug] [Thread-1 (]: Writing injected SQL for node "model.data_processing_analytics.hourly_traffic"
[0m23:11:28.858005 [debug] [Thread-2 (]: Writing injected SQL for node "model.data_processing_analytics.page_type_summary"
[0m23:11:28.859783 [debug] [Thread-3 (]: Writing injected SQL for node "model.data_processing_analytics.user_engagement"
[0m23:11:28.860570 [debug] [Thread-2 (]: Began executing node model.data_processing_analytics.page_type_summary
[0m23:11:28.862072 [debug] [Thread-2 (]: Writing runtime sql for node "model.data_processing_analytics.page_type_summary"
[0m23:11:28.862231 [debug] [Thread-1 (]: Began executing node model.data_processing_analytics.hourly_traffic
[0m23:11:28.862405 [debug] [Thread-3 (]: Began executing node model.data_processing_analytics.user_engagement
[0m23:11:28.863957 [debug] [Thread-1 (]: Writing runtime sql for node "model.data_processing_analytics.hourly_traffic"
[0m23:11:28.865400 [debug] [Thread-3 (]: Writing runtime sql for node "model.data_processing_analytics.user_engagement"
[0m23:11:28.865622 [debug] [Thread-2 (]: Using postgres connection "model.data_processing_analytics.page_type_summary"
[0m23:11:28.866259 [debug] [Thread-2 (]: On model.data_processing_analytics.page_type_summary: BEGIN
[0m23:11:28.866036 [debug] [Thread-1 (]: Using postgres connection "model.data_processing_analytics.hourly_traffic"
[0m23:11:28.866747 [debug] [Thread-1 (]: On model.data_processing_analytics.hourly_traffic: BEGIN
[0m23:11:28.866580 [debug] [Thread-3 (]: Using postgres connection "model.data_processing_analytics.user_engagement"
[0m23:11:28.866430 [debug] [Thread-2 (]: Opening a new connection, currently in state closed
[0m23:11:28.866890 [debug] [Thread-1 (]: Opening a new connection, currently in state closed
[0m23:11:28.867050 [debug] [Thread-3 (]: On model.data_processing_analytics.user_engagement: BEGIN
[0m23:11:28.867562 [debug] [Thread-3 (]: Opening a new connection, currently in state closed
[0m23:11:28.871263 [debug] [Thread-2 (]: SQL status: BEGIN in 0.005 seconds
[0m23:11:28.871413 [debug] [Thread-1 (]: SQL status: BEGIN in 0.005 seconds
[0m23:11:28.871610 [debug] [Thread-2 (]: Using postgres connection "model.data_processing_analytics.page_type_summary"
[0m23:11:28.871765 [debug] [Thread-3 (]: SQL status: BEGIN in 0.004 seconds
[0m23:11:28.871982 [debug] [Thread-1 (]: Using postgres connection "model.data_processing_analytics.hourly_traffic"
[0m23:11:28.872272 [debug] [Thread-2 (]: On model.data_processing_analytics.page_type_summary: /* {"app": "dbt", "dbt_version": "1.9.1", "profile_name": "data_processing", "target_name": "local", "node_id": "model.data_processing_analytics.page_type_summary"} */

  
    

  create  table "data_processing"."public_analytics"."page_type_summary__dbt_tmp"
  
  
    as
  
  (
    /*
    High-level summary statistics per page type.
    Provides an overview of impression volume, user engagement, and funnel depth.
*/
with aggregated as (
    select * from "data_processing"."public_analytics"."int_impressions_aggregated"
),

summary as (
    select
        page_type,
        count(distinct impression_id) as total_impressions,
        count(distinct user_id) as unique_users,
        round(avg(distinct_events), 2) as avg_funnel_depth,
        max(distinct_events) as max_funnel_depth,
        round(avg(last_event_second - first_event_second), 2) as avg_duration_seconds,
        sum(case when max_event_reached >= 'd' then 1 else 0 end) as impressions_reaching_d,
        sum(case when max_event_reached >= 'e' then 1 else 0 end) as impressions_reaching_e,
        sum(case when max_event_reached >= 'f' then 1 else 0 end) as impressions_reaching_f,
        round(
            sum(case when max_event_reached >= 'd' then 1 else 0 end)::numeric
            / count(distinct impression_id) * 100, 2
        ) as pct_reaching_d,
        round(
            sum(case when max_event_reached >= 'e' then 1 else 0 end)::numeric
            / count(distinct impression_id) * 100, 2
        ) as pct_reaching_e,
        round(
            sum(case when max_event_reached >= 'f' then 1 else 0 end)::numeric
            / count(distinct impression_id) * 100, 2
        ) as pct_reaching_f
    from aggregated
    group by page_type
)

select * from summary
order by page_type
  );
  
[0m23:11:28.872497 [debug] [Thread-3 (]: Using postgres connection "model.data_processing_analytics.user_engagement"
[0m23:11:28.873105 [debug] [Thread-3 (]: On model.data_processing_analytics.user_engagement: /* {"app": "dbt", "dbt_version": "1.9.1", "profile_name": "data_processing", "target_name": "local", "node_id": "model.data_processing_analytics.user_engagement"} */

  
    

  create  table "data_processing"."public_analytics"."user_engagement__dbt_tmp"
  
  
    as
  
  (
    /*
    User-level engagement metrics across all page types.
    Identifies user activity patterns and most-engaged page type.
*/
with aggregated as (
    select * from "data_processing"."public_analytics"."int_impressions_aggregated"
),

user_metrics as (
    select
        user_id,
        count(distinct impression_id) as total_impressions,
        count(distinct page_type) as page_types_visited,
        round(avg(distinct_events), 2) as avg_funnel_depth,
        max(distinct_events) as max_funnel_depth,
        sum(event_count) as total_events,
        min(first_event_at) as first_seen,
        max(last_event_at) as last_seen
    from aggregated
    group by user_id
),

most_engaged_page as (
    select distinct on (user_id)
        user_id,
        page_type as most_engaged_page_type,
        count(*) as impressions_on_page
    from aggregated
    group by user_id, page_type
    order by user_id, count(*) desc
)

select
    um.*,
    mep.most_engaged_page_type,
    mep.impressions_on_page as impressions_on_top_page
from user_metrics um
join most_engaged_page mep on um.user_id = mep.user_id
order by um.total_impressions desc
  );
  
[0m23:11:28.872755 [debug] [Thread-1 (]: On model.data_processing_analytics.hourly_traffic: /* {"app": "dbt", "dbt_version": "1.9.1", "profile_name": "data_processing", "target_name": "local", "node_id": "model.data_processing_analytics.hourly_traffic"} */

  
    

  create  table "data_processing"."public_analytics"."hourly_traffic__dbt_tmp"
  
  
    as
  
  (
    /*
    Hourly traffic patterns by page type.
    Shows impression volume and engagement over time.
*/
with aggregated as (
    select * from "data_processing"."public_analytics"."int_impressions_aggregated"
),

hourly as (
    select
        event_date,
        hour,
        page_type,
        count(distinct impression_id) as total_impressions,
        count(distinct user_id) as unique_users,
        round(avg(distinct_events), 2) as avg_funnel_depth,
        sum(case when max_event_reached >= 'd' then 1 else 0 end) as impressions_reaching_d,
        round(
            sum(case when max_event_reached >= 'd' then 1 else 0 end)::numeric
            / nullif(count(distinct impression_id), 0) * 100, 2
        ) as pct_reaching_d
    from aggregated
    group by event_date, hour, page_type
)

select * from hourly
order by event_date, hour, page_type
  );
  
[0m23:11:28.875102 [debug] [Thread-2 (]: SQL status: SELECT 0 in 0.002 seconds
[0m23:11:28.875265 [debug] [Thread-1 (]: SQL status: SELECT 0 in 0.002 seconds
[0m23:11:28.875386 [debug] [Thread-3 (]: SQL status: SELECT 0 in 0.002 seconds
[0m23:11:28.876957 [debug] [Thread-2 (]: Using postgres connection "model.data_processing_analytics.page_type_summary"
[0m23:11:28.878285 [debug] [Thread-1 (]: Using postgres connection "model.data_processing_analytics.hourly_traffic"
[0m23:11:28.880303 [debug] [Thread-1 (]: On model.data_processing_analytics.hourly_traffic: /* {"app": "dbt", "dbt_version": "1.9.1", "profile_name": "data_processing", "target_name": "local", "node_id": "model.data_processing_analytics.hourly_traffic"} */
alter table "data_processing"."public_analytics"."hourly_traffic__dbt_tmp" rename to "hourly_traffic"
[0m23:11:28.880112 [debug] [Thread-2 (]: On model.data_processing_analytics.page_type_summary: /* {"app": "dbt", "dbt_version": "1.9.1", "profile_name": "data_processing", "target_name": "local", "node_id": "model.data_processing_analytics.page_type_summary"} */
alter table "data_processing"."public_analytics"."page_type_summary__dbt_tmp" rename to "page_type_summary"
[0m23:11:28.879891 [debug] [Thread-3 (]: Using postgres connection "model.data_processing_analytics.user_engagement"
[0m23:11:28.880897 [debug] [Thread-3 (]: On model.data_processing_analytics.user_engagement: /* {"app": "dbt", "dbt_version": "1.9.1", "profile_name": "data_processing", "target_name": "local", "node_id": "model.data_processing_analytics.user_engagement"} */
alter table "data_processing"."public_analytics"."user_engagement__dbt_tmp" rename to "user_engagement"
[0m23:11:28.880714 [debug] [Thread-2 (]: SQL status: ALTER TABLE in 0.000 seconds
[0m23:11:28.880587 [debug] [Thread-1 (]: SQL status: ALTER TABLE in 0.000 seconds
[0m23:11:28.882222 [debug] [Thread-1 (]: On model.data_processing_analytics.hourly_traffic: COMMIT
[0m23:11:28.881665 [debug] [Thread-2 (]: On model.data_processing_analytics.page_type_summary: COMMIT
[0m23:11:28.881153 [debug] [Thread-3 (]: SQL status: ALTER TABLE in 0.000 seconds
[0m23:11:28.883098 [debug] [Thread-3 (]: On model.data_processing_analytics.user_engagement: COMMIT
[0m23:11:28.882594 [debug] [Thread-2 (]: Using postgres connection "model.data_processing_analytics.page_type_summary"
[0m23:11:28.882396 [debug] [Thread-1 (]: Using postgres connection "model.data_processing_analytics.hourly_traffic"
[0m23:11:28.883601 [debug] [Thread-1 (]: On model.data_processing_analytics.hourly_traffic: COMMIT
[0m23:11:28.883434 [debug] [Thread-2 (]: On model.data_processing_analytics.page_type_summary: COMMIT
[0m23:11:28.883255 [debug] [Thread-3 (]: Using postgres connection "model.data_processing_analytics.user_engagement"
[0m23:11:28.883896 [debug] [Thread-3 (]: On model.data_processing_analytics.user_engagement: COMMIT
[0m23:11:28.884183 [debug] [Thread-1 (]: SQL status: COMMIT in 0.000 seconds
[0m23:11:28.884305 [debug] [Thread-2 (]: SQL status: COMMIT in 0.000 seconds
[0m23:11:28.884426 [debug] [Thread-3 (]: SQL status: COMMIT in 0.000 seconds
[0m23:11:28.887468 [debug] [Thread-3 (]: Applying DROP to: "data_processing"."public_analytics"."user_engagement__dbt_backup"
[0m23:11:28.886515 [debug] [Thread-2 (]: Applying DROP to: "data_processing"."public_analytics"."page_type_summary__dbt_backup"
[0m23:11:28.885465 [debug] [Thread-1 (]: Applying DROP to: "data_processing"."public_analytics"."hourly_traffic__dbt_backup"
[0m23:11:28.888343 [debug] [Thread-1 (]: Using postgres connection "model.data_processing_analytics.hourly_traffic"
[0m23:11:28.888086 [debug] [Thread-2 (]: Using postgres connection "model.data_processing_analytics.page_type_summary"
[0m23:11:28.887793 [debug] [Thread-3 (]: Using postgres connection "model.data_processing_analytics.user_engagement"
[0m23:11:28.888902 [debug] [Thread-3 (]: On model.data_processing_analytics.user_engagement: /* {"app": "dbt", "dbt_version": "1.9.1", "profile_name": "data_processing", "target_name": "local", "node_id": "model.data_processing_analytics.user_engagement"} */
drop table if exists "data_processing"."public_analytics"."user_engagement__dbt_backup" cascade
[0m23:11:28.888711 [debug] [Thread-2 (]: On model.data_processing_analytics.page_type_summary: /* {"app": "dbt", "dbt_version": "1.9.1", "profile_name": "data_processing", "target_name": "local", "node_id": "model.data_processing_analytics.page_type_summary"} */
drop table if exists "data_processing"."public_analytics"."page_type_summary__dbt_backup" cascade
[0m23:11:28.888495 [debug] [Thread-1 (]: On model.data_processing_analytics.hourly_traffic: /* {"app": "dbt", "dbt_version": "1.9.1", "profile_name": "data_processing", "target_name": "local", "node_id": "model.data_processing_analytics.hourly_traffic"} */
drop table if exists "data_processing"."public_analytics"."hourly_traffic__dbt_backup" cascade
[0m23:11:28.889172 [debug] [Thread-3 (]: SQL status: DROP TABLE in 0.000 seconds
[0m23:11:28.889314 [debug] [Thread-2 (]: SQL status: DROP TABLE in 0.000 seconds
[0m23:11:28.889494 [debug] [Thread-1 (]: SQL status: DROP TABLE in 0.000 seconds
[0m23:11:28.890977 [debug] [Thread-1 (]: On model.data_processing_analytics.hourly_traffic: Close
[0m23:11:28.890492 [debug] [Thread-2 (]: On model.data_processing_analytics.page_type_summary: Close
[0m23:11:28.889979 [debug] [Thread-3 (]: On model.data_processing_analytics.user_engagement: Close
[0m23:11:28.891860 [debug] [Thread-3 (]: Sending event: {'category': 'dbt', 'action': 'run_model', 'label': '420455cb-d73a-4a0a-aa8f-9f54b177ccb9', 'context': [<snowplow_tracker.self_describing_json.SelfDescribingJson object at 0xffff9b25eaa0>]}
[0m23:11:28.891570 [debug] [Thread-2 (]: Sending event: {'category': 'dbt', 'action': 'run_model', 'label': '420455cb-d73a-4a0a-aa8f-9f54b177ccb9', 'context': [<snowplow_tracker.self_describing_json.SelfDescribingJson object at 0xffff988aff40>]}
[0m23:11:28.891279 [debug] [Thread-1 (]: Sending event: {'category': 'dbt', 'action': 'run_model', 'label': '420455cb-d73a-4a0a-aa8f-9f54b177ccb9', 'context': [<snowplow_tracker.self_describing_json.SelfDescribingJson object at 0xffff9b31d3f0>]}
[0m23:11:28.892952 [info ] [Thread-1 (]: 4 of 6 OK created sql table model public_analytics.hourly_traffic .............. [[32mSELECT 0[0m in 0.04s]
[0m23:11:28.892597 [info ] [Thread-2 (]: 5 of 6 OK created sql table model public_analytics.page_type_summary ........... [[32mSELECT 0[0m in 0.04s]
[0m23:11:28.892219 [info ] [Thread-3 (]: 6 of 6 OK created sql table model public_analytics.user_engagement ............. [[32mSELECT 0[0m in 0.04s]
[0m23:11:28.893757 [debug] [Thread-3 (]: Finished running node model.data_processing_analytics.user_engagement
[0m23:11:28.893511 [debug] [Thread-2 (]: Finished running node model.data_processing_analytics.page_type_summary
[0m23:11:28.893251 [debug] [Thread-1 (]: Finished running node model.data_processing_analytics.hourly_traffic
[0m23:11:28.894612 [debug] [MainThread]: Using postgres connection "master"
[0m23:11:28.894782 [debug] [MainThread]: On master: BEGIN
[0m23:11:28.894918 [debug] [MainThread]: Opening a new connection, currently in state closed
[0m23:11:28.898150 [debug] [MainThread]: SQL status: BEGIN in 0.003 seconds
[0m23:11:28.898317 [debug] [MainThread]: On master: COMMIT
[0m23:11:28.898453 [debug] [MainThread]: Using postgres connection "master"
[0m23:11:28.898598 [debug] [MainThread]: On master: COMMIT
[0m23:11:28.898791 [debug] [MainThread]: SQL status: COMMIT in 0.000 seconds
[0m23:11:28.898930 [debug] [MainThread]: On master: Close
[0m23:11:28.899115 [debug] [MainThread]: Connection 'master' was properly closed.
[0m23:11:28.899278 [debug] [MainThread]: Connection 'model.data_processing_analytics.hourly_traffic' was properly closed.
[0m23:11:28.899450 [debug] [MainThread]: Connection 'model.data_processing_analytics.page_type_summary' was properly closed.
[0m23:11:28.899586 [debug] [MainThread]: Connection 'model.data_processing_analytics.user_engagement' was properly closed.
[0m23:11:28.899704 [debug] [MainThread]: Connection 'model.data_processing_analytics.int_impressions_aggregated' was properly closed.
[0m23:11:28.899898 [info ] [MainThread]: 
[0m23:11:28.900092 [info ] [MainThread]: Finished running 5 table models, 1 view model in 0 hours 0 minutes and 0.22 seconds (0.22s).
[0m23:11:28.900731 [debug] [MainThread]: Command end result
[0m23:11:28.915605 [debug] [MainThread]: Wrote artifact WritableManifest to /dbt/target/manifest.json
[0m23:11:28.916663 [debug] [MainThread]: Wrote artifact SemanticManifest to /dbt/target/semantic_manifest.json
[0m23:11:28.919944 [debug] [MainThread]: Wrote artifact RunExecutionResult to /dbt/target/run_results.json
[0m23:11:28.920091 [info ] [MainThread]: 
[0m23:11:28.920308 [info ] [MainThread]: [32mCompleted successfully[0m
[0m23:11:28.920541 [info ] [MainThread]: 
[0m23:11:28.920750 [info ] [MainThread]: Done. PASS=6 WARN=0 ERROR=0 SKIP=0 TOTAL=6
[0m23:11:28.921219 [debug] [MainThread]: Resource report: {"command_name": "run", "command_success": true, "command_wall_clock_time": 0.5213458, "process_in_blocks": "0", "process_kernel_time": 0.055823, "process_mem_max_rss": "121384", "process_out_blocks": "2080", "process_user_time": 0.955983}
[0m23:11:28.921439 [debug] [MainThread]: Command `dbt run` succeeded at 23:11:28.921393 after 0.52 seconds
[0m23:11:28.921625 [debug] [MainThread]: Sending event: {'category': 'dbt', 'action': 'invocation', 'label': 'end', 'context': [<snowplow_tracker.self_describing_json.SelfDescribingJson object at 0xffff9e92b100>, <snowplow_tracker.self_describing_json.SelfDescribingJson object at 0xffff9f569960>, <snowplow_tracker.self_describing_json.SelfDescribingJson object at 0xffff9da197e0>]}
[0m23:11:28.921808 [debug] [MainThread]: Flushing usage events
[0m23:11:29.144907 [debug] [MainThread]: An error was encountered while trying to flush usage events
[0m23:11:29.869554 [debug] [MainThread]: Sending event: {'category': 'dbt', 'action': 'invocation', 'label': 'start', 'context': [<snowplow_tracker.self_describing_json.SelfDescribingJson object at 0xffffb3193100>, <snowplow_tracker.self_describing_json.SelfDescribingJson object at 0xffffb232a6e0>, <snowplow_tracker.self_describing_json.SelfDescribingJson object at 0xffffb23289d0>]}


============================== 23:11:29.870852 | 340ee9bb-8f17-4011-9690-ffe6998ceb4c ==============================
[0m23:11:29.870852 [info ] [MainThread]: Running with dbt=1.9.1
[0m23:11:29.871214 [debug] [MainThread]: running dbt with arguments {'printer_width': '80', 'indirect_selection': 'eager', 'log_cache_events': 'False', 'write_json': 'True', 'partial_parse': 'True', 'cache_selected_only': 'False', 'warn_error': 'None', 'version_check': 'True', 'debug': 'False', 'log_path': '/dbt/logs', 'fail_fast': 'False', 'profiles_dir': '/dbt', 'use_colors': 'True', 'use_experimental_parser': 'False', 'no_print': 'None', 'quiet': 'False', 'empty': 'None', 'warn_error_options': 'WarnErrorOptions(include=[], exclude=[])', 'static_parser': 'True', 'introspect': 'True', 'log_format': 'default', 'target_path': 'None', 'invocation_command': 'dbt test', 'send_anonymous_usage_stats': 'True'}
[0m23:11:29.935370 [debug] [MainThread]: Sending event: {'category': 'dbt', 'action': 'project_id', 'label': '340ee9bb-8f17-4011-9690-ffe6998ceb4c', 'context': [<snowplow_tracker.self_describing_json.SelfDescribingJson object at 0xffffb4f76230>]}
[0m23:11:29.958635 [debug] [MainThread]: Sending event: {'category': 'dbt', 'action': 'adapter_info', 'label': '340ee9bb-8f17-4011-9690-ffe6998ceb4c', 'context': [<snowplow_tracker.self_describing_json.SelfDescribingJson object at 0xffffb30fabf0>]}
[0m23:11:29.959006 [info ] [MainThread]: Registered adapter: postgres=1.9.1
[0m23:11:29.987592 [debug] [MainThread]: checksum: 5e8d1596cf4eae33c11286bbb248a722d21b9f00d8a7ced8137c642517055418, vars: {}, profile: , target: , version: 1.9.1
[0m23:11:30.049129 [debug] [MainThread]: Partial parsing enabled: 0 files deleted, 0 files added, 0 files changed.
[0m23:11:30.049354 [debug] [MainThread]: Partial parsing enabled, no changes found, skipping parsing
[0m23:11:30.072793 [debug] [MainThread]: Sending event: {'category': 'dbt', 'action': 'load_project', 'label': '340ee9bb-8f17-4011-9690-ffe6998ceb4c', 'context': [<snowplow_tracker.self_describing_json.SelfDescribingJson object at 0xffffb0f74130>]}
[0m23:11:30.118460 [debug] [MainThread]: Wrote artifact WritableManifest to /dbt/target/manifest.json
[0m23:11:30.121852 [debug] [MainThread]: Wrote artifact SemanticManifest to /dbt/target/semantic_manifest.json
[0m23:11:30.130920 [debug] [MainThread]: Sending event: {'category': 'dbt', 'action': 'resource_counts', 'label': '340ee9bb-8f17-4011-9690-ffe6998ceb4c', 'context': [<snowplow_tracker.self_describing_json.SelfDescribingJson object at 0xffffb0f825c0>]}
[0m23:11:30.131160 [info ] [MainThread]: Found 6 models, 17 data tests, 1 source, 434 macros
[0m23:11:30.131365 [debug] [MainThread]: Sending event: {'category': 'dbt', 'action': 'runnable_timing', 'label': '340ee9bb-8f17-4011-9690-ffe6998ceb4c', 'context': [<snowplow_tracker.self_describing_json.SelfDescribingJson object at 0xffffb0f80640>]}
[0m23:11:30.132489 [info ] [MainThread]: 
[0m23:11:30.132765 [info ] [MainThread]: Concurrency: 4 threads (target='local')
[0m23:11:30.133053 [info ] [MainThread]: 
[0m23:11:30.133495 [debug] [MainThread]: Acquiring new postgres connection 'master'
[0m23:11:30.135720 [debug] [ThreadPool]: Acquiring new postgres connection 'list_data_processing_public_staging'
[0m23:11:30.135990 [debug] [ThreadPool]: Acquiring new postgres connection 'list_data_processing_public_analytics'
[0m23:11:30.172139 [debug] [ThreadPool]: Using postgres connection "list_data_processing_public_staging"
[0m23:11:30.172332 [debug] [ThreadPool]: Using postgres connection "list_data_processing_public_analytics"
[0m23:11:30.172525 [debug] [ThreadPool]: On list_data_processing_public_staging: BEGIN
[0m23:11:30.172753 [debug] [ThreadPool]: On list_data_processing_public_analytics: BEGIN
[0m23:11:30.172923 [debug] [ThreadPool]: Opening a new connection, currently in state init
[0m23:11:30.173108 [debug] [ThreadPool]: Opening a new connection, currently in state init
[0m23:11:30.177929 [debug] [ThreadPool]: SQL status: BEGIN in 0.005 seconds
[0m23:11:30.178083 [debug] [ThreadPool]: SQL status: BEGIN in 0.005 seconds
[0m23:11:30.178261 [debug] [ThreadPool]: Using postgres connection "list_data_processing_public_analytics"
[0m23:11:30.178422 [debug] [ThreadPool]: Using postgres connection "list_data_processing_public_staging"
[0m23:11:30.178632 [debug] [ThreadPool]: On list_data_processing_public_analytics: /* {"app": "dbt", "dbt_version": "1.9.1", "profile_name": "data_processing", "target_name": "local", "connection_name": "list_data_processing_public_analytics"} */
select
      'data_processing' as database,
      tablename as name,
      schemaname as schema,
      'table' as type
    from pg_tables
    where schemaname ilike 'public_analytics'
    union all
    select
      'data_processing' as database,
      viewname as name,
      schemaname as schema,
      'view' as type
    from pg_views
    where schemaname ilike 'public_analytics'
    union all
    select
      'data_processing' as database,
      matviewname as name,
      schemaname as schema,
      'materialized_view' as type
    from pg_matviews
    where schemaname ilike 'public_analytics'
  
[0m23:11:30.178841 [debug] [ThreadPool]: On list_data_processing_public_staging: /* {"app": "dbt", "dbt_version": "1.9.1", "profile_name": "data_processing", "target_name": "local", "connection_name": "list_data_processing_public_staging"} */
select
      'data_processing' as database,
      tablename as name,
      schemaname as schema,
      'table' as type
    from pg_tables
    where schemaname ilike 'public_staging'
    union all
    select
      'data_processing' as database,
      viewname as name,
      schemaname as schema,
      'view' as type
    from pg_views
    where schemaname ilike 'public_staging'
    union all
    select
      'data_processing' as database,
      matviewname as name,
      schemaname as schema,
      'materialized_view' as type
    from pg_matviews
    where schemaname ilike 'public_staging'
  
[0m23:11:30.180103 [debug] [ThreadPool]: SQL status: SELECT 5 in 0.001 seconds
[0m23:11:30.180237 [debug] [ThreadPool]: SQL status: SELECT 1 in 0.001 seconds
[0m23:11:30.180852 [debug] [ThreadPool]: On list_data_processing_public_analytics: ROLLBACK
[0m23:11:30.181389 [debug] [ThreadPool]: On list_data_processing_public_staging: ROLLBACK
[0m23:11:30.181672 [debug] [ThreadPool]: On list_data_processing_public_analytics: Close
[0m23:11:30.181849 [debug] [ThreadPool]: On list_data_processing_public_staging: Close
[0m23:11:30.184583 [debug] [MainThread]: Using postgres connection "master"
[0m23:11:30.184764 [debug] [MainThread]: On master: BEGIN
[0m23:11:30.184904 [debug] [MainThread]: Opening a new connection, currently in state init
[0m23:11:30.187853 [debug] [MainThread]: SQL status: BEGIN in 0.003 seconds
[0m23:11:30.188028 [debug] [MainThread]: Using postgres connection "master"
[0m23:11:30.188218 [debug] [MainThread]: On master: /* {"app": "dbt", "dbt_version": "1.9.1", "profile_name": "data_processing", "target_name": "local", "connection_name": "master"} */
select distinct
        dependent_namespace.nspname as dependent_schema,
        dependent_class.relname as dependent_name,
        referenced_namespace.nspname as referenced_schema,
        referenced_class.relname as referenced_name

    -- Query for views: views are entries in pg_class with an entry in pg_rewrite, but we avoid
    -- a seq scan on pg_rewrite by leveraging the fact there is an "internal" row in pg_depend for
    -- the view...
    from pg_class as dependent_class
    join pg_namespace as dependent_namespace on dependent_namespace.oid = dependent_class.relnamespace
    join pg_depend as dependent_depend on dependent_depend.refobjid = dependent_class.oid
        and dependent_depend.classid = 'pg_rewrite'::regclass
        and dependent_depend.refclassid = 'pg_class'::regclass
        and dependent_depend.deptype = 'i'

    -- ... and via pg_depend (that has a row per column, hence the need for "distinct" above, and
    -- making sure to exclude the internal row to avoid a view appearing to depend on itself)...
    join pg_depend as joining_depend on joining_depend.objid = dependent_depend.objid
        and joining_depend.classid = 'pg_rewrite'::regclass
        and joining_depend.refclassid = 'pg_class'::regclass
        and joining_depend.refobjid != dependent_depend.refobjid

    -- ... we can find the tables they query from in pg_class, but excluding system tables. Note we
    -- don't need need to exclude _dependent_ system tables, because they only query from other
    -- system tables, and so are automatically excluded by excluding _referenced_ system tables
    join pg_class as referenced_class on referenced_class.oid = joining_depend.refobjid
    join pg_namespace as referenced_namespace on referenced_namespace.oid = referenced_class.relnamespace
        and referenced_namespace.nspname != 'information_schema'
        and referenced_namespace.nspname not like 'pg\_%'

    order by
        dependent_schema, dependent_name, referenced_schema, referenced_name;
[0m23:11:30.189514 [debug] [MainThread]: SQL status: SELECT 1 in 0.001 seconds
[0m23:11:30.190075 [debug] [MainThread]: Sending event: {'category': 'dbt', 'action': 'runnable_timing', 'label': '340ee9bb-8f17-4011-9690-ffe6998ceb4c', 'context': [<snowplow_tracker.self_describing_json.SelfDescribingJson object at 0xffffb0fa1240>]}
[0m23:11:30.190301 [debug] [MainThread]: On master: ROLLBACK
[0m23:11:30.190495 [debug] [MainThread]: Using postgres connection "master"
[0m23:11:30.190632 [debug] [MainThread]: On master: BEGIN
[0m23:11:30.190870 [debug] [MainThread]: SQL status: BEGIN in 0.000 seconds
[0m23:11:30.191013 [debug] [MainThread]: On master: COMMIT
[0m23:11:30.191145 [debug] [MainThread]: Using postgres connection "master"
[0m23:11:30.191272 [debug] [MainThread]: On master: COMMIT
[0m23:11:30.191446 [debug] [MainThread]: SQL status: COMMIT in 0.000 seconds
[0m23:11:30.191589 [debug] [MainThread]: On master: Close
[0m23:11:30.192761 [debug] [Thread-1 (]: Began running node test.data_processing_analytics.not_null_funnel_analysis_event_type.3c35ba5f6e
[0m23:11:30.192926 [debug] [Thread-2 (]: Began running node test.data_processing_analytics.not_null_funnel_analysis_page_type.cc723b2075
[0m23:11:30.193068 [debug] [Thread-3 (]: Began running node test.data_processing_analytics.not_null_hourly_traffic_event_date.bf9938d75e
[0m23:11:30.193257 [debug] [Thread-4 (]: Began running node test.data_processing_analytics.not_null_page_type_summary_page_type.ba086379d4
[0m23:11:30.193418 [info ] [Thread-1 (]: 1 of 17 START test not_null_funnel_analysis_event_type ......................... [RUN]
[0m23:11:30.193754 [info ] [Thread-2 (]: 2 of 17 START test not_null_funnel_analysis_page_type .......................... [RUN]
[0m23:11:30.194017 [info ] [Thread-3 (]: 3 of 17 START test not_null_hourly_traffic_event_date .......................... [RUN]
[0m23:11:30.194283 [info ] [Thread-4 (]: 4 of 17 START test not_null_page_type_summary_page_type ........................ [RUN]
[0m23:11:30.194584 [debug] [Thread-1 (]: Re-using an available connection from the pool (formerly list_data_processing_public_staging, now test.data_processing_analytics.not_null_funnel_analysis_event_type.3c35ba5f6e)
[0m23:11:30.194863 [debug] [Thread-2 (]: Re-using an available connection from the pool (formerly list_data_processing_public_analytics, now test.data_processing_analytics.not_null_funnel_analysis_page_type.cc723b2075)
[0m23:11:30.195129 [debug] [Thread-3 (]: Acquiring new postgres connection 'test.data_processing_analytics.not_null_hourly_traffic_event_date.bf9938d75e'
[0m23:11:30.195433 [debug] [Thread-4 (]: Acquiring new postgres connection 'test.data_processing_analytics.not_null_page_type_summary_page_type.ba086379d4'
[0m23:11:30.195651 [debug] [Thread-1 (]: Began compiling node test.data_processing_analytics.not_null_funnel_analysis_event_type.3c35ba5f6e
[0m23:11:30.195877 [debug] [Thread-2 (]: Began compiling node test.data_processing_analytics.not_null_funnel_analysis_page_type.cc723b2075
[0m23:11:30.196088 [debug] [Thread-3 (]: Began compiling node test.data_processing_analytics.not_null_hourly_traffic_event_date.bf9938d75e
[0m23:11:30.196322 [debug] [Thread-4 (]: Began compiling node test.data_processing_analytics.not_null_page_type_summary_page_type.ba086379d4
[0m23:11:30.204234 [debug] [Thread-1 (]: Writing injected SQL for node "test.data_processing_analytics.not_null_funnel_analysis_event_type.3c35ba5f6e"
[0m23:11:30.205995 [debug] [Thread-2 (]: Writing injected SQL for node "test.data_processing_analytics.not_null_funnel_analysis_page_type.cc723b2075"
[0m23:11:30.207887 [debug] [Thread-3 (]: Writing injected SQL for node "test.data_processing_analytics.not_null_hourly_traffic_event_date.bf9938d75e"
[0m23:11:30.210316 [debug] [Thread-4 (]: Writing injected SQL for node "test.data_processing_analytics.not_null_page_type_summary_page_type.ba086379d4"
[0m23:11:30.211211 [debug] [Thread-1 (]: Began executing node test.data_processing_analytics.not_null_funnel_analysis_event_type.3c35ba5f6e
[0m23:11:30.217180 [debug] [Thread-2 (]: Began executing node test.data_processing_analytics.not_null_funnel_analysis_page_type.cc723b2075
[0m23:11:30.217432 [debug] [Thread-3 (]: Began executing node test.data_processing_analytics.not_null_hourly_traffic_event_date.bf9938d75e
[0m23:11:30.220316 [debug] [Thread-1 (]: Writing runtime sql for node "test.data_processing_analytics.not_null_funnel_analysis_event_type.3c35ba5f6e"
[0m23:11:30.221913 [debug] [Thread-2 (]: Writing runtime sql for node "test.data_processing_analytics.not_null_funnel_analysis_page_type.cc723b2075"
[0m23:11:30.222214 [debug] [Thread-4 (]: Began executing node test.data_processing_analytics.not_null_page_type_summary_page_type.ba086379d4
[0m23:11:30.224126 [debug] [Thread-3 (]: Writing runtime sql for node "test.data_processing_analytics.not_null_hourly_traffic_event_date.bf9938d75e"
[0m23:11:30.226232 [debug] [Thread-4 (]: Writing runtime sql for node "test.data_processing_analytics.not_null_page_type_summary_page_type.ba086379d4"
[0m23:11:30.227257 [debug] [Thread-1 (]: Using postgres connection "test.data_processing_analytics.not_null_funnel_analysis_event_type.3c35ba5f6e"
[0m23:11:30.227847 [debug] [Thread-2 (]: Using postgres connection "test.data_processing_analytics.not_null_funnel_analysis_page_type.cc723b2075"
[0m23:11:30.228396 [debug] [Thread-3 (]: Using postgres connection "test.data_processing_analytics.not_null_hourly_traffic_event_date.bf9938d75e"
[0m23:11:30.229286 [debug] [Thread-3 (]: On test.data_processing_analytics.not_null_hourly_traffic_event_date.bf9938d75e: BEGIN
[0m23:11:30.228946 [debug] [Thread-2 (]: On test.data_processing_analytics.not_null_funnel_analysis_page_type.cc723b2075: BEGIN
[0m23:11:30.229130 [debug] [Thread-4 (]: Using postgres connection "test.data_processing_analytics.not_null_page_type_summary_page_type.ba086379d4"
[0m23:11:30.228646 [debug] [Thread-1 (]: On test.data_processing_analytics.not_null_funnel_analysis_event_type.3c35ba5f6e: BEGIN
[0m23:11:30.230088 [debug] [Thread-1 (]: Opening a new connection, currently in state closed
[0m23:11:30.229711 [debug] [Thread-2 (]: Opening a new connection, currently in state closed
[0m23:11:30.229915 [debug] [Thread-4 (]: On test.data_processing_analytics.not_null_page_type_summary_page_type.ba086379d4: BEGIN
[0m23:11:30.229451 [debug] [Thread-3 (]: Opening a new connection, currently in state init
[0m23:11:30.230894 [debug] [Thread-4 (]: Opening a new connection, currently in state init
[0m23:11:30.235806 [debug] [Thread-2 (]: SQL status: BEGIN in 0.006 seconds
[0m23:11:30.236095 [debug] [Thread-3 (]: SQL status: BEGIN in 0.007 seconds
[0m23:11:30.236349 [debug] [Thread-4 (]: SQL status: BEGIN in 0.005 seconds
[0m23:11:30.236562 [debug] [Thread-2 (]: Using postgres connection "test.data_processing_analytics.not_null_funnel_analysis_page_type.cc723b2075"
[0m23:11:30.236791 [debug] [Thread-3 (]: Using postgres connection "test.data_processing_analytics.not_null_hourly_traffic_event_date.bf9938d75e"
[0m23:11:30.237012 [debug] [Thread-4 (]: Using postgres connection "test.data_processing_analytics.not_null_page_type_summary_page_type.ba086379d4"
[0m23:11:30.237172 [debug] [Thread-1 (]: SQL status: BEGIN in 0.007 seconds
[0m23:11:30.237379 [debug] [Thread-2 (]: On test.data_processing_analytics.not_null_funnel_analysis_page_type.cc723b2075: /* {"app": "dbt", "dbt_version": "1.9.1", "profile_name": "data_processing", "target_name": "local", "node_id": "test.data_processing_analytics.not_null_funnel_analysis_page_type.cc723b2075"} */

    select
      count(*) as failures,
      count(*) != 0 as should_warn,
      count(*) != 0 as should_error
    from (
      
    
  
    
    



select page_type
from "data_processing"."public_analytics"."funnel_analysis"
where page_type is null



  
  
      
    ) dbt_internal_test
[0m23:11:30.237620 [debug] [Thread-3 (]: On test.data_processing_analytics.not_null_hourly_traffic_event_date.bf9938d75e: /* {"app": "dbt", "dbt_version": "1.9.1", "profile_name": "data_processing", "target_name": "local", "node_id": "test.data_processing_analytics.not_null_hourly_traffic_event_date.bf9938d75e"} */

    select
      count(*) as failures,
      count(*) != 0 as should_warn,
      count(*) != 0 as should_error
    from (
      
    
  
    
    



select event_date
from "data_processing"."public_analytics"."hourly_traffic"
where event_date is null



  
  
      
    ) dbt_internal_test
[0m23:11:30.237857 [debug] [Thread-4 (]: On test.data_processing_analytics.not_null_page_type_summary_page_type.ba086379d4: /* {"app": "dbt", "dbt_version": "1.9.1", "profile_name": "data_processing", "target_name": "local", "node_id": "test.data_processing_analytics.not_null_page_type_summary_page_type.ba086379d4"} */

    select
      count(*) as failures,
      count(*) != 0 as should_warn,
      count(*) != 0 as should_error
    from (
      
    
  
    
    



select page_type
from "data_processing"."public_analytics"."page_type_summary"
where page_type is null



  
  
      
    ) dbt_internal_test
[0m23:11:30.238044 [debug] [Thread-1 (]: Using postgres connection "test.data_processing_analytics.not_null_funnel_analysis_event_type.3c35ba5f6e"
[0m23:11:30.238637 [debug] [Thread-2 (]: SQL status: SELECT 1 in 0.000 seconds
[0m23:11:30.238795 [debug] [Thread-1 (]: On test.data_processing_analytics.not_null_funnel_analysis_event_type.3c35ba5f6e: /* {"app": "dbt", "dbt_version": "1.9.1", "profile_name": "data_processing", "target_name": "local", "node_id": "test.data_processing_analytics.not_null_funnel_analysis_event_type.3c35ba5f6e"} */

    select
      count(*) as failures,
      count(*) != 0 as should_warn,
      count(*) != 0 as should_error
    from (
      
    
  
    
    



select event_type
from "data_processing"."public_analytics"."funnel_analysis"
where event_type is null



  
  
      
    ) dbt_internal_test
[0m23:11:30.238945 [debug] [Thread-3 (]: SQL status: SELECT 1 in 0.001 seconds
[0m23:11:30.239078 [debug] [Thread-4 (]: SQL status: SELECT 1 in 0.001 seconds
[0m23:11:30.241368 [debug] [Thread-2 (]: On test.data_processing_analytics.not_null_funnel_analysis_page_type.cc723b2075: ROLLBACK
[0m23:11:30.242135 [debug] [Thread-3 (]: On test.data_processing_analytics.not_null_hourly_traffic_event_date.bf9938d75e: ROLLBACK
[0m23:11:30.242274 [debug] [Thread-1 (]: SQL status: SELECT 1 in 0.001 seconds
[0m23:11:30.242900 [debug] [Thread-4 (]: On test.data_processing_analytics.not_null_page_type_summary_page_type.ba086379d4: ROLLBACK
[0m23:11:30.243240 [debug] [Thread-2 (]: On test.data_processing_analytics.not_null_funnel_analysis_page_type.cc723b2075: Close
[0m23:11:30.243410 [debug] [Thread-3 (]: On test.data_processing_analytics.not_null_hourly_traffic_event_date.bf9938d75e: Close
[0m23:11:30.244916 [info ] [Thread-3 (]: 3 of 17 PASS not_null_hourly_traffic_event_date ................................ [[32mPASS[0m in 0.05s]
[0m23:11:30.244220 [debug] [Thread-4 (]: On test.data_processing_analytics.not_null_page_type_summary_page_type.ba086379d4: Close
[0m23:11:30.244559 [info ] [Thread-2 (]: 2 of 17 PASS not_null_funnel_analysis_page_type ................................ [[32mPASS[0m in 0.05s]
[0m23:11:30.243917 [debug] [Thread-1 (]: On test.data_processing_analytics.not_null_funnel_analysis_event_type.3c35ba5f6e: ROLLBACK
[0m23:11:30.245387 [debug] [Thread-3 (]: Finished running node test.data_processing_analytics.not_null_hourly_traffic_event_date.bf9938d75e
[0m23:11:30.245761 [info ] [Thread-4 (]: 4 of 17 PASS not_null_page_type_summary_page_type .............................. [[32mPASS[0m in 0.05s]
[0m23:11:30.246113 [debug] [Thread-2 (]: Finished running node test.data_processing_analytics.not_null_funnel_analysis_page_type.cc723b2075
[0m23:11:30.246376 [debug] [Thread-1 (]: On test.data_processing_analytics.not_null_funnel_analysis_event_type.3c35ba5f6e: Close
[0m23:11:30.246547 [debug] [Thread-3 (]: Began running node test.data_processing_analytics.not_null_stg_impressions_impression_id.f19dc666d8
[0m23:11:30.246892 [debug] [Thread-4 (]: Finished running node test.data_processing_analytics.not_null_page_type_summary_page_type.ba086379d4
[0m23:11:30.247147 [debug] [Thread-2 (]: Began running node test.data_processing_analytics.not_null_stg_impressions_user_id.1e82def6e9
[0m23:11:30.247478 [info ] [Thread-1 (]: 1 of 17 PASS not_null_funnel_analysis_event_type ............................... [[32mPASS[0m in 0.05s]
[0m23:11:30.248729 [debug] [Thread-1 (]: Finished running node test.data_processing_analytics.not_null_funnel_analysis_event_type.3c35ba5f6e
[0m23:11:30.248154 [debug] [Thread-4 (]: Began running node test.data_processing_analytics.not_null_user_engagement_user_id.9946ab275f
[0m23:11:30.248385 [info ] [Thread-2 (]: 6 of 17 START test not_null_stg_impressions_user_id ............................ [RUN]
[0m23:11:30.247738 [info ] [Thread-3 (]: 5 of 17 START test not_null_stg_impressions_impression_id ...................... [RUN]
[0m23:11:30.249735 [debug] [Thread-3 (]: Re-using an available connection from the pool (formerly test.data_processing_analytics.not_null_hourly_traffic_event_date.bf9938d75e, now test.data_processing_analytics.not_null_stg_impressions_impression_id.f19dc666d8)
[0m23:11:30.249189 [info ] [Thread-4 (]: 7 of 17 START test not_null_user_engagement_user_id ............................ [RUN]
[0m23:11:30.249492 [debug] [Thread-2 (]: Re-using an available connection from the pool (formerly test.data_processing_analytics.not_null_funnel_analysis_page_type.cc723b2075, now test.data_processing_analytics.not_null_stg_impressions_user_id.1e82def6e9)
[0m23:11:30.248956 [debug] [Thread-1 (]: Began running node test.data_processing_analytics.source_accepted_values_raw_impressions_event_type__a__b__c__d__e__f.0048e71c39
[0m23:11:30.250609 [info ] [Thread-1 (]: 8 of 17 START test source_accepted_values_raw_impressions_event_type__a__b__c__d__e__f  [RUN]
[0m23:11:30.250167 [debug] [Thread-4 (]: Re-using an available connection from the pool (formerly test.data_processing_analytics.not_null_page_type_summary_page_type.ba086379d4, now test.data_processing_analytics.not_null_user_engagement_user_id.9946ab275f)
[0m23:11:30.250388 [debug] [Thread-2 (]: Began compiling node test.data_processing_analytics.not_null_stg_impressions_user_id.1e82def6e9
[0m23:11:30.249935 [debug] [Thread-3 (]: Began compiling node test.data_processing_analytics.not_null_stg_impressions_impression_id.f19dc666d8
[0m23:11:30.250837 [debug] [Thread-1 (]: Re-using an available connection from the pool (formerly test.data_processing_analytics.not_null_funnel_analysis_event_type.3c35ba5f6e, now test.data_processing_analytics.source_accepted_values_raw_impressions_event_type__a__b__c__d__e__f.0048e71c39)
[0m23:11:30.251082 [debug] [Thread-4 (]: Began compiling node test.data_processing_analytics.not_null_user_engagement_user_id.9946ab275f
[0m23:11:30.253663 [debug] [Thread-2 (]: Writing injected SQL for node "test.data_processing_analytics.not_null_stg_impressions_user_id.1e82def6e9"
[0m23:11:30.256671 [debug] [Thread-3 (]: Writing injected SQL for node "test.data_processing_analytics.not_null_stg_impressions_impression_id.f19dc666d8"
[0m23:11:30.256913 [debug] [Thread-1 (]: Began compiling node test.data_processing_analytics.source_accepted_values_raw_impressions_event_type__a__b__c__d__e__f.0048e71c39
[0m23:11:30.258753 [debug] [Thread-4 (]: Writing injected SQL for node "test.data_processing_analytics.not_null_user_engagement_user_id.9946ab275f"
[0m23:11:30.263801 [debug] [Thread-1 (]: Writing injected SQL for node "test.data_processing_analytics.source_accepted_values_raw_impressions_event_type__a__b__c__d__e__f.0048e71c39"
[0m23:11:30.264793 [debug] [Thread-3 (]: Began executing node test.data_processing_analytics.not_null_stg_impressions_impression_id.f19dc666d8
[0m23:11:30.264958 [debug] [Thread-2 (]: Began executing node test.data_processing_analytics.not_null_stg_impressions_user_id.1e82def6e9
[0m23:11:30.266275 [debug] [Thread-3 (]: Writing runtime sql for node "test.data_processing_analytics.not_null_stg_impressions_impression_id.f19dc666d8"
[0m23:11:30.266523 [debug] [Thread-4 (]: Began executing node test.data_processing_analytics.not_null_user_engagement_user_id.9946ab275f
[0m23:11:30.267643 [debug] [Thread-2 (]: Writing runtime sql for node "test.data_processing_analytics.not_null_stg_impressions_user_id.1e82def6e9"
[0m23:11:30.267828 [debug] [Thread-1 (]: Began executing node test.data_processing_analytics.source_accepted_values_raw_impressions_event_type__a__b__c__d__e__f.0048e71c39
[0m23:11:30.269129 [debug] [Thread-4 (]: Writing runtime sql for node "test.data_processing_analytics.not_null_user_engagement_user_id.9946ab275f"
[0m23:11:30.270595 [debug] [Thread-1 (]: Writing runtime sql for node "test.data_processing_analytics.source_accepted_values_raw_impressions_event_type__a__b__c__d__e__f.0048e71c39"
[0m23:11:30.271110 [debug] [Thread-3 (]: Using postgres connection "test.data_processing_analytics.not_null_stg_impressions_impression_id.f19dc666d8"
[0m23:11:30.271370 [debug] [Thread-2 (]: Using postgres connection "test.data_processing_analytics.not_null_stg_impressions_user_id.1e82def6e9"
[0m23:11:30.271940 [debug] [Thread-3 (]: On test.data_processing_analytics.not_null_stg_impressions_impression_id.f19dc666d8: BEGIN
[0m23:11:30.272095 [debug] [Thread-4 (]: Using postgres connection "test.data_processing_analytics.not_null_user_engagement_user_id.9946ab275f"
[0m23:11:30.272298 [debug] [Thread-2 (]: On test.data_processing_analytics.not_null_stg_impressions_user_id.1e82def6e9: BEGIN
[0m23:11:30.272445 [debug] [Thread-1 (]: Using postgres connection "test.data_processing_analytics.source_accepted_values_raw_impressions_event_type__a__b__c__d__e__f.0048e71c39"
[0m23:11:30.273191 [debug] [Thread-1 (]: On test.data_processing_analytics.source_accepted_values_raw_impressions_event_type__a__b__c__d__e__f.0048e71c39: BEGIN
[0m23:11:30.272822 [debug] [Thread-4 (]: On test.data_processing_analytics.not_null_user_engagement_user_id.9946ab275f: BEGIN
[0m23:11:30.273013 [debug] [Thread-2 (]: Opening a new connection, currently in state closed
[0m23:11:30.272637 [debug] [Thread-3 (]: Opening a new connection, currently in state closed
[0m23:11:30.273342 [debug] [Thread-1 (]: Opening a new connection, currently in state closed
[0m23:11:30.273516 [debug] [Thread-4 (]: Opening a new connection, currently in state closed
[0m23:11:30.278562 [debug] [Thread-3 (]: SQL status: BEGIN in 0.006 seconds
[0m23:11:30.278852 [debug] [Thread-2 (]: SQL status: BEGIN in 0.006 seconds
[0m23:11:30.279361 [debug] [Thread-3 (]: Using postgres connection "test.data_processing_analytics.not_null_stg_impressions_impression_id.f19dc666d8"
[0m23:11:30.279629 [debug] [Thread-1 (]: SQL status: BEGIN in 0.006 seconds
[0m23:11:30.279844 [debug] [Thread-2 (]: Using postgres connection "test.data_processing_analytics.not_null_stg_impressions_user_id.1e82def6e9"
[0m23:11:30.280083 [debug] [Thread-3 (]: On test.data_processing_analytics.not_null_stg_impressions_impression_id.f19dc666d8: /* {"app": "dbt", "dbt_version": "1.9.1", "profile_name": "data_processing", "target_name": "local", "node_id": "test.data_processing_analytics.not_null_stg_impressions_impression_id.f19dc666d8"} */

    select
      count(*) as failures,
      count(*) != 0 as should_warn,
      count(*) != 0 as should_error
    from (
      
    
  
    
    



select impression_id
from "data_processing"."public_staging"."stg_impressions"
where impression_id is null



  
  
      
    ) dbt_internal_test
[0m23:11:30.280335 [debug] [Thread-1 (]: Using postgres connection "test.data_processing_analytics.source_accepted_values_raw_impressions_event_type__a__b__c__d__e__f.0048e71c39"
[0m23:11:30.280893 [debug] [Thread-2 (]: On test.data_processing_analytics.not_null_stg_impressions_user_id.1e82def6e9: /* {"app": "dbt", "dbt_version": "1.9.1", "profile_name": "data_processing", "target_name": "local", "node_id": "test.data_processing_analytics.not_null_stg_impressions_user_id.1e82def6e9"} */

    select
      count(*) as failures,
      count(*) != 0 as should_warn,
      count(*) != 0 as should_error
    from (
      
    
  
    
    



select user_id
from "data_processing"."public_staging"."stg_impressions"
where user_id is null



  
  
      
    ) dbt_internal_test
[0m23:11:30.281255 [debug] [Thread-4 (]: SQL status: BEGIN in 0.008 seconds
[0m23:11:30.281565 [debug] [Thread-1 (]: On test.data_processing_analytics.source_accepted_values_raw_impressions_event_type__a__b__c__d__e__f.0048e71c39: /* {"app": "dbt", "dbt_version": "1.9.1", "profile_name": "data_processing", "target_name": "local", "node_id": "test.data_processing_analytics.source_accepted_values_raw_impressions_event_type__a__b__c__d__e__f.0048e71c39"} */

    select
      count(*) as failures,
      count(*) != 0 as should_warn,
      count(*) != 0 as should_error
    from (
      
    
  
    
    

with all_values as (

    select
        event_type as value_field,
        count(*) as n_records

    from "data_processing"."raw"."impressions"
    group by event_type

)

select *
from all_values
where value_field not in (
    'a','b','c','d','e','f'
)



  
  
      
    ) dbt_internal_test
[0m23:11:30.282317 [debug] [Thread-3 (]: SQL status: SELECT 1 in 0.001 seconds
[0m23:11:30.282884 [debug] [Thread-2 (]: SQL status: SELECT 1 in 0.001 seconds
[0m23:11:30.283697 [debug] [Thread-4 (]: Using postgres connection "test.data_processing_analytics.not_null_user_engagement_user_id.9946ab275f"
[0m23:11:30.287411 [debug] [Thread-4 (]: On test.data_processing_analytics.not_null_user_engagement_user_id.9946ab275f: /* {"app": "dbt", "dbt_version": "1.9.1", "profile_name": "data_processing", "target_name": "local", "node_id": "test.data_processing_analytics.not_null_user_engagement_user_id.9946ab275f"} */

    select
      count(*) as failures,
      count(*) != 0 as should_warn,
      count(*) != 0 as should_error
    from (
      
    
  
    
    



select user_id
from "data_processing"."public_analytics"."user_engagement"
where user_id is null



  
  
      
    ) dbt_internal_test
[0m23:11:30.286390 [debug] [Thread-3 (]: On test.data_processing_analytics.not_null_stg_impressions_impression_id.f19dc666d8: ROLLBACK
[0m23:11:30.287182 [debug] [Thread-2 (]: On test.data_processing_analytics.not_null_stg_impressions_user_id.1e82def6e9: ROLLBACK
[0m23:11:30.285108 [debug] [Thread-1 (]: SQL status: SELECT 1 in 0.001 seconds
[0m23:11:30.287791 [debug] [Thread-3 (]: On test.data_processing_analytics.not_null_stg_impressions_impression_id.f19dc666d8: Close
[0m23:11:30.287946 [debug] [Thread-4 (]: SQL status: SELECT 1 in 0.000 seconds
[0m23:11:30.288166 [debug] [Thread-2 (]: On test.data_processing_analytics.not_null_stg_impressions_user_id.1e82def6e9: Close
[0m23:11:30.288788 [debug] [Thread-1 (]: On test.data_processing_analytics.source_accepted_values_raw_impressions_event_type__a__b__c__d__e__f.0048e71c39: ROLLBACK
[0m23:11:30.289170 [info ] [Thread-3 (]: 5 of 17 PASS not_null_stg_impressions_impression_id ............................ [[32mPASS[0m in 0.04s]
[0m23:11:30.289850 [debug] [Thread-4 (]: On test.data_processing_analytics.not_null_user_engagement_user_id.9946ab275f: ROLLBACK
[0m23:11:30.290166 [info ] [Thread-2 (]: 6 of 17 PASS not_null_stg_impressions_user_id .................................. [[32mPASS[0m in 0.04s]
[0m23:11:30.290544 [debug] [Thread-1 (]: On test.data_processing_analytics.source_accepted_values_raw_impressions_event_type__a__b__c__d__e__f.0048e71c39: Close
[0m23:11:30.290774 [debug] [Thread-3 (]: Finished running node test.data_processing_analytics.not_null_stg_impressions_impression_id.f19dc666d8
[0m23:11:30.291014 [debug] [Thread-4 (]: On test.data_processing_analytics.not_null_user_engagement_user_id.9946ab275f: Close
[0m23:11:30.291240 [debug] [Thread-2 (]: Finished running node test.data_processing_analytics.not_null_stg_impressions_user_id.1e82def6e9
[0m23:11:30.291548 [info ] [Thread-1 (]: 8 of 17 PASS source_accepted_values_raw_impressions_event_type__a__b__c__d__e__f  [[32mPASS[0m in 0.04s]
[0m23:11:30.291825 [debug] [Thread-3 (]: Began running node test.data_processing_analytics.source_accepted_values_raw_impressions_page_type__1__2__3.10e87cab6d
[0m23:11:30.292146 [info ] [Thread-4 (]: 7 of 17 PASS not_null_user_engagement_user_id .................................. [[32mPASS[0m in 0.04s]
[0m23:11:30.292384 [debug] [Thread-2 (]: Began running node test.data_processing_analytics.source_not_null_raw_impressions_date.f99b4db4ba
[0m23:11:30.292675 [debug] [Thread-1 (]: Finished running node test.data_processing_analytics.source_accepted_values_raw_impressions_event_type__a__b__c__d__e__f.0048e71c39
[0m23:11:30.292886 [info ] [Thread-3 (]: 9 of 17 START test source_accepted_values_raw_impressions_page_type__1__2__3 ... [RUN]
[0m23:11:30.293209 [debug] [Thread-4 (]: Finished running node test.data_processing_analytics.not_null_user_engagement_user_id.9946ab275f
[0m23:11:30.293426 [info ] [Thread-2 (]: 10 of 17 START test source_not_null_raw_impressions_date ....................... [RUN]
[0m23:11:30.293720 [debug] [Thread-1 (]: Began running node test.data_processing_analytics.source_not_null_raw_impressions_event_type.af77bebbbd
[0m23:11:30.293977 [debug] [Thread-3 (]: Re-using an available connection from the pool (formerly test.data_processing_analytics.not_null_stg_impressions_impression_id.f19dc666d8, now test.data_processing_analytics.source_accepted_values_raw_impressions_page_type__1__2__3.10e87cab6d)
[0m23:11:30.294209 [debug] [Thread-4 (]: Began running node test.data_processing_analytics.source_not_null_raw_impressions_hour.0d8b85a8de
[0m23:11:30.294472 [debug] [Thread-2 (]: Re-using an available connection from the pool (formerly test.data_processing_analytics.not_null_stg_impressions_user_id.1e82def6e9, now test.data_processing_analytics.source_not_null_raw_impressions_date.f99b4db4ba)
[0m23:11:30.294692 [info ] [Thread-1 (]: 11 of 17 START test source_not_null_raw_impressions_event_type ................. [RUN]
[0m23:11:30.294947 [debug] [Thread-3 (]: Began compiling node test.data_processing_analytics.source_accepted_values_raw_impressions_page_type__1__2__3.10e87cab6d
[0m23:11:30.295150 [info ] [Thread-4 (]: 12 of 17 START test source_not_null_raw_impressions_hour ....................... [RUN]
[0m23:11:30.295421 [debug] [Thread-2 (]: Began compiling node test.data_processing_analytics.source_not_null_raw_impressions_date.f99b4db4ba
[0m23:11:30.295646 [debug] [Thread-1 (]: Re-using an available connection from the pool (formerly test.data_processing_analytics.source_accepted_values_raw_impressions_event_type__a__b__c__d__e__f.0048e71c39, now test.data_processing_analytics.source_not_null_raw_impressions_event_type.af77bebbbd)
[0m23:11:30.298773 [debug] [Thread-3 (]: Writing injected SQL for node "test.data_processing_analytics.source_accepted_values_raw_impressions_page_type__1__2__3.10e87cab6d"
[0m23:11:30.299096 [debug] [Thread-4 (]: Re-using an available connection from the pool (formerly test.data_processing_analytics.not_null_user_engagement_user_id.9946ab275f, now test.data_processing_analytics.source_not_null_raw_impressions_hour.0d8b85a8de)
[0m23:11:30.301175 [debug] [Thread-2 (]: Writing injected SQL for node "test.data_processing_analytics.source_not_null_raw_impressions_date.f99b4db4ba"
[0m23:11:30.301413 [debug] [Thread-1 (]: Began compiling node test.data_processing_analytics.source_not_null_raw_impressions_event_type.af77bebbbd
[0m23:11:30.301920 [debug] [Thread-4 (]: Began compiling node test.data_processing_analytics.source_not_null_raw_impressions_hour.0d8b85a8de
[0m23:11:30.302221 [debug] [Thread-3 (]: Began executing node test.data_processing_analytics.source_accepted_values_raw_impressions_page_type__1__2__3.10e87cab6d
[0m23:11:30.304854 [debug] [Thread-1 (]: Writing injected SQL for node "test.data_processing_analytics.source_not_null_raw_impressions_event_type.af77bebbbd"
[0m23:11:30.307216 [debug] [Thread-2 (]: Began executing node test.data_processing_analytics.source_not_null_raw_impressions_date.f99b4db4ba
[0m23:11:30.307047 [debug] [Thread-4 (]: Writing injected SQL for node "test.data_processing_analytics.source_not_null_raw_impressions_hour.0d8b85a8de"
[0m23:11:30.308400 [debug] [Thread-3 (]: Writing runtime sql for node "test.data_processing_analytics.source_accepted_values_raw_impressions_page_type__1__2__3.10e87cab6d"
[0m23:11:30.309585 [debug] [Thread-2 (]: Writing runtime sql for node "test.data_processing_analytics.source_not_null_raw_impressions_date.f99b4db4ba"
[0m23:11:30.309983 [debug] [Thread-1 (]: Began executing node test.data_processing_analytics.source_not_null_raw_impressions_event_type.af77bebbbd
[0m23:11:30.311192 [debug] [Thread-1 (]: Writing runtime sql for node "test.data_processing_analytics.source_not_null_raw_impressions_event_type.af77bebbbd"
[0m23:11:30.311399 [debug] [Thread-4 (]: Began executing node test.data_processing_analytics.source_not_null_raw_impressions_hour.0d8b85a8de
[0m23:11:30.311718 [debug] [Thread-3 (]: Using postgres connection "test.data_processing_analytics.source_accepted_values_raw_impressions_page_type__1__2__3.10e87cab6d"
[0m23:11:30.311897 [debug] [Thread-2 (]: Using postgres connection "test.data_processing_analytics.source_not_null_raw_impressions_date.f99b4db4ba"
[0m23:11:30.314124 [debug] [Thread-2 (]: On test.data_processing_analytics.source_not_null_raw_impressions_date.f99b4db4ba: BEGIN
[0m23:11:30.313760 [debug] [Thread-1 (]: Using postgres connection "test.data_processing_analytics.source_not_null_raw_impressions_event_type.af77bebbbd"
[0m23:11:30.313914 [debug] [Thread-3 (]: On test.data_processing_analytics.source_accepted_values_raw_impressions_page_type__1__2__3.10e87cab6d: BEGIN
[0m23:11:30.313500 [debug] [Thread-4 (]: Writing runtime sql for node "test.data_processing_analytics.source_not_null_raw_impressions_hour.0d8b85a8de"
[0m23:11:30.314282 [debug] [Thread-2 (]: Opening a new connection, currently in state closed
[0m23:11:30.314453 [debug] [Thread-1 (]: On test.data_processing_analytics.source_not_null_raw_impressions_event_type.af77bebbbd: BEGIN
[0m23:11:30.314646 [debug] [Thread-3 (]: Opening a new connection, currently in state closed
[0m23:11:30.315073 [debug] [Thread-1 (]: Opening a new connection, currently in state closed
[0m23:11:30.315275 [debug] [Thread-4 (]: Using postgres connection "test.data_processing_analytics.source_not_null_raw_impressions_hour.0d8b85a8de"
[0m23:11:30.315827 [debug] [Thread-4 (]: On test.data_processing_analytics.source_not_null_raw_impressions_hour.0d8b85a8de: BEGIN
[0m23:11:30.316107 [debug] [Thread-4 (]: Opening a new connection, currently in state closed
[0m23:11:30.319352 [debug] [Thread-2 (]: SQL status: BEGIN in 0.005 seconds
[0m23:11:30.319520 [debug] [Thread-1 (]: SQL status: BEGIN in 0.004 seconds
[0m23:11:30.319737 [debug] [Thread-2 (]: Using postgres connection "test.data_processing_analytics.source_not_null_raw_impressions_date.f99b4db4ba"
[0m23:11:30.319962 [debug] [Thread-1 (]: Using postgres connection "test.data_processing_analytics.source_not_null_raw_impressions_event_type.af77bebbbd"
[0m23:11:30.320210 [debug] [Thread-2 (]: On test.data_processing_analytics.source_not_null_raw_impressions_date.f99b4db4ba: /* {"app": "dbt", "dbt_version": "1.9.1", "profile_name": "data_processing", "target_name": "local", "node_id": "test.data_processing_analytics.source_not_null_raw_impressions_date.f99b4db4ba"} */

    select
      count(*) as failures,
      count(*) != 0 as should_warn,
      count(*) != 0 as should_error
    from (
      
    
  
    
    



select date
from "data_processing"."raw"."impressions"
where date is null



  
  
      
    ) dbt_internal_test
[0m23:11:30.320510 [debug] [Thread-1 (]: On test.data_processing_analytics.source_not_null_raw_impressions_event_type.af77bebbbd: /* {"app": "dbt", "dbt_version": "1.9.1", "profile_name": "data_processing", "target_name": "local", "node_id": "test.data_processing_analytics.source_not_null_raw_impressions_event_type.af77bebbbd"} */

    select
      count(*) as failures,
      count(*) != 0 as should_warn,
      count(*) != 0 as should_error
    from (
      
    
  
    
    



select event_type
from "data_processing"."raw"."impressions"
where event_type is null



  
  
      
    ) dbt_internal_test
[0m23:11:30.320722 [debug] [Thread-4 (]: SQL status: BEGIN in 0.005 seconds
[0m23:11:30.320872 [debug] [Thread-3 (]: SQL status: BEGIN in 0.006 seconds
[0m23:11:30.321248 [debug] [Thread-4 (]: Using postgres connection "test.data_processing_analytics.source_not_null_raw_impressions_hour.0d8b85a8de"
[0m23:11:30.321414 [debug] [Thread-1 (]: SQL status: SELECT 1 in 0.000 seconds
[0m23:11:30.321571 [debug] [Thread-2 (]: SQL status: SELECT 1 in 0.000 seconds
[0m23:11:30.321766 [debug] [Thread-3 (]: Using postgres connection "test.data_processing_analytics.source_accepted_values_raw_impressions_page_type__1__2__3.10e87cab6d"
[0m23:11:30.321981 [debug] [Thread-4 (]: On test.data_processing_analytics.source_not_null_raw_impressions_hour.0d8b85a8de: /* {"app": "dbt", "dbt_version": "1.9.1", "profile_name": "data_processing", "target_name": "local", "node_id": "test.data_processing_analytics.source_not_null_raw_impressions_hour.0d8b85a8de"} */

    select
      count(*) as failures,
      count(*) != 0 as should_warn,
      count(*) != 0 as should_error
    from (
      
    
  
    
    



select hour
from "data_processing"."raw"."impressions"
where hour is null



  
  
      
    ) dbt_internal_test
[0m23:11:30.322725 [debug] [Thread-1 (]: On test.data_processing_analytics.source_not_null_raw_impressions_event_type.af77bebbbd: ROLLBACK
[0m23:11:30.323320 [debug] [Thread-2 (]: On test.data_processing_analytics.source_not_null_raw_impressions_date.f99b4db4ba: ROLLBACK
[0m23:11:30.323566 [debug] [Thread-3 (]: On test.data_processing_analytics.source_accepted_values_raw_impressions_page_type__1__2__3.10e87cab6d: /* {"app": "dbt", "dbt_version": "1.9.1", "profile_name": "data_processing", "target_name": "local", "node_id": "test.data_processing_analytics.source_accepted_values_raw_impressions_page_type__1__2__3.10e87cab6d"} */

    select
      count(*) as failures,
      count(*) != 0 as should_warn,
      count(*) != 0 as should_error
    from (
      
    
  
    
    

with all_values as (

    select
        page_type as value_field,
        count(*) as n_records

    from "data_processing"."raw"."impressions"
    group by page_type

)

select *
from all_values
where value_field not in (
    '1','2','3'
)



  
  
      
    ) dbt_internal_test
[0m23:11:30.323904 [debug] [Thread-1 (]: On test.data_processing_analytics.source_not_null_raw_impressions_event_type.af77bebbbd: Close
[0m23:11:30.324073 [debug] [Thread-4 (]: SQL status: SELECT 1 in 0.000 seconds
[0m23:11:30.324193 [debug] [Thread-2 (]: On test.data_processing_analytics.source_not_null_raw_impressions_date.f99b4db4ba: Close
[0m23:11:30.324623 [info ] [Thread-1 (]: 11 of 17 PASS source_not_null_raw_impressions_event_type ....................... [[32mPASS[0m in 0.03s]
[0m23:11:30.324857 [debug] [Thread-3 (]: SQL status: SELECT 1 in 0.000 seconds
[0m23:11:30.325409 [debug] [Thread-4 (]: On test.data_processing_analytics.source_not_null_raw_impressions_hour.0d8b85a8de: ROLLBACK
[0m23:11:30.325736 [info ] [Thread-2 (]: 10 of 17 PASS source_not_null_raw_impressions_date ............................. [[32mPASS[0m in 0.03s]
[0m23:11:30.326045 [debug] [Thread-1 (]: Finished running node test.data_processing_analytics.source_not_null_raw_impressions_event_type.af77bebbbd
[0m23:11:30.326624 [debug] [Thread-3 (]: On test.data_processing_analytics.source_accepted_values_raw_impressions_page_type__1__2__3.10e87cab6d: ROLLBACK
[0m23:11:30.327203 [debug] [Thread-2 (]: Finished running node test.data_processing_analytics.source_not_null_raw_impressions_date.f99b4db4ba
[0m23:11:30.326890 [debug] [Thread-4 (]: On test.data_processing_analytics.source_not_null_raw_impressions_hour.0d8b85a8de: Close
[0m23:11:30.327471 [debug] [Thread-1 (]: Began running node test.data_processing_analytics.source_not_null_raw_impressions_impression_id.90e58090a3
[0m23:11:30.327792 [debug] [Thread-2 (]: Began running node test.data_processing_analytics.source_not_null_raw_impressions_page_type.c42d24e3ac
[0m23:11:30.327945 [debug] [Thread-3 (]: On test.data_processing_analytics.source_accepted_values_raw_impressions_page_type__1__2__3.10e87cab6d: Close
[0m23:11:30.328276 [info ] [Thread-4 (]: 12 of 17 PASS source_not_null_raw_impressions_hour ............................. [[32mPASS[0m in 0.03s]
[0m23:11:30.328617 [info ] [Thread-1 (]: 13 of 17 START test source_not_null_raw_impressions_impression_id .............. [RUN]
[0m23:11:30.328894 [info ] [Thread-2 (]: 14 of 17 START test source_not_null_raw_impressions_page_type .................. [RUN]
[0m23:11:30.329272 [info ] [Thread-3 (]: 9 of 17 PASS source_accepted_values_raw_impressions_page_type__1__2__3 ......... [[32mPASS[0m in 0.04s]
[0m23:11:30.329582 [debug] [Thread-4 (]: Finished running node test.data_processing_analytics.source_not_null_raw_impressions_hour.0d8b85a8de
[0m23:11:30.329837 [debug] [Thread-1 (]: Re-using an available connection from the pool (formerly test.data_processing_analytics.source_not_null_raw_impressions_event_type.af77bebbbd, now test.data_processing_analytics.source_not_null_raw_impressions_impression_id.90e58090a3)
[0m23:11:30.330056 [debug] [Thread-2 (]: Re-using an available connection from the pool (formerly test.data_processing_analytics.source_not_null_raw_impressions_date.f99b4db4ba, now test.data_processing_analytics.source_not_null_raw_impressions_page_type.c42d24e3ac)
[0m23:11:30.330341 [debug] [Thread-3 (]: Finished running node test.data_processing_analytics.source_accepted_values_raw_impressions_page_type__1__2__3.10e87cab6d
[0m23:11:30.330564 [debug] [Thread-4 (]: Began running node test.data_processing_analytics.source_not_null_raw_impressions_user_id.bf76fbf5eb
[0m23:11:30.330797 [debug] [Thread-1 (]: Began compiling node test.data_processing_analytics.source_not_null_raw_impressions_impression_id.90e58090a3
[0m23:11:30.330980 [debug] [Thread-2 (]: Began compiling node test.data_processing_analytics.source_not_null_raw_impressions_page_type.c42d24e3ac
[0m23:11:30.331189 [debug] [Thread-3 (]: Began running node test.data_processing_analytics.unique_page_type_summary_page_type.32ffefcb6b
[0m23:11:30.331410 [info ] [Thread-4 (]: 15 of 17 START test source_not_null_raw_impressions_user_id .................... [RUN]
[0m23:11:30.333579 [debug] [Thread-1 (]: Writing injected SQL for node "test.data_processing_analytics.source_not_null_raw_impressions_impression_id.90e58090a3"
[0m23:11:30.335316 [debug] [Thread-2 (]: Writing injected SQL for node "test.data_processing_analytics.source_not_null_raw_impressions_page_type.c42d24e3ac"
[0m23:11:30.335570 [info ] [Thread-3 (]: 16 of 17 START test unique_page_type_summary_page_type ......................... [RUN]
[0m23:11:30.336052 [debug] [Thread-4 (]: Re-using an available connection from the pool (formerly test.data_processing_analytics.source_not_null_raw_impressions_hour.0d8b85a8de, now test.data_processing_analytics.source_not_null_raw_impressions_user_id.bf76fbf5eb)
[0m23:11:30.336627 [debug] [Thread-3 (]: Re-using an available connection from the pool (formerly test.data_processing_analytics.source_accepted_values_raw_impressions_page_type__1__2__3.10e87cab6d, now test.data_processing_analytics.unique_page_type_summary_page_type.32ffefcb6b)
[0m23:11:30.336969 [debug] [Thread-1 (]: Began executing node test.data_processing_analytics.source_not_null_raw_impressions_impression_id.90e58090a3
[0m23:11:30.337115 [debug] [Thread-4 (]: Began compiling node test.data_processing_analytics.source_not_null_raw_impressions_user_id.bf76fbf5eb
[0m23:11:30.337304 [debug] [Thread-2 (]: Began executing node test.data_processing_analytics.source_not_null_raw_impressions_page_type.c42d24e3ac
[0m23:11:30.337518 [debug] [Thread-3 (]: Began compiling node test.data_processing_analytics.unique_page_type_summary_page_type.32ffefcb6b
[0m23:11:30.339151 [debug] [Thread-1 (]: Writing runtime sql for node "test.data_processing_analytics.source_not_null_raw_impressions_impression_id.90e58090a3"
[0m23:11:30.341632 [debug] [Thread-4 (]: Writing injected SQL for node "test.data_processing_analytics.source_not_null_raw_impressions_user_id.bf76fbf5eb"
[0m23:11:30.342792 [debug] [Thread-2 (]: Writing runtime sql for node "test.data_processing_analytics.source_not_null_raw_impressions_page_type.c42d24e3ac"
[0m23:11:30.345474 [debug] [Thread-3 (]: Writing injected SQL for node "test.data_processing_analytics.unique_page_type_summary_page_type.32ffefcb6b"
[0m23:11:30.346291 [debug] [Thread-1 (]: Using postgres connection "test.data_processing_analytics.source_not_null_raw_impressions_impression_id.90e58090a3"
[0m23:11:30.346693 [debug] [Thread-1 (]: On test.data_processing_analytics.source_not_null_raw_impressions_impression_id.90e58090a3: BEGIN
[0m23:11:30.346887 [debug] [Thread-2 (]: Using postgres connection "test.data_processing_analytics.source_not_null_raw_impressions_page_type.c42d24e3ac"
[0m23:11:30.347059 [debug] [Thread-4 (]: Began executing node test.data_processing_analytics.source_not_null_raw_impressions_user_id.bf76fbf5eb
[0m23:11:30.347235 [debug] [Thread-1 (]: Opening a new connection, currently in state closed
[0m23:11:30.347410 [debug] [Thread-3 (]: Began executing node test.data_processing_analytics.unique_page_type_summary_page_type.32ffefcb6b
[0m23:11:30.347623 [debug] [Thread-2 (]: On test.data_processing_analytics.source_not_null_raw_impressions_page_type.c42d24e3ac: BEGIN
[0m23:11:30.351320 [debug] [Thread-2 (]: Opening a new connection, currently in state closed
[0m23:11:30.351107 [debug] [Thread-3 (]: Writing runtime sql for node "test.data_processing_analytics.unique_page_type_summary_page_type.32ffefcb6b"
[0m23:11:30.349638 [debug] [Thread-4 (]: Writing runtime sql for node "test.data_processing_analytics.source_not_null_raw_impressions_user_id.bf76fbf5eb"
[0m23:11:30.352239 [debug] [Thread-3 (]: Using postgres connection "test.data_processing_analytics.unique_page_type_summary_page_type.32ffefcb6b"
[0m23:11:30.354222 [debug] [Thread-3 (]: On test.data_processing_analytics.unique_page_type_summary_page_type.32ffefcb6b: BEGIN
[0m23:11:30.354404 [debug] [Thread-4 (]: Using postgres connection "test.data_processing_analytics.source_not_null_raw_impressions_user_id.bf76fbf5eb"
[0m23:11:30.354665 [debug] [Thread-3 (]: Opening a new connection, currently in state closed
[0m23:11:30.354837 [debug] [Thread-2 (]: SQL status: BEGIN in 0.004 seconds
[0m23:11:30.355006 [debug] [Thread-1 (]: SQL status: BEGIN in 0.008 seconds
[0m23:11:30.355151 [debug] [Thread-4 (]: On test.data_processing_analytics.source_not_null_raw_impressions_user_id.bf76fbf5eb: BEGIN
[0m23:11:30.355493 [debug] [Thread-2 (]: Using postgres connection "test.data_processing_analytics.source_not_null_raw_impressions_page_type.c42d24e3ac"
[0m23:11:30.355778 [debug] [Thread-1 (]: Using postgres connection "test.data_processing_analytics.source_not_null_raw_impressions_impression_id.90e58090a3"
[0m23:11:30.356465 [debug] [Thread-1 (]: On test.data_processing_analytics.source_not_null_raw_impressions_impression_id.90e58090a3: /* {"app": "dbt", "dbt_version": "1.9.1", "profile_name": "data_processing", "target_name": "local", "node_id": "test.data_processing_analytics.source_not_null_raw_impressions_impression_id.90e58090a3"} */

    select
      count(*) as failures,
      count(*) != 0 as should_warn,
      count(*) != 0 as should_error
    from (
      
    
  
    
    



select impression_id
from "data_processing"."raw"."impressions"
where impression_id is null



  
  
      
    ) dbt_internal_test
[0m23:11:30.356219 [debug] [Thread-2 (]: On test.data_processing_analytics.source_not_null_raw_impressions_page_type.c42d24e3ac: /* {"app": "dbt", "dbt_version": "1.9.1", "profile_name": "data_processing", "target_name": "local", "node_id": "test.data_processing_analytics.source_not_null_raw_impressions_page_type.c42d24e3ac"} */

    select
      count(*) as failures,
      count(*) != 0 as should_warn,
      count(*) != 0 as should_error
    from (
      
    
  
    
    



select page_type
from "data_processing"."raw"."impressions"
where page_type is null



  
  
      
    ) dbt_internal_test
[0m23:11:30.355982 [debug] [Thread-4 (]: Opening a new connection, currently in state closed
[0m23:11:30.358078 [debug] [Thread-1 (]: SQL status: SELECT 1 in 0.000 seconds
[0m23:11:30.358342 [debug] [Thread-2 (]: SQL status: SELECT 1 in 0.001 seconds
[0m23:11:30.359243 [debug] [Thread-1 (]: On test.data_processing_analytics.source_not_null_raw_impressions_impression_id.90e58090a3: ROLLBACK
[0m23:11:30.359425 [debug] [Thread-3 (]: SQL status: BEGIN in 0.005 seconds
[0m23:11:30.360090 [debug] [Thread-2 (]: On test.data_processing_analytics.source_not_null_raw_impressions_page_type.c42d24e3ac: ROLLBACK
[0m23:11:30.361428 [debug] [Thread-1 (]: On test.data_processing_analytics.source_not_null_raw_impressions_impression_id.90e58090a3: Close
[0m23:11:30.361599 [debug] [Thread-3 (]: Using postgres connection "test.data_processing_analytics.unique_page_type_summary_page_type.32ffefcb6b"
[0m23:11:30.361892 [debug] [Thread-4 (]: SQL status: BEGIN in 0.006 seconds
[0m23:11:30.362041 [debug] [Thread-2 (]: On test.data_processing_analytics.source_not_null_raw_impressions_page_type.c42d24e3ac: Close
[0m23:11:30.362358 [info ] [Thread-1 (]: 13 of 17 PASS source_not_null_raw_impressions_impression_id .................... [[32mPASS[0m in 0.03s]
[0m23:11:30.362668 [debug] [Thread-3 (]: On test.data_processing_analytics.unique_page_type_summary_page_type.32ffefcb6b: /* {"app": "dbt", "dbt_version": "1.9.1", "profile_name": "data_processing", "target_name": "local", "node_id": "test.data_processing_analytics.unique_page_type_summary_page_type.32ffefcb6b"} */

    select
      count(*) as failures,
      count(*) != 0 as should_warn,
      count(*) != 0 as should_error
    from (
      
    
  
    
    

select
    page_type as unique_field,
    count(*) as n_records

from "data_processing"."public_analytics"."page_type_summary"
where page_type is not null
group by page_type
having count(*) > 1



  
  
      
    ) dbt_internal_test
[0m23:11:30.362891 [debug] [Thread-4 (]: Using postgres connection "test.data_processing_analytics.source_not_null_raw_impressions_user_id.bf76fbf5eb"
[0m23:11:30.363210 [info ] [Thread-2 (]: 14 of 17 PASS source_not_null_raw_impressions_page_type ........................ [[32mPASS[0m in 0.03s]
[0m23:11:30.363516 [debug] [Thread-1 (]: Finished running node test.data_processing_analytics.source_not_null_raw_impressions_impression_id.90e58090a3
[0m23:11:30.363852 [debug] [Thread-4 (]: On test.data_processing_analytics.source_not_null_raw_impressions_user_id.bf76fbf5eb: /* {"app": "dbt", "dbt_version": "1.9.1", "profile_name": "data_processing", "target_name": "local", "node_id": "test.data_processing_analytics.source_not_null_raw_impressions_user_id.bf76fbf5eb"} */

    select
      count(*) as failures,
      count(*) != 0 as should_warn,
      count(*) != 0 as should_error
    from (
      
    
  
    
    



select user_id
from "data_processing"."raw"."impressions"
where user_id is null



  
  
      
    ) dbt_internal_test
[0m23:11:30.364171 [debug] [Thread-2 (]: Finished running node test.data_processing_analytics.source_not_null_raw_impressions_page_type.c42d24e3ac
[0m23:11:30.364339 [debug] [Thread-3 (]: SQL status: SELECT 1 in 0.001 seconds
[0m23:11:30.364565 [debug] [Thread-1 (]: Began running node test.data_processing_analytics.unique_user_engagement_user_id.3479fa49b6
[0m23:11:30.365529 [debug] [Thread-3 (]: On test.data_processing_analytics.unique_page_type_summary_page_type.32ffefcb6b: ROLLBACK
[0m23:11:30.365701 [debug] [Thread-4 (]: SQL status: SELECT 1 in 0.001 seconds
[0m23:11:30.365903 [info ] [Thread-1 (]: 17 of 17 START test unique_user_engagement_user_id ............................. [RUN]
[0m23:11:30.366230 [debug] [Thread-3 (]: On test.data_processing_analytics.unique_page_type_summary_page_type.32ffefcb6b: Close
[0m23:11:30.366775 [debug] [Thread-4 (]: On test.data_processing_analytics.source_not_null_raw_impressions_user_id.bf76fbf5eb: ROLLBACK
[0m23:11:30.366982 [debug] [Thread-1 (]: Re-using an available connection from the pool (formerly test.data_processing_analytics.source_not_null_raw_impressions_impression_id.90e58090a3, now test.data_processing_analytics.unique_user_engagement_user_id.3479fa49b6)
[0m23:11:30.367287 [info ] [Thread-3 (]: 16 of 17 PASS unique_page_type_summary_page_type ............................... [[32mPASS[0m in 0.03s]
[0m23:11:30.367619 [debug] [Thread-4 (]: On test.data_processing_analytics.source_not_null_raw_impressions_user_id.bf76fbf5eb: Close
[0m23:11:30.367757 [debug] [Thread-1 (]: Began compiling node test.data_processing_analytics.unique_user_engagement_user_id.3479fa49b6
[0m23:11:30.368030 [debug] [Thread-3 (]: Finished running node test.data_processing_analytics.unique_page_type_summary_page_type.32ffefcb6b
[0m23:11:30.368348 [info ] [Thread-4 (]: 15 of 17 PASS source_not_null_raw_impressions_user_id .......................... [[32mPASS[0m in 0.03s]
[0m23:11:30.370757 [debug] [Thread-4 (]: Finished running node test.data_processing_analytics.source_not_null_raw_impressions_user_id.bf76fbf5eb
[0m23:11:30.370324 [debug] [Thread-1 (]: Writing injected SQL for node "test.data_processing_analytics.unique_user_engagement_user_id.3479fa49b6"
[0m23:11:30.371370 [debug] [Thread-1 (]: Began executing node test.data_processing_analytics.unique_user_engagement_user_id.3479fa49b6
[0m23:11:30.372521 [debug] [Thread-1 (]: Writing runtime sql for node "test.data_processing_analytics.unique_user_engagement_user_id.3479fa49b6"
[0m23:11:30.372966 [debug] [Thread-1 (]: Using postgres connection "test.data_processing_analytics.unique_user_engagement_user_id.3479fa49b6"
[0m23:11:30.373132 [debug] [Thread-1 (]: On test.data_processing_analytics.unique_user_engagement_user_id.3479fa49b6: BEGIN
[0m23:11:30.373281 [debug] [Thread-1 (]: Opening a new connection, currently in state closed
[0m23:11:30.376481 [debug] [Thread-1 (]: SQL status: BEGIN in 0.003 seconds
[0m23:11:30.376662 [debug] [Thread-1 (]: Using postgres connection "test.data_processing_analytics.unique_user_engagement_user_id.3479fa49b6"
[0m23:11:30.376830 [debug] [Thread-1 (]: On test.data_processing_analytics.unique_user_engagement_user_id.3479fa49b6: /* {"app": "dbt", "dbt_version": "1.9.1", "profile_name": "data_processing", "target_name": "local", "node_id": "test.data_processing_analytics.unique_user_engagement_user_id.3479fa49b6"} */

    select
      count(*) as failures,
      count(*) != 0 as should_warn,
      count(*) != 0 as should_error
    from (
      
    
  
    
    

select
    user_id as unique_field,
    count(*) as n_records

from "data_processing"."public_analytics"."user_engagement"
where user_id is not null
group by user_id
having count(*) > 1



  
  
      
    ) dbt_internal_test
[0m23:11:30.377334 [debug] [Thread-1 (]: SQL status: SELECT 1 in 0.000 seconds
[0m23:11:30.377951 [debug] [Thread-1 (]: On test.data_processing_analytics.unique_user_engagement_user_id.3479fa49b6: ROLLBACK
[0m23:11:30.378159 [debug] [Thread-1 (]: On test.data_processing_analytics.unique_user_engagement_user_id.3479fa49b6: Close
[0m23:11:30.378467 [info ] [Thread-1 (]: 17 of 17 PASS unique_user_engagement_user_id ................................... [[32mPASS[0m in 0.01s]
[0m23:11:30.378868 [debug] [Thread-1 (]: Finished running node test.data_processing_analytics.unique_user_engagement_user_id.3479fa49b6
[0m23:11:30.379572 [debug] [MainThread]: Using postgres connection "master"
[0m23:11:30.379756 [debug] [MainThread]: On master: BEGIN
[0m23:11:30.379909 [debug] [MainThread]: Opening a new connection, currently in state closed
[0m23:11:30.383075 [debug] [MainThread]: SQL status: BEGIN in 0.003 seconds
[0m23:11:30.383230 [debug] [MainThread]: On master: COMMIT
[0m23:11:30.383361 [debug] [MainThread]: Using postgres connection "master"
[0m23:11:30.383482 [debug] [MainThread]: On master: COMMIT
[0m23:11:30.383652 [debug] [MainThread]: SQL status: COMMIT in 0.000 seconds
[0m23:11:30.383788 [debug] [MainThread]: On master: Close
[0m23:11:30.383967 [debug] [MainThread]: Connection 'master' was properly closed.
[0m23:11:30.384093 [debug] [MainThread]: Connection 'test.data_processing_analytics.unique_user_engagement_user_id.3479fa49b6' was properly closed.
[0m23:11:30.384210 [debug] [MainThread]: Connection 'test.data_processing_analytics.source_not_null_raw_impressions_page_type.c42d24e3ac' was properly closed.
[0m23:11:30.384325 [debug] [MainThread]: Connection 'test.data_processing_analytics.unique_page_type_summary_page_type.32ffefcb6b' was properly closed.
[0m23:11:30.384465 [debug] [MainThread]: Connection 'test.data_processing_analytics.source_not_null_raw_impressions_user_id.bf76fbf5eb' was properly closed.
[0m23:11:30.384657 [info ] [MainThread]: 
[0m23:11:30.384843 [info ] [MainThread]: Finished running 17 data tests in 0 hours 0 minutes and 0.25 seconds (0.25s).
[0m23:11:30.386013 [debug] [MainThread]: Command end result
[0m23:11:30.399942 [debug] [MainThread]: Wrote artifact WritableManifest to /dbt/target/manifest.json
[0m23:11:30.400833 [debug] [MainThread]: Wrote artifact SemanticManifest to /dbt/target/semantic_manifest.json
[0m23:11:30.405564 [debug] [MainThread]: Wrote artifact RunExecutionResult to /dbt/target/run_results.json
[0m23:11:30.405803 [info ] [MainThread]: 
[0m23:11:30.405998 [info ] [MainThread]: [32mCompleted successfully[0m
[0m23:11:30.406239 [info ] [MainThread]: 
[0m23:11:30.406449 [info ] [MainThread]: Done. PASS=17 WARN=0 ERROR=0 SKIP=0 TOTAL=17
[0m23:11:30.407005 [debug] [MainThread]: Resource report: {"command_name": "test", "command_success": true, "command_wall_clock_time": 0.56048477, "process_in_blocks": "0", "process_kernel_time": 0.054554, "process_mem_max_rss": "121448", "process_out_blocks": "2110", "process_user_time": 1.019364}
[0m23:11:30.407253 [debug] [MainThread]: Command `dbt test` succeeded at 23:11:30.407209 after 0.56 seconds
[0m23:11:30.407464 [debug] [MainThread]: Sending event: {'category': 'dbt', 'action': 'invocation', 'label': 'end', 'context': [<snowplow_tracker.self_describing_json.SelfDescribingJson object at 0xffffb3193100>, <snowplow_tracker.self_describing_json.SelfDescribingJson object at 0xffffb351e050>, <snowplow_tracker.self_describing_json.SelfDescribingJson object at 0xffffb10deb30>]}
[0m23:11:30.407680 [debug] [MainThread]: Flushing usage events
[0m23:11:30.574367 [debug] [MainThread]: An error was encountered while trying to flush usage events
[0m23:11:59.442294 [debug] [MainThread]: Sending event: {'category': 'dbt', 'action': 'invocation', 'label': 'start', 'context': [<snowplow_tracker.self_describing_json.SelfDescribingJson object at 0xffff8c4bb370>, <snowplow_tracker.self_describing_json.SelfDescribingJson object at 0xffff8b663bb0>, <snowplow_tracker.self_describing_json.SelfDescribingJson object at 0xffff8b6632e0>]}


============================== 23:11:59.445659 | ced7e235-8633-42cd-853f-48ba314e7054 ==============================
[0m23:11:59.445659 [info ] [MainThread]: Running with dbt=1.9.1
[0m23:11:59.445976 [debug] [MainThread]: running dbt with arguments {'printer_width': '80', 'indirect_selection': 'eager', 'write_json': 'True', 'log_cache_events': 'False', 'partial_parse': 'True', 'cache_selected_only': 'False', 'warn_error': 'None', 'fail_fast': 'False', 'version_check': 'True', 'log_path': '/dbt/logs', 'debug': 'False', 'profiles_dir': '/dbt', 'use_colors': 'True', 'use_experimental_parser': 'False', 'empty': 'None', 'quiet': 'False', 'no_print': 'None', 'log_format': 'default', 'introspect': 'True', 'warn_error_options': 'WarnErrorOptions(include=[], exclude=[])', 'static_parser': 'True', 'target_path': 'None', 'invocation_command': 'dbt deps', 'send_anonymous_usage_stats': 'True'}
[0m23:11:59.489694 [debug] [MainThread]: Sending event: {'category': 'dbt', 'action': 'project_id', 'label': 'ced7e235-8633-42cd-853f-48ba314e7054', 'context': [<snowplow_tracker.self_describing_json.SelfDescribingJson object at 0xffff8b536080>]}
[0m23:11:59.494004 [info ] [MainThread]: Warning: No packages were found in packages.yml
[0m23:11:59.495726 [info ] [MainThread]: Warning: No packages were found in packages.yml
[0m23:11:59.496269 [debug] [MainThread]: Resource report: {"command_name": "deps", "command_success": true, "command_wall_clock_time": 0.07618359, "process_in_blocks": "0", "process_kernel_time": 0.034101, "process_mem_max_rss": "95728", "process_out_blocks": "2131", "process_user_time": 0.646918}
[0m23:11:59.496528 [debug] [MainThread]: Command `dbt deps` succeeded at 23:11:59.496471 after 0.08 seconds
[0m23:11:59.496721 [debug] [MainThread]: Sending event: {'category': 'dbt', 'action': 'invocation', 'label': 'end', 'context': [<snowplow_tracker.self_describing_json.SelfDescribingJson object at 0xffff8c4bb370>, <snowplow_tracker.self_describing_json.SelfDescribingJson object at 0xffff8b536080>, <snowplow_tracker.self_describing_json.SelfDescribingJson object at 0xffff8b5349a0>]}
[0m23:11:59.496920 [debug] [MainThread]: Flushing usage events
[0m23:11:59.675616 [debug] [MainThread]: An error was encountered while trying to flush usage events
[0m23:12:00.308997 [debug] [MainThread]: Sending event: {'category': 'dbt', 'action': 'invocation', 'label': 'start', 'context': [<snowplow_tracker.self_describing_json.SelfDescribingJson object at 0xffffaa877130>, <snowplow_tracker.self_describing_json.SelfDescribingJson object at 0xffffa9a049d0>, <snowplow_tracker.self_describing_json.SelfDescribingJson object at 0xffffa9a06230>]}


============================== 23:12:00.310162 | d0ef4e9e-af16-45bc-971e-304bd053d256 ==============================
[0m23:12:00.310162 [info ] [MainThread]: Running with dbt=1.9.1
[0m23:12:00.310520 [debug] [MainThread]: running dbt with arguments {'printer_width': '80', 'indirect_selection': 'eager', 'log_cache_events': 'False', 'write_json': 'True', 'partial_parse': 'True', 'cache_selected_only': 'False', 'profiles_dir': '/dbt', 'fail_fast': 'False', 'debug': 'False', 'log_path': '/dbt/logs', 'warn_error': 'None', 'version_check': 'True', 'use_colors': 'True', 'use_experimental_parser': 'False', 'empty': 'None', 'quiet': 'False', 'no_print': 'None', 'log_format': 'default', 'introspect': 'True', 'warn_error_options': 'WarnErrorOptions(include=[], exclude=[])', 'static_parser': 'True', 'target_path': 'None', 'invocation_command': 'dbt seed', 'send_anonymous_usage_stats': 'True'}
[0m23:12:00.373719 [debug] [MainThread]: Sending event: {'category': 'dbt', 'action': 'project_id', 'label': 'd0ef4e9e-af16-45bc-971e-304bd053d256', 'context': [<snowplow_tracker.self_describing_json.SelfDescribingJson object at 0xffffac656260>]}
[0m23:12:00.397009 [debug] [MainThread]: Sending event: {'category': 'dbt', 'action': 'adapter_info', 'label': 'd0ef4e9e-af16-45bc-971e-304bd053d256', 'context': [<snowplow_tracker.self_describing_json.SelfDescribingJson object at 0xffffaa802110>]}
[0m23:12:00.397368 [info ] [MainThread]: Registered adapter: postgres=1.9.1
[0m23:12:00.426466 [debug] [MainThread]: checksum: 5e8d1596cf4eae33c11286bbb248a722d21b9f00d8a7ced8137c642517055418, vars: {}, profile: , target: , version: 1.9.1
[0m23:12:00.488959 [debug] [MainThread]: Partial parsing enabled: 0 files deleted, 0 files added, 0 files changed.
[0m23:12:00.489216 [debug] [MainThread]: Partial parsing enabled, no changes found, skipping parsing
[0m23:12:00.512427 [debug] [MainThread]: Sending event: {'category': 'dbt', 'action': 'load_project', 'label': 'd0ef4e9e-af16-45bc-971e-304bd053d256', 'context': [<snowplow_tracker.self_describing_json.SelfDescribingJson object at 0xffffa8654130>]}
[0m23:12:00.558096 [debug] [MainThread]: Wrote artifact WritableManifest to /dbt/target/manifest.json
[0m23:12:00.571981 [debug] [MainThread]: Wrote artifact SemanticManifest to /dbt/target/semantic_manifest.json
[0m23:12:00.581226 [debug] [MainThread]: Sending event: {'category': 'dbt', 'action': 'resource_counts', 'label': 'd0ef4e9e-af16-45bc-971e-304bd053d256', 'context': [<snowplow_tracker.self_describing_json.SelfDescribingJson object at 0xffffa868d6c0>]}
[0m23:12:00.581496 [info ] [MainThread]: Found 6 models, 17 data tests, 1 source, 434 macros
[0m23:12:00.581688 [debug] [MainThread]: Sending event: {'category': 'dbt', 'action': 'runnable_timing', 'label': 'd0ef4e9e-af16-45bc-971e-304bd053d256', 'context': [<snowplow_tracker.self_describing_json.SelfDescribingJson object at 0xffffa86044f0>]}
[0m23:12:00.582508 [warn ] [MainThread]: Nothing to do. Try checking your model configs and model specification args
[0m23:12:00.583610 [debug] [MainThread]: Command end result
[0m23:12:00.596187 [debug] [MainThread]: Wrote artifact WritableManifest to /dbt/target/manifest.json
[0m23:12:00.597004 [debug] [MainThread]: Wrote artifact SemanticManifest to /dbt/target/semantic_manifest.json
[0m23:12:00.598462 [debug] [MainThread]: Wrote artifact RunExecutionResult to /dbt/target/run_results.json
[0m23:12:00.598589 [info ] [MainThread]: 
[0m23:12:00.598805 [info ] [MainThread]: [32mCompleted successfully[0m
[0m23:12:00.599037 [info ] [MainThread]: 
[0m23:12:00.599258 [info ] [MainThread]: Done. PASS=0 WARN=0 ERROR=0 SKIP=0 TOTAL=0
[0m23:12:00.599962 [debug] [MainThread]: Resource report: {"command_name": "seed", "command_success": true, "command_wall_clock_time": 0.31370857, "process_in_blocks": "0", "process_kernel_time": 0.034915, "process_mem_max_rss": "112668", "process_out_blocks": "2271", "process_user_time": 0.772126}
[0m23:12:00.600177 [debug] [MainThread]: Command `dbt seed` succeeded at 23:12:00.600136 after 0.31 seconds
[0m23:12:00.600352 [debug] [MainThread]: Sending event: {'category': 'dbt', 'action': 'invocation', 'label': 'end', 'context': [<snowplow_tracker.self_describing_json.SelfDescribingJson object at 0xffffaa877130>, <snowplow_tracker.self_describing_json.SelfDescribingJson object at 0xffffaa7c8d00>, <snowplow_tracker.self_describing_json.SelfDescribingJson object at 0xffffa99a9ab0>]}
[0m23:12:00.600547 [debug] [MainThread]: Flushing usage events
[0m23:12:00.810717 [debug] [MainThread]: An error was encountered while trying to flush usage events
[0m23:12:01.516693 [debug] [MainThread]: Sending event: {'category': 'dbt', 'action': 'invocation', 'label': 'start', 'context': [<snowplow_tracker.self_describing_json.SelfDescribingJson object at 0xffff7f397130>, <snowplow_tracker.self_describing_json.SelfDescribingJson object at 0xffff7e524940>, <snowplow_tracker.self_describing_json.SelfDescribingJson object at 0xffff7e526230>]}


============================== 23:12:01.517911 | 80a525e8-8c18-4a68-8312-0a87327731ac ==============================
[0m23:12:01.517911 [info ] [MainThread]: Running with dbt=1.9.1
[0m23:12:01.518282 [debug] [MainThread]: running dbt with arguments {'printer_width': '80', 'indirect_selection': 'eager', 'write_json': 'True', 'log_cache_events': 'False', 'partial_parse': 'True', 'cache_selected_only': 'False', 'warn_error': 'None', 'debug': 'False', 'version_check': 'True', 'log_path': '/dbt/logs', 'profiles_dir': '/dbt', 'fail_fast': 'False', 'use_colors': 'True', 'use_experimental_parser': 'False', 'empty': 'False', 'quiet': 'False', 'no_print': 'None', 'log_format': 'default', 'static_parser': 'True', 'invocation_command': 'dbt run', 'introspect': 'True', 'target_path': 'None', 'warn_error_options': 'WarnErrorOptions(include=[], exclude=[])', 'send_anonymous_usage_stats': 'True'}
[0m23:12:01.580995 [debug] [MainThread]: Sending event: {'category': 'dbt', 'action': 'project_id', 'label': '80a525e8-8c18-4a68-8312-0a87327731ac', 'context': [<snowplow_tracker.self_describing_json.SelfDescribingJson object at 0xffff81176260>]}
[0m23:12:01.604361 [debug] [MainThread]: Sending event: {'category': 'dbt', 'action': 'adapter_info', 'label': '80a525e8-8c18-4a68-8312-0a87327731ac', 'context': [<snowplow_tracker.self_describing_json.SelfDescribingJson object at 0xffff7f322110>]}
[0m23:12:01.604720 [info ] [MainThread]: Registered adapter: postgres=1.9.1
[0m23:12:01.633171 [debug] [MainThread]: checksum: 5e8d1596cf4eae33c11286bbb248a722d21b9f00d8a7ced8137c642517055418, vars: {}, profile: , target: , version: 1.9.1
[0m23:12:01.694711 [debug] [MainThread]: Partial parsing enabled: 0 files deleted, 0 files added, 0 files changed.
[0m23:12:01.694947 [debug] [MainThread]: Partial parsing enabled, no changes found, skipping parsing
[0m23:12:01.718316 [debug] [MainThread]: Sending event: {'category': 'dbt', 'action': 'load_project', 'label': '80a525e8-8c18-4a68-8312-0a87327731ac', 'context': [<snowplow_tracker.self_describing_json.SelfDescribingJson object at 0xffff7d174130>]}
[0m23:12:01.763729 [debug] [MainThread]: Wrote artifact WritableManifest to /dbt/target/manifest.json
[0m23:12:01.767035 [debug] [MainThread]: Wrote artifact SemanticManifest to /dbt/target/semantic_manifest.json
[0m23:12:01.772610 [debug] [MainThread]: Sending event: {'category': 'dbt', 'action': 'resource_counts', 'label': '80a525e8-8c18-4a68-8312-0a87327731ac', 'context': [<snowplow_tracker.self_describing_json.SelfDescribingJson object at 0xffff7d177d00>]}
[0m23:12:01.772849 [info ] [MainThread]: Found 6 models, 17 data tests, 1 source, 434 macros
[0m23:12:01.773049 [debug] [MainThread]: Sending event: {'category': 'dbt', 'action': 'runnable_timing', 'label': '80a525e8-8c18-4a68-8312-0a87327731ac', 'context': [<snowplow_tracker.self_describing_json.SelfDescribingJson object at 0xffff7d177c70>]}
[0m23:12:01.774052 [info ] [MainThread]: 
[0m23:12:01.774289 [info ] [MainThread]: Concurrency: 4 threads (target='local')
[0m23:12:01.774469 [info ] [MainThread]: 
[0m23:12:01.774768 [debug] [MainThread]: Acquiring new postgres connection 'master'
[0m23:12:01.776997 [debug] [ThreadPool]: Acquiring new postgres connection 'list_data_processing'
[0m23:12:01.777343 [debug] [ThreadPool]: Acquiring new postgres connection 'list_data_processing'
[0m23:12:01.812152 [debug] [ThreadPool]: Using postgres connection "list_data_processing"
[0m23:12:01.812351 [debug] [ThreadPool]: Using postgres connection "list_data_processing"
[0m23:12:01.812572 [debug] [ThreadPool]: On list_data_processing: /* {"app": "dbt", "dbt_version": "1.9.1", "profile_name": "data_processing", "target_name": "local", "connection_name": "list_data_processing"} */

    select distinct nspname from pg_namespace
  
[0m23:12:01.812829 [debug] [ThreadPool]: On list_data_processing: /* {"app": "dbt", "dbt_version": "1.9.1", "profile_name": "data_processing", "target_name": "local", "connection_name": "list_data_processing"} */

    select distinct nspname from pg_namespace
  
[0m23:12:01.813011 [debug] [ThreadPool]: Opening a new connection, currently in state init
[0m23:12:01.813205 [debug] [ThreadPool]: Opening a new connection, currently in state init
[0m23:12:01.818512 [debug] [ThreadPool]: SQL status: SELECT 8 in 0.005 seconds
[0m23:12:01.818669 [debug] [ThreadPool]: SQL status: SELECT 8 in 0.005 seconds
[0m23:12:01.819220 [debug] [ThreadPool]: On list_data_processing: Close
[0m23:12:01.819769 [debug] [ThreadPool]: On list_data_processing: Close
[0m23:12:01.820768 [debug] [ThreadPool]: Re-using an available connection from the pool (formerly list_data_processing, now list_data_processing_public_staging)
[0m23:12:01.821015 [debug] [ThreadPool]: Re-using an available connection from the pool (formerly list_data_processing, now list_data_processing_public_analytics)
[0m23:12:01.823745 [debug] [ThreadPool]: Using postgres connection "list_data_processing_public_staging"
[0m23:12:01.824935 [debug] [ThreadPool]: Using postgres connection "list_data_processing_public_analytics"
[0m23:12:01.825114 [debug] [ThreadPool]: On list_data_processing_public_staging: BEGIN
[0m23:12:01.825300 [debug] [ThreadPool]: On list_data_processing_public_analytics: BEGIN
[0m23:12:01.825451 [debug] [ThreadPool]: Opening a new connection, currently in state closed
[0m23:12:01.825623 [debug] [ThreadPool]: Opening a new connection, currently in state closed
[0m23:12:01.829201 [debug] [ThreadPool]: SQL status: BEGIN in 0.004 seconds
[0m23:12:01.829353 [debug] [ThreadPool]: SQL status: BEGIN in 0.004 seconds
[0m23:12:01.829538 [debug] [ThreadPool]: Using postgres connection "list_data_processing_public_analytics"
[0m23:12:01.829720 [debug] [ThreadPool]: Using postgres connection "list_data_processing_public_staging"
[0m23:12:01.829991 [debug] [ThreadPool]: On list_data_processing_public_analytics: /* {"app": "dbt", "dbt_version": "1.9.1", "profile_name": "data_processing", "target_name": "local", "connection_name": "list_data_processing_public_analytics"} */
select
      'data_processing' as database,
      tablename as name,
      schemaname as schema,
      'table' as type
    from pg_tables
    where schemaname ilike 'public_analytics'
    union all
    select
      'data_processing' as database,
      viewname as name,
      schemaname as schema,
      'view' as type
    from pg_views
    where schemaname ilike 'public_analytics'
    union all
    select
      'data_processing' as database,
      matviewname as name,
      schemaname as schema,
      'materialized_view' as type
    from pg_matviews
    where schemaname ilike 'public_analytics'
  
[0m23:12:01.830222 [debug] [ThreadPool]: On list_data_processing_public_staging: /* {"app": "dbt", "dbt_version": "1.9.1", "profile_name": "data_processing", "target_name": "local", "connection_name": "list_data_processing_public_staging"} */
select
      'data_processing' as database,
      tablename as name,
      schemaname as schema,
      'table' as type
    from pg_tables
    where schemaname ilike 'public_staging'
    union all
    select
      'data_processing' as database,
      viewname as name,
      schemaname as schema,
      'view' as type
    from pg_views
    where schemaname ilike 'public_staging'
    union all
    select
      'data_processing' as database,
      matviewname as name,
      schemaname as schema,
      'materialized_view' as type
    from pg_matviews
    where schemaname ilike 'public_staging'
  
[0m23:12:01.831594 [debug] [ThreadPool]: SQL status: SELECT 5 in 0.001 seconds
[0m23:12:01.831740 [debug] [ThreadPool]: SQL status: SELECT 1 in 0.001 seconds
[0m23:12:01.832388 [debug] [ThreadPool]: On list_data_processing_public_analytics: ROLLBACK
[0m23:12:01.832897 [debug] [ThreadPool]: On list_data_processing_public_staging: ROLLBACK
[0m23:12:01.833170 [debug] [ThreadPool]: On list_data_processing_public_analytics: Close
[0m23:12:01.833350 [debug] [ThreadPool]: On list_data_processing_public_staging: Close
[0m23:12:01.836457 [debug] [MainThread]: Using postgres connection "master"
[0m23:12:01.836728 [debug] [MainThread]: On master: BEGIN
[0m23:12:01.836896 [debug] [MainThread]: Opening a new connection, currently in state init
[0m23:12:01.840357 [debug] [MainThread]: SQL status: BEGIN in 0.003 seconds
[0m23:12:01.840550 [debug] [MainThread]: Using postgres connection "master"
[0m23:12:01.840752 [debug] [MainThread]: On master: /* {"app": "dbt", "dbt_version": "1.9.1", "profile_name": "data_processing", "target_name": "local", "connection_name": "master"} */
select distinct
        dependent_namespace.nspname as dependent_schema,
        dependent_class.relname as dependent_name,
        referenced_namespace.nspname as referenced_schema,
        referenced_class.relname as referenced_name

    -- Query for views: views are entries in pg_class with an entry in pg_rewrite, but we avoid
    -- a seq scan on pg_rewrite by leveraging the fact there is an "internal" row in pg_depend for
    -- the view...
    from pg_class as dependent_class
    join pg_namespace as dependent_namespace on dependent_namespace.oid = dependent_class.relnamespace
    join pg_depend as dependent_depend on dependent_depend.refobjid = dependent_class.oid
        and dependent_depend.classid = 'pg_rewrite'::regclass
        and dependent_depend.refclassid = 'pg_class'::regclass
        and dependent_depend.deptype = 'i'

    -- ... and via pg_depend (that has a row per column, hence the need for "distinct" above, and
    -- making sure to exclude the internal row to avoid a view appearing to depend on itself)...
    join pg_depend as joining_depend on joining_depend.objid = dependent_depend.objid
        and joining_depend.classid = 'pg_rewrite'::regclass
        and joining_depend.refclassid = 'pg_class'::regclass
        and joining_depend.refobjid != dependent_depend.refobjid

    -- ... we can find the tables they query from in pg_class, but excluding system tables. Note we
    -- don't need need to exclude _dependent_ system tables, because they only query from other
    -- system tables, and so are automatically excluded by excluding _referenced_ system tables
    join pg_class as referenced_class on referenced_class.oid = joining_depend.refobjid
    join pg_namespace as referenced_namespace on referenced_namespace.oid = referenced_class.relnamespace
        and referenced_namespace.nspname != 'information_schema'
        and referenced_namespace.nspname not like 'pg\_%'

    order by
        dependent_schema, dependent_name, referenced_schema, referenced_name;
[0m23:12:01.842096 [debug] [MainThread]: SQL status: SELECT 1 in 0.001 seconds
[0m23:12:01.842724 [debug] [MainThread]: Sending event: {'category': 'dbt', 'action': 'runnable_timing', 'label': '80a525e8-8c18-4a68-8312-0a87327731ac', 'context': [<snowplow_tracker.self_describing_json.SelfDescribingJson object at 0xffff7d176140>]}
[0m23:12:01.842991 [debug] [MainThread]: On master: ROLLBACK
[0m23:12:01.843206 [debug] [MainThread]: Using postgres connection "master"
[0m23:12:01.843350 [debug] [MainThread]: On master: BEGIN
[0m23:12:01.843537 [debug] [MainThread]: SQL status: BEGIN in 0.000 seconds
[0m23:12:01.843663 [debug] [MainThread]: On master: COMMIT
[0m23:12:01.843786 [debug] [MainThread]: Using postgres connection "master"
[0m23:12:01.843902 [debug] [MainThread]: On master: COMMIT
[0m23:12:01.844057 [debug] [MainThread]: SQL status: COMMIT in 0.000 seconds
[0m23:12:01.844184 [debug] [MainThread]: On master: Close
[0m23:12:01.845286 [debug] [Thread-1 (]: Began running node model.data_processing_analytics.stg_impressions
[0m23:12:01.845588 [info ] [Thread-1 (]: 1 of 6 START sql view model public_staging.stg_impressions ..................... [RUN]
[0m23:12:01.845910 [debug] [Thread-1 (]: Re-using an available connection from the pool (formerly list_data_processing_public_staging, now model.data_processing_analytics.stg_impressions)
[0m23:12:01.846109 [debug] [Thread-1 (]: Began compiling node model.data_processing_analytics.stg_impressions
[0m23:12:01.849865 [debug] [Thread-1 (]: Writing injected SQL for node "model.data_processing_analytics.stg_impressions"
[0m23:12:01.850491 [debug] [Thread-1 (]: Began executing node model.data_processing_analytics.stg_impressions
[0m23:12:01.865823 [debug] [Thread-1 (]: Writing runtime sql for node "model.data_processing_analytics.stg_impressions"
[0m23:12:01.866597 [debug] [Thread-1 (]: Using postgres connection "model.data_processing_analytics.stg_impressions"
[0m23:12:01.866781 [debug] [Thread-1 (]: On model.data_processing_analytics.stg_impressions: BEGIN
[0m23:12:01.866952 [debug] [Thread-1 (]: Opening a new connection, currently in state closed
[0m23:12:01.870306 [debug] [Thread-1 (]: SQL status: BEGIN in 0.003 seconds
[0m23:12:01.870473 [debug] [Thread-1 (]: Using postgres connection "model.data_processing_analytics.stg_impressions"
[0m23:12:01.870665 [debug] [Thread-1 (]: On model.data_processing_analytics.stg_impressions: /* {"app": "dbt", "dbt_version": "1.9.1", "profile_name": "data_processing", "target_name": "local", "node_id": "model.data_processing_analytics.stg_impressions"} */

  create view "data_processing"."public_staging"."stg_impressions__dbt_tmp"
    
    
  as (
    with source as (
    select * from "data_processing"."raw"."impressions"
),

cleaned as (
    select
        user_id,
        impression_id,
        page_type,
        date::date as event_date,
        hour,
        min as minute,
        second,
        event_type,
        make_timestamp(
            extract(year from date::date)::int,
            extract(month from date::date)::int,
            extract(day from date::date)::int,
            hour,
            min,
            second
        ) as event_timestamp
    from source
)

select * from cleaned
  );
[0m23:12:01.871744 [debug] [Thread-1 (]: SQL status: CREATE VIEW in 0.001 seconds
[0m23:12:01.874645 [debug] [Thread-1 (]: Using postgres connection "model.data_processing_analytics.stg_impressions"
[0m23:12:01.874827 [debug] [Thread-1 (]: On model.data_processing_analytics.stg_impressions: /* {"app": "dbt", "dbt_version": "1.9.1", "profile_name": "data_processing", "target_name": "local", "node_id": "model.data_processing_analytics.stg_impressions"} */
alter table "data_processing"."public_staging"."stg_impressions" rename to "stg_impressions__dbt_backup"
[0m23:12:01.875176 [debug] [Thread-1 (]: SQL status: ALTER TABLE in 0.000 seconds
[0m23:12:01.876450 [debug] [Thread-1 (]: Using postgres connection "model.data_processing_analytics.stg_impressions"
[0m23:12:01.876628 [debug] [Thread-1 (]: On model.data_processing_analytics.stg_impressions: /* {"app": "dbt", "dbt_version": "1.9.1", "profile_name": "data_processing", "target_name": "local", "node_id": "model.data_processing_analytics.stg_impressions"} */
alter table "data_processing"."public_staging"."stg_impressions__dbt_tmp" rename to "stg_impressions"
[0m23:12:01.876973 [debug] [Thread-1 (]: SQL status: ALTER TABLE in 0.000 seconds
[0m23:12:01.884701 [debug] [Thread-1 (]: On model.data_processing_analytics.stg_impressions: COMMIT
[0m23:12:01.884937 [debug] [Thread-1 (]: Using postgres connection "model.data_processing_analytics.stg_impressions"
[0m23:12:01.885129 [debug] [Thread-1 (]: On model.data_processing_analytics.stg_impressions: COMMIT
[0m23:12:01.885594 [debug] [Thread-1 (]: SQL status: COMMIT in 0.000 seconds
[0m23:12:01.888172 [debug] [Thread-1 (]: Applying DROP to: "data_processing"."public_staging"."stg_impressions__dbt_backup"
[0m23:12:01.889921 [debug] [Thread-1 (]: Using postgres connection "model.data_processing_analytics.stg_impressions"
[0m23:12:01.890105 [debug] [Thread-1 (]: On model.data_processing_analytics.stg_impressions: /* {"app": "dbt", "dbt_version": "1.9.1", "profile_name": "data_processing", "target_name": "local", "node_id": "model.data_processing_analytics.stg_impressions"} */
drop view if exists "data_processing"."public_staging"."stg_impressions__dbt_backup" cascade
[0m23:12:01.890922 [debug] [Thread-1 (]: SQL status: DROP VIEW in 0.001 seconds
[0m23:12:01.892066 [debug] [Thread-1 (]: On model.data_processing_analytics.stg_impressions: Close
[0m23:12:01.892885 [debug] [Thread-1 (]: Sending event: {'category': 'dbt', 'action': 'run_model', 'label': '80a525e8-8c18-4a68-8312-0a87327731ac', 'context': [<snowplow_tracker.self_describing_json.SelfDescribingJson object at 0xffff7e4c5a20>]}
[0m23:12:01.893214 [info ] [Thread-1 (]: 1 of 6 OK created sql view model public_staging.stg_impressions ................ [[32mCREATE VIEW[0m in 0.05s]
[0m23:12:01.893506 [debug] [Thread-1 (]: Finished running node model.data_processing_analytics.stg_impressions
[0m23:12:01.893948 [debug] [Thread-3 (]: Began running node model.data_processing_analytics.funnel_analysis
[0m23:12:01.894107 [debug] [Thread-4 (]: Began running node model.data_processing_analytics.int_impressions_aggregated
[0m23:12:01.894375 [info ] [Thread-3 (]: 2 of 6 START sql table model public_analytics.funnel_analysis .................. [RUN]
[0m23:12:01.895068 [debug] [Thread-3 (]: Acquiring new postgres connection 'model.data_processing_analytics.funnel_analysis'
[0m23:12:01.894753 [info ] [Thread-4 (]: 3 of 6 START sql table model public_analytics.int_impressions_aggregated ....... [RUN]
[0m23:12:01.895444 [debug] [Thread-4 (]: Acquiring new postgres connection 'model.data_processing_analytics.int_impressions_aggregated'
[0m23:12:01.895260 [debug] [Thread-3 (]: Began compiling node model.data_processing_analytics.funnel_analysis
[0m23:12:01.895583 [debug] [Thread-4 (]: Began compiling node model.data_processing_analytics.int_impressions_aggregated
[0m23:12:01.896958 [debug] [Thread-3 (]: Writing injected SQL for node "model.data_processing_analytics.funnel_analysis"
[0m23:12:01.898123 [debug] [Thread-4 (]: Writing injected SQL for node "model.data_processing_analytics.int_impressions_aggregated"
[0m23:12:01.898698 [debug] [Thread-3 (]: Began executing node model.data_processing_analytics.funnel_analysis
[0m23:12:01.898880 [debug] [Thread-4 (]: Began executing node model.data_processing_analytics.int_impressions_aggregated
[0m23:12:01.908312 [debug] [Thread-3 (]: Writing runtime sql for node "model.data_processing_analytics.funnel_analysis"
[0m23:12:01.909874 [debug] [Thread-4 (]: Writing runtime sql for node "model.data_processing_analytics.int_impressions_aggregated"
[0m23:12:01.910675 [debug] [Thread-3 (]: Using postgres connection "model.data_processing_analytics.funnel_analysis"
[0m23:12:01.911023 [debug] [Thread-3 (]: On model.data_processing_analytics.funnel_analysis: BEGIN
[0m23:12:01.911199 [debug] [Thread-3 (]: Opening a new connection, currently in state init
[0m23:12:01.910905 [debug] [Thread-4 (]: Using postgres connection "model.data_processing_analytics.int_impressions_aggregated"
[0m23:12:01.911536 [debug] [Thread-4 (]: On model.data_processing_analytics.int_impressions_aggregated: BEGIN
[0m23:12:01.911819 [debug] [Thread-4 (]: Opening a new connection, currently in state init
[0m23:12:01.915842 [debug] [Thread-3 (]: SQL status: BEGIN in 0.005 seconds
[0m23:12:01.916020 [debug] [Thread-3 (]: Using postgres connection "model.data_processing_analytics.funnel_analysis"
[0m23:12:01.916277 [debug] [Thread-3 (]: On model.data_processing_analytics.funnel_analysis: /* {"app": "dbt", "dbt_version": "1.9.1", "profile_name": "data_processing", "target_name": "local", "node_id": "model.data_processing_analytics.funnel_analysis"} */

  
    

  create  table "data_processing"."public_analytics"."funnel_analysis__dbt_tmp"
  
  
    as
  
  (
    /*
    Funnel conversion analysis by page type.
    Shows how many impressions reach each event stage and conversion rates.

    Expected patterns based on data generation:
      - Page 1: ~10% reach d, 0% reach e or f
      - Page 2: ~30% reach d, ~10% reach e, 0% reach f
      - Page 3: ~50% reach d, ~20% reach e, ~10% reach f
*/
with impressions as (
    select * from "data_processing"."public_staging"."stg_impressions"
),

total_impressions as (
    select
        page_type,
        count(distinct impression_id) as total_impressions
    from impressions
    group by page_type
),

event_counts as (
    select
        page_type,
        event_type,
        count(distinct impression_id) as impressions_at_stage
    from impressions
    group by page_type, event_type
),

funnel as (
    select
        ec.page_type,
        ec.event_type,
        ec.impressions_at_stage,
        ti.total_impressions,
        round(
            (ec.impressions_at_stage::numeric / ti.total_impressions) * 100, 2
        ) as pct_of_total,
        round(
            (ec.impressions_at_stage::numeric / lag(ec.impressions_at_stage) over (
                partition by ec.page_type order by ec.event_type
            )) * 100, 2
        ) as pct_from_previous_stage
    from event_counts ec
    join total_impressions ti on ec.page_type = ti.page_type
)

select * from funnel
order by page_type, event_type
  );
  
[0m23:12:01.916439 [debug] [Thread-4 (]: SQL status: BEGIN in 0.005 seconds
[0m23:12:01.916674 [debug] [Thread-4 (]: Using postgres connection "model.data_processing_analytics.int_impressions_aggregated"
[0m23:12:01.916919 [debug] [Thread-4 (]: On model.data_processing_analytics.int_impressions_aggregated: /* {"app": "dbt", "dbt_version": "1.9.1", "profile_name": "data_processing", "target_name": "local", "node_id": "model.data_processing_analytics.int_impressions_aggregated"} */

  
    

  create  table "data_processing"."public_analytics"."int_impressions_aggregated__dbt_tmp"
  
  
    as
  
  (
    /*
    Aggregates impression events by user, impression, and page type.
    Mirrors the spark aggregation job in spark_applications/aggregation.py.
*/
with impressions as (
    select * from "data_processing"."public_staging"."stg_impressions"
),

aggregated as (
    select
        user_id,
        impression_id,
        page_type,
        event_date,
        hour,
        count(*) as event_count,
        count(distinct event_type) as distinct_events,
        min(second) as first_event_second,
        max(second) as last_event_second,
        min(event_timestamp) as first_event_at,
        max(event_timestamp) as last_event_at,
        max(event_type) as max_event_reached
    from impressions
    group by user_id, impression_id, page_type, event_date, hour
)

select * from aggregated
  );
  
[0m23:12:01.918533 [debug] [Thread-3 (]: SQL status: SELECT 0 in 0.002 seconds
[0m23:12:01.922056 [debug] [Thread-3 (]: Using postgres connection "model.data_processing_analytics.funnel_analysis"
[0m23:12:01.922233 [debug] [Thread-4 (]: SQL status: SELECT 0 in 0.005 seconds
[0m23:12:01.922514 [debug] [Thread-3 (]: On model.data_processing_analytics.funnel_analysis: /* {"app": "dbt", "dbt_version": "1.9.1", "profile_name": "data_processing", "target_name": "local", "node_id": "model.data_processing_analytics.funnel_analysis"} */
alter table "data_processing"."public_analytics"."funnel_analysis" rename to "funnel_analysis__dbt_backup"
[0m23:12:01.923900 [debug] [Thread-4 (]: Using postgres connection "model.data_processing_analytics.int_impressions_aggregated"
[0m23:12:01.924144 [debug] [Thread-4 (]: On model.data_processing_analytics.int_impressions_aggregated: /* {"app": "dbt", "dbt_version": "1.9.1", "profile_name": "data_processing", "target_name": "local", "node_id": "model.data_processing_analytics.int_impressions_aggregated"} */
alter table "data_processing"."public_analytics"."int_impressions_aggregated" rename to "int_impressions_aggregated__dbt_backup"
[0m23:12:01.924284 [debug] [Thread-3 (]: SQL status: ALTER TABLE in 0.000 seconds
[0m23:12:01.925594 [debug] [Thread-3 (]: Using postgres connection "model.data_processing_analytics.funnel_analysis"
[0m23:12:01.925703 [debug] [Thread-4 (]: SQL status: ALTER TABLE in 0.001 seconds
[0m23:12:01.925887 [debug] [Thread-3 (]: On model.data_processing_analytics.funnel_analysis: /* {"app": "dbt", "dbt_version": "1.9.1", "profile_name": "data_processing", "target_name": "local", "node_id": "model.data_processing_analytics.funnel_analysis"} */
alter table "data_processing"."public_analytics"."funnel_analysis__dbt_tmp" rename to "funnel_analysis"
[0m23:12:01.927068 [debug] [Thread-4 (]: Using postgres connection "model.data_processing_analytics.int_impressions_aggregated"
[0m23:12:01.927292 [debug] [Thread-4 (]: On model.data_processing_analytics.int_impressions_aggregated: /* {"app": "dbt", "dbt_version": "1.9.1", "profile_name": "data_processing", "target_name": "local", "node_id": "model.data_processing_analytics.int_impressions_aggregated"} */
alter table "data_processing"."public_analytics"."int_impressions_aggregated__dbt_tmp" rename to "int_impressions_aggregated"
[0m23:12:01.927420 [debug] [Thread-3 (]: SQL status: ALTER TABLE in 0.000 seconds
[0m23:12:01.928298 [debug] [Thread-3 (]: On model.data_processing_analytics.funnel_analysis: COMMIT
[0m23:12:01.927646 [debug] [Thread-4 (]: SQL status: ALTER TABLE in 0.000 seconds
[0m23:12:01.928473 [debug] [Thread-3 (]: Using postgres connection "model.data_processing_analytics.funnel_analysis"
[0m23:12:01.929222 [debug] [Thread-3 (]: On model.data_processing_analytics.funnel_analysis: COMMIT
[0m23:12:01.929066 [debug] [Thread-4 (]: On model.data_processing_analytics.int_impressions_aggregated: COMMIT
[0m23:12:01.929463 [debug] [Thread-4 (]: Using postgres connection "model.data_processing_analytics.int_impressions_aggregated"
[0m23:12:01.929616 [debug] [Thread-3 (]: SQL status: COMMIT in 0.000 seconds
[0m23:12:01.929772 [debug] [Thread-4 (]: On model.data_processing_analytics.int_impressions_aggregated: COMMIT
[0m23:12:01.930757 [debug] [Thread-3 (]: Applying DROP to: "data_processing"."public_analytics"."funnel_analysis__dbt_backup"
[0m23:12:01.931998 [debug] [Thread-3 (]: Using postgres connection "model.data_processing_analytics.funnel_analysis"
[0m23:12:01.932123 [debug] [Thread-4 (]: SQL status: COMMIT in 0.001 seconds
[0m23:12:01.932288 [debug] [Thread-3 (]: On model.data_processing_analytics.funnel_analysis: /* {"app": "dbt", "dbt_version": "1.9.1", "profile_name": "data_processing", "target_name": "local", "node_id": "model.data_processing_analytics.funnel_analysis"} */
drop table if exists "data_processing"."public_analytics"."funnel_analysis__dbt_backup" cascade
[0m23:12:01.933309 [debug] [Thread-4 (]: Applying DROP to: "data_processing"."public_analytics"."int_impressions_aggregated__dbt_backup"
[0m23:12:01.933680 [debug] [Thread-4 (]: Using postgres connection "model.data_processing_analytics.int_impressions_aggregated"
[0m23:12:01.933868 [debug] [Thread-4 (]: On model.data_processing_analytics.int_impressions_aggregated: /* {"app": "dbt", "dbt_version": "1.9.1", "profile_name": "data_processing", "target_name": "local", "node_id": "model.data_processing_analytics.int_impressions_aggregated"} */
drop table if exists "data_processing"."public_analytics"."int_impressions_aggregated__dbt_backup" cascade
[0m23:12:01.934303 [debug] [Thread-3 (]: SQL status: DROP TABLE in 0.001 seconds
[0m23:12:01.935005 [debug] [Thread-3 (]: On model.data_processing_analytics.funnel_analysis: Close
[0m23:12:01.934475 [debug] [Thread-4 (]: SQL status: DROP TABLE in 0.000 seconds
[0m23:12:01.935340 [debug] [Thread-3 (]: Sending event: {'category': 'dbt', 'action': 'run_model', 'label': '80a525e8-8c18-4a68-8312-0a87327731ac', 'context': [<snowplow_tracker.self_describing_json.SelfDescribingJson object at 0xffff7c32f2b0>]}
[0m23:12:01.936235 [info ] [Thread-3 (]: 2 of 6 OK created sql table model public_analytics.funnel_analysis ............. [[32mSELECT 0[0m in 0.04s]
[0m23:12:01.935917 [debug] [Thread-4 (]: On model.data_processing_analytics.int_impressions_aggregated: Close
[0m23:12:01.936575 [debug] [Thread-3 (]: Finished running node model.data_processing_analytics.funnel_analysis
[0m23:12:01.936867 [debug] [Thread-4 (]: Sending event: {'category': 'dbt', 'action': 'run_model', 'label': '80a525e8-8c18-4a68-8312-0a87327731ac', 'context': [<snowplow_tracker.self_describing_json.SelfDescribingJson object at 0xffff7c333280>]}
[0m23:12:01.937246 [info ] [Thread-4 (]: 3 of 6 OK created sql table model public_analytics.int_impressions_aggregated .. [[32mSELECT 0[0m in 0.04s]
[0m23:12:01.937533 [debug] [Thread-4 (]: Finished running node model.data_processing_analytics.int_impressions_aggregated
[0m23:12:01.937952 [debug] [Thread-1 (]: Began running node model.data_processing_analytics.hourly_traffic
[0m23:12:01.938108 [debug] [Thread-2 (]: Began running node model.data_processing_analytics.page_type_summary
[0m23:12:01.938249 [debug] [Thread-3 (]: Began running node model.data_processing_analytics.user_engagement
[0m23:12:01.938467 [info ] [Thread-1 (]: 4 of 6 START sql table model public_analytics.hourly_traffic ................... [RUN]
[0m23:12:01.938778 [info ] [Thread-2 (]: 5 of 6 START sql table model public_analytics.page_type_summary ................ [RUN]
[0m23:12:01.939076 [info ] [Thread-3 (]: 6 of 6 START sql table model public_analytics.user_engagement .................. [RUN]
[0m23:12:01.939350 [debug] [Thread-1 (]: Re-using an available connection from the pool (formerly model.data_processing_analytics.stg_impressions, now model.data_processing_analytics.hourly_traffic)
[0m23:12:01.939591 [debug] [Thread-2 (]: Re-using an available connection from the pool (formerly list_data_processing_public_analytics, now model.data_processing_analytics.page_type_summary)
[0m23:12:01.939806 [debug] [Thread-3 (]: Re-using an available connection from the pool (formerly model.data_processing_analytics.funnel_analysis, now model.data_processing_analytics.user_engagement)
[0m23:12:01.940063 [debug] [Thread-1 (]: Began compiling node model.data_processing_analytics.hourly_traffic
[0m23:12:01.940265 [debug] [Thread-2 (]: Began compiling node model.data_processing_analytics.page_type_summary
[0m23:12:01.940439 [debug] [Thread-3 (]: Began compiling node model.data_processing_analytics.user_engagement
[0m23:12:01.941869 [debug] [Thread-1 (]: Writing injected SQL for node "model.data_processing_analytics.hourly_traffic"
[0m23:12:01.943798 [debug] [Thread-2 (]: Writing injected SQL for node "model.data_processing_analytics.page_type_summary"
[0m23:12:01.944994 [debug] [Thread-3 (]: Writing injected SQL for node "model.data_processing_analytics.user_engagement"
[0m23:12:01.945616 [debug] [Thread-1 (]: Began executing node model.data_processing_analytics.hourly_traffic
[0m23:12:01.947250 [debug] [Thread-1 (]: Writing runtime sql for node "model.data_processing_analytics.hourly_traffic"
[0m23:12:01.947452 [debug] [Thread-2 (]: Began executing node model.data_processing_analytics.page_type_summary
[0m23:12:01.947623 [debug] [Thread-3 (]: Began executing node model.data_processing_analytics.user_engagement
[0m23:12:01.950944 [debug] [Thread-3 (]: Writing runtime sql for node "model.data_processing_analytics.user_engagement"
[0m23:12:01.949514 [debug] [Thread-1 (]: Using postgres connection "model.data_processing_analytics.hourly_traffic"
[0m23:12:01.949261 [debug] [Thread-2 (]: Writing runtime sql for node "model.data_processing_analytics.page_type_summary"
[0m23:12:01.951263 [debug] [Thread-1 (]: On model.data_processing_analytics.hourly_traffic: BEGIN
[0m23:12:01.951542 [debug] [Thread-3 (]: Using postgres connection "model.data_processing_analytics.user_engagement"
[0m23:12:01.951720 [debug] [Thread-1 (]: Opening a new connection, currently in state closed
[0m23:12:01.951917 [debug] [Thread-2 (]: Using postgres connection "model.data_processing_analytics.page_type_summary"
[0m23:12:01.952062 [debug] [Thread-3 (]: On model.data_processing_analytics.user_engagement: BEGIN
[0m23:12:01.952341 [debug] [Thread-2 (]: On model.data_processing_analytics.page_type_summary: BEGIN
[0m23:12:01.952770 [debug] [Thread-2 (]: Opening a new connection, currently in state closed
[0m23:12:01.952517 [debug] [Thread-3 (]: Opening a new connection, currently in state closed
[0m23:12:01.956032 [debug] [Thread-1 (]: SQL status: BEGIN in 0.004 seconds
[0m23:12:01.956361 [debug] [Thread-2 (]: SQL status: BEGIN in 0.004 seconds
[0m23:12:01.956539 [debug] [Thread-1 (]: Using postgres connection "model.data_processing_analytics.hourly_traffic"
[0m23:12:01.956932 [debug] [Thread-2 (]: Using postgres connection "model.data_processing_analytics.page_type_summary"
[0m23:12:01.957196 [debug] [Thread-1 (]: On model.data_processing_analytics.hourly_traffic: /* {"app": "dbt", "dbt_version": "1.9.1", "profile_name": "data_processing", "target_name": "local", "node_id": "model.data_processing_analytics.hourly_traffic"} */

  
    

  create  table "data_processing"."public_analytics"."hourly_traffic__dbt_tmp"
  
  
    as
  
  (
    /*
    Hourly traffic patterns by page type.
    Shows impression volume and engagement over time.
*/
with aggregated as (
    select * from "data_processing"."public_analytics"."int_impressions_aggregated"
),

hourly as (
    select
        event_date,
        hour,
        page_type,
        count(distinct impression_id) as total_impressions,
        count(distinct user_id) as unique_users,
        round(avg(distinct_events), 2) as avg_funnel_depth,
        sum(case when max_event_reached >= 'd' then 1 else 0 end) as impressions_reaching_d,
        round(
            sum(case when max_event_reached >= 'd' then 1 else 0 end)::numeric
            / nullif(count(distinct impression_id), 0) * 100, 2
        ) as pct_reaching_d
    from aggregated
    group by event_date, hour, page_type
)

select * from hourly
order by event_date, hour, page_type
  );
  
[0m23:12:01.957499 [debug] [Thread-2 (]: On model.data_processing_analytics.page_type_summary: /* {"app": "dbt", "dbt_version": "1.9.1", "profile_name": "data_processing", "target_name": "local", "node_id": "model.data_processing_analytics.page_type_summary"} */

  
    

  create  table "data_processing"."public_analytics"."page_type_summary__dbt_tmp"
  
  
    as
  
  (
    /*
    High-level summary statistics per page type.
    Provides an overview of impression volume, user engagement, and funnel depth.
*/
with aggregated as (
    select * from "data_processing"."public_analytics"."int_impressions_aggregated"
),

summary as (
    select
        page_type,
        count(distinct impression_id) as total_impressions,
        count(distinct user_id) as unique_users,
        round(avg(distinct_events), 2) as avg_funnel_depth,
        max(distinct_events) as max_funnel_depth,
        round(avg(last_event_second - first_event_second), 2) as avg_duration_seconds,
        sum(case when max_event_reached >= 'd' then 1 else 0 end) as impressions_reaching_d,
        sum(case when max_event_reached >= 'e' then 1 else 0 end) as impressions_reaching_e,
        sum(case when max_event_reached >= 'f' then 1 else 0 end) as impressions_reaching_f,
        round(
            sum(case when max_event_reached >= 'd' then 1 else 0 end)::numeric
            / count(distinct impression_id) * 100, 2
        ) as pct_reaching_d,
        round(
            sum(case when max_event_reached >= 'e' then 1 else 0 end)::numeric
            / count(distinct impression_id) * 100, 2
        ) as pct_reaching_e,
        round(
            sum(case when max_event_reached >= 'f' then 1 else 0 end)::numeric
            / count(distinct impression_id) * 100, 2
        ) as pct_reaching_f
    from aggregated
    group by page_type
)

select * from summary
order by page_type
  );
  
[0m23:12:01.957724 [debug] [Thread-3 (]: SQL status: BEGIN in 0.005 seconds
[0m23:12:01.958014 [debug] [Thread-3 (]: Using postgres connection "model.data_processing_analytics.user_engagement"
[0m23:12:01.958218 [debug] [Thread-3 (]: On model.data_processing_analytics.user_engagement: /* {"app": "dbt", "dbt_version": "1.9.1", "profile_name": "data_processing", "target_name": "local", "node_id": "model.data_processing_analytics.user_engagement"} */

  
    

  create  table "data_processing"."public_analytics"."user_engagement__dbt_tmp"
  
  
    as
  
  (
    /*
    User-level engagement metrics across all page types.
    Identifies user activity patterns and most-engaged page type.
*/
with aggregated as (
    select * from "data_processing"."public_analytics"."int_impressions_aggregated"
),

user_metrics as (
    select
        user_id,
        count(distinct impression_id) as total_impressions,
        count(distinct page_type) as page_types_visited,
        round(avg(distinct_events), 2) as avg_funnel_depth,
        max(distinct_events) as max_funnel_depth,
        sum(event_count) as total_events,
        min(first_event_at) as first_seen,
        max(last_event_at) as last_seen
    from aggregated
    group by user_id
),

most_engaged_page as (
    select distinct on (user_id)
        user_id,
        page_type as most_engaged_page_type,
        count(*) as impressions_on_page
    from aggregated
    group by user_id, page_type
    order by user_id, count(*) desc
)

select
    um.*,
    mep.most_engaged_page_type,
    mep.impressions_on_page as impressions_on_top_page
from user_metrics um
join most_engaged_page mep on um.user_id = mep.user_id
order by um.total_impressions desc
  );
  
[0m23:12:01.959651 [debug] [Thread-2 (]: SQL status: SELECT 0 in 0.002 seconds
[0m23:12:01.959797 [debug] [Thread-1 (]: SQL status: SELECT 0 in 0.002 seconds
[0m23:12:01.961308 [debug] [Thread-2 (]: Using postgres connection "model.data_processing_analytics.page_type_summary"
[0m23:12:01.963390 [debug] [Thread-2 (]: On model.data_processing_analytics.page_type_summary: /* {"app": "dbt", "dbt_version": "1.9.1", "profile_name": "data_processing", "target_name": "local", "node_id": "model.data_processing_analytics.page_type_summary"} */
alter table "data_processing"."public_analytics"."page_type_summary" rename to "page_type_summary__dbt_backup"
[0m23:12:01.963183 [debug] [Thread-1 (]: Using postgres connection "model.data_processing_analytics.hourly_traffic"
[0m23:12:01.961455 [debug] [Thread-3 (]: SQL status: SELECT 0 in 0.003 seconds
[0m23:12:01.963644 [debug] [Thread-1 (]: On model.data_processing_analytics.hourly_traffic: /* {"app": "dbt", "dbt_version": "1.9.1", "profile_name": "data_processing", "target_name": "local", "node_id": "model.data_processing_analytics.hourly_traffic"} */
alter table "data_processing"."public_analytics"."hourly_traffic" rename to "hourly_traffic__dbt_backup"
[0m23:12:01.963796 [debug] [Thread-2 (]: SQL status: ALTER TABLE in 0.000 seconds
[0m23:12:01.965161 [debug] [Thread-3 (]: Using postgres connection "model.data_processing_analytics.user_engagement"
[0m23:12:01.966827 [debug] [Thread-3 (]: On model.data_processing_analytics.user_engagement: /* {"app": "dbt", "dbt_version": "1.9.1", "profile_name": "data_processing", "target_name": "local", "node_id": "model.data_processing_analytics.user_engagement"} */
alter table "data_processing"."public_analytics"."user_engagement" rename to "user_engagement__dbt_backup"
[0m23:12:01.966632 [debug] [Thread-1 (]: SQL status: ALTER TABLE in 0.001 seconds
[0m23:12:01.966494 [debug] [Thread-2 (]: Using postgres connection "model.data_processing_analytics.page_type_summary"
[0m23:12:01.968135 [debug] [Thread-1 (]: Using postgres connection "model.data_processing_analytics.hourly_traffic"
[0m23:12:01.968289 [debug] [Thread-3 (]: SQL status: ALTER TABLE in 0.001 seconds
[0m23:12:01.968450 [debug] [Thread-2 (]: On model.data_processing_analytics.page_type_summary: /* {"app": "dbt", "dbt_version": "1.9.1", "profile_name": "data_processing", "target_name": "local", "node_id": "model.data_processing_analytics.page_type_summary"} */
alter table "data_processing"."public_analytics"."page_type_summary__dbt_tmp" rename to "page_type_summary"
[0m23:12:01.968640 [debug] [Thread-1 (]: On model.data_processing_analytics.hourly_traffic: /* {"app": "dbt", "dbt_version": "1.9.1", "profile_name": "data_processing", "target_name": "local", "node_id": "model.data_processing_analytics.hourly_traffic"} */
alter table "data_processing"."public_analytics"."hourly_traffic__dbt_tmp" rename to "hourly_traffic"
[0m23:12:01.969847 [debug] [Thread-3 (]: Using postgres connection "model.data_processing_analytics.user_engagement"
[0m23:12:01.970397 [debug] [Thread-3 (]: On model.data_processing_analytics.user_engagement: /* {"app": "dbt", "dbt_version": "1.9.1", "profile_name": "data_processing", "target_name": "local", "node_id": "model.data_processing_analytics.user_engagement"} */
alter table "data_processing"."public_analytics"."user_engagement__dbt_tmp" rename to "user_engagement"
[0m23:12:01.970238 [debug] [Thread-1 (]: SQL status: ALTER TABLE in 0.000 seconds
[0m23:12:01.970110 [debug] [Thread-2 (]: SQL status: ALTER TABLE in 0.000 seconds
[0m23:12:01.970617 [debug] [Thread-3 (]: SQL status: ALTER TABLE in 0.000 seconds
[0m23:12:01.971173 [debug] [Thread-1 (]: On model.data_processing_analytics.hourly_traffic: COMMIT
[0m23:12:01.971764 [debug] [Thread-2 (]: On model.data_processing_analytics.page_type_summary: COMMIT
[0m23:12:01.972311 [debug] [Thread-3 (]: On model.data_processing_analytics.user_engagement: COMMIT
[0m23:12:01.972513 [debug] [Thread-1 (]: Using postgres connection "model.data_processing_analytics.hourly_traffic"
[0m23:12:01.972684 [debug] [Thread-2 (]: Using postgres connection "model.data_processing_analytics.page_type_summary"
[0m23:12:01.973214 [debug] [Thread-2 (]: On model.data_processing_analytics.page_type_summary: COMMIT
[0m23:12:01.973061 [debug] [Thread-1 (]: On model.data_processing_analytics.hourly_traffic: COMMIT
[0m23:12:01.972869 [debug] [Thread-3 (]: Using postgres connection "model.data_processing_analytics.user_engagement"
[0m23:12:01.973520 [debug] [Thread-3 (]: On model.data_processing_analytics.user_engagement: COMMIT
[0m23:12:01.973758 [debug] [Thread-2 (]: SQL status: COMMIT in 0.000 seconds
[0m23:12:01.973900 [debug] [Thread-1 (]: SQL status: COMMIT in 0.000 seconds
[0m23:12:01.974053 [debug] [Thread-3 (]: SQL status: COMMIT in 0.000 seconds
[0m23:12:01.975092 [debug] [Thread-2 (]: Applying DROP to: "data_processing"."public_analytics"."page_type_summary__dbt_backup"
[0m23:12:01.976136 [debug] [Thread-1 (]: Applying DROP to: "data_processing"."public_analytics"."hourly_traffic__dbt_backup"
[0m23:12:01.977568 [debug] [Thread-3 (]: Applying DROP to: "data_processing"."public_analytics"."user_engagement__dbt_backup"
[0m23:12:01.978433 [debug] [Thread-3 (]: Using postgres connection "model.data_processing_analytics.user_engagement"
[0m23:12:01.978163 [debug] [Thread-1 (]: Using postgres connection "model.data_processing_analytics.hourly_traffic"
[0m23:12:01.977859 [debug] [Thread-2 (]: Using postgres connection "model.data_processing_analytics.page_type_summary"
[0m23:12:01.978980 [debug] [Thread-2 (]: On model.data_processing_analytics.page_type_summary: /* {"app": "dbt", "dbt_version": "1.9.1", "profile_name": "data_processing", "target_name": "local", "node_id": "model.data_processing_analytics.page_type_summary"} */
drop table if exists "data_processing"."public_analytics"."page_type_summary__dbt_backup" cascade
[0m23:12:01.978802 [debug] [Thread-1 (]: On model.data_processing_analytics.hourly_traffic: /* {"app": "dbt", "dbt_version": "1.9.1", "profile_name": "data_processing", "target_name": "local", "node_id": "model.data_processing_analytics.hourly_traffic"} */
drop table if exists "data_processing"."public_analytics"."hourly_traffic__dbt_backup" cascade
[0m23:12:01.978599 [debug] [Thread-3 (]: On model.data_processing_analytics.user_engagement: /* {"app": "dbt", "dbt_version": "1.9.1", "profile_name": "data_processing", "target_name": "local", "node_id": "model.data_processing_analytics.user_engagement"} */
drop table if exists "data_processing"."public_analytics"."user_engagement__dbt_backup" cascade
[0m23:12:01.979626 [debug] [Thread-2 (]: SQL status: DROP TABLE in 0.000 seconds
[0m23:12:01.979771 [debug] [Thread-1 (]: SQL status: DROP TABLE in 0.001 seconds
[0m23:12:01.979900 [debug] [Thread-3 (]: SQL status: DROP TABLE in 0.001 seconds
[0m23:12:01.981516 [debug] [Thread-3 (]: On model.data_processing_analytics.user_engagement: Close
[0m23:12:01.980967 [debug] [Thread-1 (]: On model.data_processing_analytics.hourly_traffic: Close
[0m23:12:01.980407 [debug] [Thread-2 (]: On model.data_processing_analytics.page_type_summary: Close
[0m23:12:01.982412 [debug] [Thread-2 (]: Sending event: {'category': 'dbt', 'action': 'run_model', 'label': '80a525e8-8c18-4a68-8312-0a87327731ac', 'context': [<snowplow_tracker.self_describing_json.SelfDescribingJson object at 0xffff7c5c0490>]}
[0m23:12:01.982123 [debug] [Thread-1 (]: Sending event: {'category': 'dbt', 'action': 'run_model', 'label': '80a525e8-8c18-4a68-8312-0a87327731ac', 'context': [<snowplow_tracker.self_describing_json.SelfDescribingJson object at 0xffff7c408f70>]}
[0m23:12:01.981839 [debug] [Thread-3 (]: Sending event: {'category': 'dbt', 'action': 'run_model', 'label': '80a525e8-8c18-4a68-8312-0a87327731ac', 'context': [<snowplow_tracker.self_describing_json.SelfDescribingJson object at 0xffff7c22fb80>]}
[0m23:12:01.982750 [info ] [Thread-2 (]: 5 of 6 OK created sql table model public_analytics.page_type_summary ........... [[32mSELECT 0[0m in 0.04s]
[0m23:12:01.983107 [info ] [Thread-1 (]: 4 of 6 OK created sql table model public_analytics.hourly_traffic .............. [[32mSELECT 0[0m in 0.04s]
[0m23:12:01.983435 [info ] [Thread-3 (]: 6 of 6 OK created sql table model public_analytics.user_engagement ............. [[32mSELECT 0[0m in 0.04s]
[0m23:12:01.984248 [debug] [Thread-3 (]: Finished running node model.data_processing_analytics.user_engagement
[0m23:12:01.983998 [debug] [Thread-1 (]: Finished running node model.data_processing_analytics.hourly_traffic
[0m23:12:01.983726 [debug] [Thread-2 (]: Finished running node model.data_processing_analytics.page_type_summary
[0m23:12:01.985067 [debug] [MainThread]: Using postgres connection "master"
[0m23:12:01.985230 [debug] [MainThread]: On master: BEGIN
[0m23:12:01.985380 [debug] [MainThread]: Opening a new connection, currently in state closed
[0m23:12:01.988480 [debug] [MainThread]: SQL status: BEGIN in 0.003 seconds
[0m23:12:01.988632 [debug] [MainThread]: On master: COMMIT
[0m23:12:01.988767 [debug] [MainThread]: Using postgres connection "master"
[0m23:12:01.988916 [debug] [MainThread]: On master: COMMIT
[0m23:12:01.989092 [debug] [MainThread]: SQL status: COMMIT in 0.000 seconds
[0m23:12:01.989216 [debug] [MainThread]: On master: Close
[0m23:12:01.989380 [debug] [MainThread]: Connection 'master' was properly closed.
[0m23:12:01.989520 [debug] [MainThread]: Connection 'model.data_processing_analytics.page_type_summary' was properly closed.
[0m23:12:01.989654 [debug] [MainThread]: Connection 'model.data_processing_analytics.hourly_traffic' was properly closed.
[0m23:12:01.989784 [debug] [MainThread]: Connection 'model.data_processing_analytics.user_engagement' was properly closed.
[0m23:12:01.989917 [debug] [MainThread]: Connection 'model.data_processing_analytics.int_impressions_aggregated' was properly closed.
[0m23:12:01.990099 [info ] [MainThread]: 
[0m23:12:01.990271 [info ] [MainThread]: Finished running 5 table models, 1 view model in 0 hours 0 minutes and 0.22 seconds (0.22s).
[0m23:12:01.990899 [debug] [MainThread]: Command end result
[0m23:12:02.003440 [debug] [MainThread]: Wrote artifact WritableManifest to /dbt/target/manifest.json
[0m23:12:02.004295 [debug] [MainThread]: Wrote artifact SemanticManifest to /dbt/target/semantic_manifest.json
[0m23:12:02.007555 [debug] [MainThread]: Wrote artifact RunExecutionResult to /dbt/target/run_results.json
[0m23:12:02.007717 [info ] [MainThread]: 
[0m23:12:02.007967 [info ] [MainThread]: [32mCompleted successfully[0m
[0m23:12:02.008159 [info ] [MainThread]: 
[0m23:12:02.008370 [info ] [MainThread]: Done. PASS=6 WARN=0 ERROR=0 SKIP=0 TOTAL=6
[0m23:12:02.008862 [debug] [MainThread]: Resource report: {"command_name": "run", "command_success": true, "command_wall_clock_time": 0.51499385, "process_in_blocks": "0", "process_kernel_time": 0.053526, "process_mem_max_rss": "121540", "process_out_blocks": "2080", "process_user_time": 0.957536}
[0m23:12:02.009075 [debug] [MainThread]: Command `dbt run` succeeded at 23:12:02.009034 after 0.52 seconds
[0m23:12:02.009242 [debug] [MainThread]: Sending event: {'category': 'dbt', 'action': 'invocation', 'label': 'end', 'context': [<snowplow_tracker.self_describing_json.SelfDescribingJson object at 0xffff7f397130>, <snowplow_tracker.self_describing_json.SelfDescribingJson object at 0xffff7f2eba90>, <snowplow_tracker.self_describing_json.SelfDescribingJson object at 0xffff7d120640>]}
[0m23:12:02.009431 [debug] [MainThread]: Flushing usage events
[0m23:12:02.209830 [debug] [MainThread]: An error was encountered while trying to flush usage events
[0m23:12:02.895680 [debug] [MainThread]: Sending event: {'category': 'dbt', 'action': 'invocation', 'label': 'start', 'context': [<snowplow_tracker.self_describing_json.SelfDescribingJson object at 0xffff93453100>, <snowplow_tracker.self_describing_json.SelfDescribingJson object at 0xffff925ea6e0>, <snowplow_tracker.self_describing_json.SelfDescribingJson object at 0xffff925e89d0>]}


============================== 23:12:02.896917 | 96e84390-0dd4-44b5-b9e3-fa7fc36154f2 ==============================
[0m23:12:02.896917 [info ] [MainThread]: Running with dbt=1.9.1
[0m23:12:02.897230 [debug] [MainThread]: running dbt with arguments {'printer_width': '80', 'indirect_selection': 'eager', 'write_json': 'True', 'log_cache_events': 'False', 'partial_parse': 'True', 'cache_selected_only': 'False', 'profiles_dir': '/dbt', 'debug': 'False', 'warn_error': 'None', 'log_path': '/dbt/logs', 'version_check': 'True', 'fail_fast': 'False', 'use_colors': 'True', 'use_experimental_parser': 'False', 'empty': 'None', 'quiet': 'False', 'no_print': 'None', 'log_format': 'default', 'invocation_command': 'dbt test', 'introspect': 'True', 'static_parser': 'True', 'target_path': 'None', 'warn_error_options': 'WarnErrorOptions(include=[], exclude=[])', 'send_anonymous_usage_stats': 'True'}
[0m23:12:02.960728 [debug] [MainThread]: Sending event: {'category': 'dbt', 'action': 'project_id', 'label': '96e84390-0dd4-44b5-b9e3-fa7fc36154f2', 'context': [<snowplow_tracker.self_describing_json.SelfDescribingJson object at 0xffff95236230>]}
[0m23:12:02.984095 [debug] [MainThread]: Sending event: {'category': 'dbt', 'action': 'adapter_info', 'label': '96e84390-0dd4-44b5-b9e3-fa7fc36154f2', 'context': [<snowplow_tracker.self_describing_json.SelfDescribingJson object at 0xffff933babf0>]}
[0m23:12:02.984440 [info ] [MainThread]: Registered adapter: postgres=1.9.1
[0m23:12:03.013459 [debug] [MainThread]: checksum: 5e8d1596cf4eae33c11286bbb248a722d21b9f00d8a7ced8137c642517055418, vars: {}, profile: , target: , version: 1.9.1
[0m23:12:03.075805 [debug] [MainThread]: Partial parsing enabled: 0 files deleted, 0 files added, 0 files changed.
[0m23:12:03.076062 [debug] [MainThread]: Partial parsing enabled, no changes found, skipping parsing
[0m23:12:03.099295 [debug] [MainThread]: Sending event: {'category': 'dbt', 'action': 'load_project', 'label': '96e84390-0dd4-44b5-b9e3-fa7fc36154f2', 'context': [<snowplow_tracker.self_describing_json.SelfDescribingJson object at 0xffff91234130>]}
[0m23:12:03.145038 [debug] [MainThread]: Wrote artifact WritableManifest to /dbt/target/manifest.json
[0m23:12:03.148488 [debug] [MainThread]: Wrote artifact SemanticManifest to /dbt/target/semantic_manifest.json
[0m23:12:03.157436 [debug] [MainThread]: Sending event: {'category': 'dbt', 'action': 'resource_counts', 'label': '96e84390-0dd4-44b5-b9e3-fa7fc36154f2', 'context': [<snowplow_tracker.self_describing_json.SelfDescribingJson object at 0xffff912425c0>]}
[0m23:12:03.157688 [info ] [MainThread]: Found 6 models, 17 data tests, 1 source, 434 macros
[0m23:12:03.157886 [debug] [MainThread]: Sending event: {'category': 'dbt', 'action': 'runnable_timing', 'label': '96e84390-0dd4-44b5-b9e3-fa7fc36154f2', 'context': [<snowplow_tracker.self_describing_json.SelfDescribingJson object at 0xffff91240640>]}
[0m23:12:03.159009 [info ] [MainThread]: 
[0m23:12:03.159208 [info ] [MainThread]: Concurrency: 4 threads (target='local')
[0m23:12:03.159483 [info ] [MainThread]: 
[0m23:12:03.159842 [debug] [MainThread]: Acquiring new postgres connection 'master'
[0m23:12:03.161983 [debug] [ThreadPool]: Acquiring new postgres connection 'list_data_processing_public_staging'
[0m23:12:03.162255 [debug] [ThreadPool]: Acquiring new postgres connection 'list_data_processing_public_analytics'
[0m23:12:03.199468 [debug] [ThreadPool]: Using postgres connection "list_data_processing_public_staging"
[0m23:12:03.199629 [debug] [ThreadPool]: Using postgres connection "list_data_processing_public_analytics"
[0m23:12:03.199890 [debug] [ThreadPool]: On list_data_processing_public_staging: BEGIN
[0m23:12:03.200087 [debug] [ThreadPool]: On list_data_processing_public_analytics: BEGIN
[0m23:12:03.200264 [debug] [ThreadPool]: Opening a new connection, currently in state init
[0m23:12:03.200442 [debug] [ThreadPool]: Opening a new connection, currently in state init
[0m23:12:03.205249 [debug] [ThreadPool]: SQL status: BEGIN in 0.005 seconds
[0m23:12:03.205427 [debug] [ThreadPool]: SQL status: BEGIN in 0.005 seconds
[0m23:12:03.205604 [debug] [ThreadPool]: Using postgres connection "list_data_processing_public_staging"
[0m23:12:03.205824 [debug] [ThreadPool]: Using postgres connection "list_data_processing_public_analytics"
[0m23:12:03.206042 [debug] [ThreadPool]: On list_data_processing_public_staging: /* {"app": "dbt", "dbt_version": "1.9.1", "profile_name": "data_processing", "target_name": "local", "connection_name": "list_data_processing_public_staging"} */
select
      'data_processing' as database,
      tablename as name,
      schemaname as schema,
      'table' as type
    from pg_tables
    where schemaname ilike 'public_staging'
    union all
    select
      'data_processing' as database,
      viewname as name,
      schemaname as schema,
      'view' as type
    from pg_views
    where schemaname ilike 'public_staging'
    union all
    select
      'data_processing' as database,
      matviewname as name,
      schemaname as schema,
      'materialized_view' as type
    from pg_matviews
    where schemaname ilike 'public_staging'
  
[0m23:12:03.206266 [debug] [ThreadPool]: On list_data_processing_public_analytics: /* {"app": "dbt", "dbt_version": "1.9.1", "profile_name": "data_processing", "target_name": "local", "connection_name": "list_data_processing_public_analytics"} */
select
      'data_processing' as database,
      tablename as name,
      schemaname as schema,
      'table' as type
    from pg_tables
    where schemaname ilike 'public_analytics'
    union all
    select
      'data_processing' as database,
      viewname as name,
      schemaname as schema,
      'view' as type
    from pg_views
    where schemaname ilike 'public_analytics'
    union all
    select
      'data_processing' as database,
      matviewname as name,
      schemaname as schema,
      'materialized_view' as type
    from pg_matviews
    where schemaname ilike 'public_analytics'
  
[0m23:12:03.207504 [debug] [ThreadPool]: SQL status: SELECT 5 in 0.001 seconds
[0m23:12:03.207629 [debug] [ThreadPool]: SQL status: SELECT 1 in 0.001 seconds
[0m23:12:03.208229 [debug] [ThreadPool]: On list_data_processing_public_analytics: ROLLBACK
[0m23:12:03.208741 [debug] [ThreadPool]: On list_data_processing_public_staging: ROLLBACK
[0m23:12:03.209000 [debug] [ThreadPool]: On list_data_processing_public_analytics: Close
[0m23:12:03.209158 [debug] [ThreadPool]: On list_data_processing_public_staging: Close
[0m23:12:03.212014 [debug] [MainThread]: Using postgres connection "master"
[0m23:12:03.212193 [debug] [MainThread]: On master: BEGIN
[0m23:12:03.212321 [debug] [MainThread]: Opening a new connection, currently in state init
[0m23:12:03.215225 [debug] [MainThread]: SQL status: BEGIN in 0.003 seconds
[0m23:12:03.215382 [debug] [MainThread]: Using postgres connection "master"
[0m23:12:03.215575 [debug] [MainThread]: On master: /* {"app": "dbt", "dbt_version": "1.9.1", "profile_name": "data_processing", "target_name": "local", "connection_name": "master"} */
select distinct
        dependent_namespace.nspname as dependent_schema,
        dependent_class.relname as dependent_name,
        referenced_namespace.nspname as referenced_schema,
        referenced_class.relname as referenced_name

    -- Query for views: views are entries in pg_class with an entry in pg_rewrite, but we avoid
    -- a seq scan on pg_rewrite by leveraging the fact there is an "internal" row in pg_depend for
    -- the view...
    from pg_class as dependent_class
    join pg_namespace as dependent_namespace on dependent_namespace.oid = dependent_class.relnamespace
    join pg_depend as dependent_depend on dependent_depend.refobjid = dependent_class.oid
        and dependent_depend.classid = 'pg_rewrite'::regclass
        and dependent_depend.refclassid = 'pg_class'::regclass
        and dependent_depend.deptype = 'i'

    -- ... and via pg_depend (that has a row per column, hence the need for "distinct" above, and
    -- making sure to exclude the internal row to avoid a view appearing to depend on itself)...
    join pg_depend as joining_depend on joining_depend.objid = dependent_depend.objid
        and joining_depend.classid = 'pg_rewrite'::regclass
        and joining_depend.refclassid = 'pg_class'::regclass
        and joining_depend.refobjid != dependent_depend.refobjid

    -- ... we can find the tables they query from in pg_class, but excluding system tables. Note we
    -- don't need need to exclude _dependent_ system tables, because they only query from other
    -- system tables, and so are automatically excluded by excluding _referenced_ system tables
    join pg_class as referenced_class on referenced_class.oid = joining_depend.refobjid
    join pg_namespace as referenced_namespace on referenced_namespace.oid = referenced_class.relnamespace
        and referenced_namespace.nspname != 'information_schema'
        and referenced_namespace.nspname not like 'pg\_%'

    order by
        dependent_schema, dependent_name, referenced_schema, referenced_name;
[0m23:12:03.216837 [debug] [MainThread]: SQL status: SELECT 1 in 0.001 seconds
[0m23:12:03.217341 [debug] [MainThread]: Sending event: {'category': 'dbt', 'action': 'runnable_timing', 'label': '96e84390-0dd4-44b5-b9e3-fa7fc36154f2', 'context': [<snowplow_tracker.self_describing_json.SelfDescribingJson object at 0xffff91261240>]}
[0m23:12:03.217562 [debug] [MainThread]: On master: ROLLBACK
[0m23:12:03.217764 [debug] [MainThread]: Using postgres connection "master"
[0m23:12:03.217898 [debug] [MainThread]: On master: BEGIN
[0m23:12:03.218146 [debug] [MainThread]: SQL status: BEGIN in 0.000 seconds
[0m23:12:03.218280 [debug] [MainThread]: On master: COMMIT
[0m23:12:03.218405 [debug] [MainThread]: Using postgres connection "master"
[0m23:12:03.218524 [debug] [MainThread]: On master: COMMIT
[0m23:12:03.218689 [debug] [MainThread]: SQL status: COMMIT in 0.000 seconds
[0m23:12:03.218826 [debug] [MainThread]: On master: Close
[0m23:12:03.219963 [debug] [Thread-1 (]: Began running node test.data_processing_analytics.not_null_funnel_analysis_event_type.3c35ba5f6e
[0m23:12:03.220125 [debug] [Thread-2 (]: Began running node test.data_processing_analytics.not_null_funnel_analysis_page_type.cc723b2075
[0m23:12:03.220269 [debug] [Thread-3 (]: Began running node test.data_processing_analytics.not_null_hourly_traffic_event_date.bf9938d75e
[0m23:12:03.220429 [debug] [Thread-4 (]: Began running node test.data_processing_analytics.not_null_page_type_summary_page_type.ba086379d4
[0m23:12:03.221438 [info ] [Thread-4 (]: 4 of 17 START test not_null_page_type_summary_page_type ........................ [RUN]
[0m23:12:03.220917 [info ] [Thread-2 (]: 2 of 17 START test not_null_funnel_analysis_page_type .......................... [RUN]
[0m23:12:03.221198 [info ] [Thread-3 (]: 3 of 17 START test not_null_hourly_traffic_event_date .......................... [RUN]
[0m23:12:03.220577 [info ] [Thread-1 (]: 1 of 17 START test not_null_funnel_analysis_event_type ......................... [RUN]
[0m23:12:03.222458 [debug] [Thread-1 (]: Re-using an available connection from the pool (formerly list_data_processing_public_staging, now test.data_processing_analytics.not_null_funnel_analysis_event_type.3c35ba5f6e)
[0m23:12:03.222018 [debug] [Thread-2 (]: Re-using an available connection from the pool (formerly list_data_processing_public_analytics, now test.data_processing_analytics.not_null_funnel_analysis_page_type.cc723b2075)
[0m23:12:03.222270 [debug] [Thread-3 (]: Acquiring new postgres connection 'test.data_processing_analytics.not_null_hourly_traffic_event_date.bf9938d75e'
[0m23:12:03.221761 [debug] [Thread-4 (]: Acquiring new postgres connection 'test.data_processing_analytics.not_null_page_type_summary_page_type.ba086379d4'
[0m23:12:03.223203 [debug] [Thread-4 (]: Began compiling node test.data_processing_analytics.not_null_page_type_summary_page_type.ba086379d4
[0m23:12:03.222839 [debug] [Thread-2 (]: Began compiling node test.data_processing_analytics.not_null_funnel_analysis_page_type.cc723b2075
[0m23:12:03.223037 [debug] [Thread-3 (]: Began compiling node test.data_processing_analytics.not_null_hourly_traffic_event_date.bf9938d75e
[0m23:12:03.222630 [debug] [Thread-1 (]: Began compiling node test.data_processing_analytics.not_null_funnel_analysis_event_type.3c35ba5f6e
[0m23:12:03.230671 [debug] [Thread-4 (]: Writing injected SQL for node "test.data_processing_analytics.not_null_page_type_summary_page_type.ba086379d4"
[0m23:12:03.232397 [debug] [Thread-2 (]: Writing injected SQL for node "test.data_processing_analytics.not_null_funnel_analysis_page_type.cc723b2075"
[0m23:12:03.234032 [debug] [Thread-3 (]: Writing injected SQL for node "test.data_processing_analytics.not_null_hourly_traffic_event_date.bf9938d75e"
[0m23:12:03.236230 [debug] [Thread-1 (]: Writing injected SQL for node "test.data_processing_analytics.not_null_funnel_analysis_event_type.3c35ba5f6e"
[0m23:12:03.237078 [debug] [Thread-4 (]: Began executing node test.data_processing_analytics.not_null_page_type_summary_page_type.ba086379d4
[0m23:12:03.237375 [debug] [Thread-2 (]: Began executing node test.data_processing_analytics.not_null_funnel_analysis_page_type.cc723b2075
[0m23:12:03.237646 [debug] [Thread-3 (]: Began executing node test.data_processing_analytics.not_null_hourly_traffic_event_date.bf9938d75e
[0m23:12:03.245158 [debug] [Thread-4 (]: Writing runtime sql for node "test.data_processing_analytics.not_null_page_type_summary_page_type.ba086379d4"
[0m23:12:03.246302 [debug] [Thread-2 (]: Writing runtime sql for node "test.data_processing_analytics.not_null_funnel_analysis_page_type.cc723b2075"
[0m23:12:03.246512 [debug] [Thread-1 (]: Began executing node test.data_processing_analytics.not_null_funnel_analysis_event_type.3c35ba5f6e
[0m23:12:03.247516 [debug] [Thread-3 (]: Writing runtime sql for node "test.data_processing_analytics.not_null_hourly_traffic_event_date.bf9938d75e"
[0m23:12:03.248918 [debug] [Thread-1 (]: Writing runtime sql for node "test.data_processing_analytics.not_null_funnel_analysis_event_type.3c35ba5f6e"
[0m23:12:03.249211 [debug] [Thread-4 (]: Using postgres connection "test.data_processing_analytics.not_null_page_type_summary_page_type.ba086379d4"
[0m23:12:03.249408 [debug] [Thread-2 (]: Using postgres connection "test.data_processing_analytics.not_null_funnel_analysis_page_type.cc723b2075"
[0m23:12:03.249751 [debug] [Thread-3 (]: Using postgres connection "test.data_processing_analytics.not_null_hourly_traffic_event_date.bf9938d75e"
[0m23:12:03.249884 [debug] [Thread-4 (]: On test.data_processing_analytics.not_null_page_type_summary_page_type.ba086379d4: BEGIN
[0m23:12:03.250116 [debug] [Thread-1 (]: Using postgres connection "test.data_processing_analytics.not_null_funnel_analysis_event_type.3c35ba5f6e"
[0m23:12:03.250236 [debug] [Thread-2 (]: On test.data_processing_analytics.not_null_funnel_analysis_page_type.cc723b2075: BEGIN
[0m23:12:03.250994 [debug] [Thread-2 (]: Opening a new connection, currently in state closed
[0m23:12:03.250615 [debug] [Thread-4 (]: Opening a new connection, currently in state init
[0m23:12:03.250828 [debug] [Thread-1 (]: On test.data_processing_analytics.not_null_funnel_analysis_event_type.3c35ba5f6e: BEGIN
[0m23:12:03.250424 [debug] [Thread-3 (]: On test.data_processing_analytics.not_null_hourly_traffic_event_date.bf9938d75e: BEGIN
[0m23:12:03.251447 [debug] [Thread-1 (]: Opening a new connection, currently in state closed
[0m23:12:03.251626 [debug] [Thread-3 (]: Opening a new connection, currently in state init
[0m23:12:03.255210 [debug] [Thread-2 (]: SQL status: BEGIN in 0.004 seconds
[0m23:12:03.255431 [debug] [Thread-2 (]: Using postgres connection "test.data_processing_analytics.not_null_funnel_analysis_page_type.cc723b2075"
[0m23:12:03.255639 [debug] [Thread-2 (]: On test.data_processing_analytics.not_null_funnel_analysis_page_type.cc723b2075: /* {"app": "dbt", "dbt_version": "1.9.1", "profile_name": "data_processing", "target_name": "local", "node_id": "test.data_processing_analytics.not_null_funnel_analysis_page_type.cc723b2075"} */

    select
      count(*) as failures,
      count(*) != 0 as should_warn,
      count(*) != 0 as should_error
    from (
      
    
  
    
    



select page_type
from "data_processing"."public_analytics"."funnel_analysis"
where page_type is null



  
  
      
    ) dbt_internal_test
[0m23:12:03.255811 [debug] [Thread-1 (]: SQL status: BEGIN in 0.004 seconds
[0m23:12:03.256114 [debug] [Thread-3 (]: SQL status: BEGIN in 0.004 seconds
[0m23:12:03.256254 [debug] [Thread-1 (]: Using postgres connection "test.data_processing_analytics.not_null_funnel_analysis_event_type.3c35ba5f6e"
[0m23:12:03.256414 [debug] [Thread-2 (]: SQL status: SELECT 1 in 0.000 seconds
[0m23:12:03.256584 [debug] [Thread-3 (]: Using postgres connection "test.data_processing_analytics.not_null_hourly_traffic_event_date.bf9938d75e"
[0m23:12:03.256757 [debug] [Thread-4 (]: SQL status: BEGIN in 0.006 seconds
[0m23:12:03.256993 [debug] [Thread-1 (]: On test.data_processing_analytics.not_null_funnel_analysis_event_type.3c35ba5f6e: /* {"app": "dbt", "dbt_version": "1.9.1", "profile_name": "data_processing", "target_name": "local", "node_id": "test.data_processing_analytics.not_null_funnel_analysis_event_type.3c35ba5f6e"} */

    select
      count(*) as failures,
      count(*) != 0 as should_warn,
      count(*) != 0 as should_error
    from (
      
    
  
    
    



select event_type
from "data_processing"."public_analytics"."funnel_analysis"
where event_type is null



  
  
      
    ) dbt_internal_test
[0m23:12:03.259008 [debug] [Thread-2 (]: On test.data_processing_analytics.not_null_funnel_analysis_page_type.cc723b2075: ROLLBACK
[0m23:12:03.259253 [debug] [Thread-3 (]: On test.data_processing_analytics.not_null_hourly_traffic_event_date.bf9938d75e: /* {"app": "dbt", "dbt_version": "1.9.1", "profile_name": "data_processing", "target_name": "local", "node_id": "test.data_processing_analytics.not_null_hourly_traffic_event_date.bf9938d75e"} */

    select
      count(*) as failures,
      count(*) != 0 as should_warn,
      count(*) != 0 as should_error
    from (
      
    
  
    
    



select event_date
from "data_processing"."public_analytics"."hourly_traffic"
where event_date is null



  
  
      
    ) dbt_internal_test
[0m23:12:03.259571 [debug] [Thread-4 (]: Using postgres connection "test.data_processing_analytics.not_null_page_type_summary_page_type.ba086379d4"
[0m23:12:03.260303 [debug] [Thread-4 (]: On test.data_processing_analytics.not_null_page_type_summary_page_type.ba086379d4: /* {"app": "dbt", "dbt_version": "1.9.1", "profile_name": "data_processing", "target_name": "local", "node_id": "test.data_processing_analytics.not_null_page_type_summary_page_type.ba086379d4"} */

    select
      count(*) as failures,
      count(*) != 0 as should_warn,
      count(*) != 0 as should_error
    from (
      
    
  
    
    



select page_type
from "data_processing"."public_analytics"."page_type_summary"
where page_type is null



  
  
      
    ) dbt_internal_test
[0m23:12:03.260105 [debug] [Thread-1 (]: SQL status: SELECT 1 in 0.000 seconds
[0m23:12:03.259940 [debug] [Thread-2 (]: On test.data_processing_analytics.not_null_funnel_analysis_page_type.cc723b2075: Close
[0m23:12:03.260463 [debug] [Thread-3 (]: SQL status: SELECT 1 in 0.000 seconds
[0m23:12:03.261185 [debug] [Thread-1 (]: On test.data_processing_analytics.not_null_funnel_analysis_event_type.3c35ba5f6e: ROLLBACK
[0m23:12:03.261345 [debug] [Thread-4 (]: SQL status: SELECT 1 in 0.001 seconds
[0m23:12:03.261644 [info ] [Thread-2 (]: 2 of 17 PASS not_null_funnel_analysis_page_type ................................ [[32mPASS[0m in 0.04s]
[0m23:12:03.262287 [debug] [Thread-3 (]: On test.data_processing_analytics.not_null_hourly_traffic_event_date.bf9938d75e: ROLLBACK
[0m23:12:03.262547 [debug] [Thread-1 (]: On test.data_processing_analytics.not_null_funnel_analysis_event_type.3c35ba5f6e: Close
[0m23:12:03.263069 [debug] [Thread-4 (]: On test.data_processing_analytics.not_null_page_type_summary_page_type.ba086379d4: ROLLBACK
[0m23:12:03.263311 [debug] [Thread-2 (]: Finished running node test.data_processing_analytics.not_null_funnel_analysis_page_type.cc723b2075
[0m23:12:03.263603 [debug] [Thread-3 (]: On test.data_processing_analytics.not_null_hourly_traffic_event_date.bf9938d75e: Close
[0m23:12:03.263886 [info ] [Thread-1 (]: 1 of 17 PASS not_null_funnel_analysis_event_type ............................... [[32mPASS[0m in 0.04s]
[0m23:12:03.264191 [debug] [Thread-4 (]: On test.data_processing_analytics.not_null_page_type_summary_page_type.ba086379d4: Close
[0m23:12:03.265319 [info ] [Thread-4 (]: 4 of 17 PASS not_null_page_type_summary_page_type .............................. [[32mPASS[0m in 0.04s]
[0m23:12:03.264692 [info ] [Thread-3 (]: 3 of 17 PASS not_null_hourly_traffic_event_date ................................ [[32mPASS[0m in 0.04s]
[0m23:12:03.264997 [debug] [Thread-1 (]: Finished running node test.data_processing_analytics.not_null_funnel_analysis_event_type.3c35ba5f6e
[0m23:12:03.264350 [debug] [Thread-2 (]: Began running node test.data_processing_analytics.not_null_stg_impressions_impression_id.f19dc666d8
[0m23:12:03.266368 [info ] [Thread-2 (]: 5 of 17 START test not_null_stg_impressions_impression_id ...................... [RUN]
[0m23:12:03.265910 [debug] [Thread-3 (]: Finished running node test.data_processing_analytics.not_null_hourly_traffic_event_date.bf9938d75e
[0m23:12:03.266139 [debug] [Thread-1 (]: Began running node test.data_processing_analytics.not_null_stg_impressions_user_id.1e82def6e9
[0m23:12:03.265622 [debug] [Thread-4 (]: Finished running node test.data_processing_analytics.not_null_page_type_summary_page_type.ba086379d4
[0m23:12:03.267363 [debug] [Thread-4 (]: Began running node test.data_processing_analytics.source_accepted_values_raw_impressions_event_type__a__b__c__d__e__f.0048e71c39
[0m23:12:03.266867 [debug] [Thread-3 (]: Began running node test.data_processing_analytics.not_null_user_engagement_user_id.9946ab275f
[0m23:12:03.267090 [info ] [Thread-1 (]: 6 of 17 START test not_null_stg_impressions_user_id ............................ [RUN]
[0m23:12:03.266620 [debug] [Thread-2 (]: Re-using an available connection from the pool (formerly test.data_processing_analytics.not_null_funnel_analysis_page_type.cc723b2075, now test.data_processing_analytics.not_null_stg_impressions_impression_id.f19dc666d8)
[0m23:12:03.268343 [debug] [Thread-2 (]: Began compiling node test.data_processing_analytics.not_null_stg_impressions_impression_id.f19dc666d8
[0m23:12:03.267875 [info ] [Thread-3 (]: 7 of 17 START test not_null_user_engagement_user_id ............................ [RUN]
[0m23:12:03.268157 [debug] [Thread-1 (]: Re-using an available connection from the pool (formerly test.data_processing_analytics.not_null_funnel_analysis_event_type.3c35ba5f6e, now test.data_processing_analytics.not_null_stg_impressions_user_id.1e82def6e9)
[0m23:12:03.267576 [info ] [Thread-4 (]: 8 of 17 START test source_accepted_values_raw_impressions_event_type__a__b__c__d__e__f  [RUN]
[0m23:12:03.270888 [debug] [Thread-4 (]: Re-using an available connection from the pool (formerly test.data_processing_analytics.not_null_page_type_summary_page_type.ba086379d4, now test.data_processing_analytics.source_accepted_values_raw_impressions_event_type__a__b__c__d__e__f.0048e71c39)
[0m23:12:03.270469 [debug] [Thread-3 (]: Re-using an available connection from the pool (formerly test.data_processing_analytics.not_null_hourly_traffic_event_date.bf9938d75e, now test.data_processing_analytics.not_null_user_engagement_user_id.9946ab275f)
[0m23:12:03.270686 [debug] [Thread-1 (]: Began compiling node test.data_processing_analytics.not_null_stg_impressions_user_id.1e82def6e9
[0m23:12:03.270229 [debug] [Thread-2 (]: Writing injected SQL for node "test.data_processing_analytics.not_null_stg_impressions_impression_id.f19dc666d8"
[0m23:12:03.271090 [debug] [Thread-4 (]: Began compiling node test.data_processing_analytics.source_accepted_values_raw_impressions_event_type__a__b__c__d__e__f.0048e71c39
[0m23:12:03.271299 [debug] [Thread-3 (]: Began compiling node test.data_processing_analytics.not_null_user_engagement_user_id.9946ab275f
[0m23:12:03.273686 [debug] [Thread-1 (]: Writing injected SQL for node "test.data_processing_analytics.not_null_stg_impressions_user_id.1e82def6e9"
[0m23:12:03.278200 [debug] [Thread-4 (]: Writing injected SQL for node "test.data_processing_analytics.source_accepted_values_raw_impressions_event_type__a__b__c__d__e__f.0048e71c39"
[0m23:12:03.279979 [debug] [Thread-3 (]: Writing injected SQL for node "test.data_processing_analytics.not_null_user_engagement_user_id.9946ab275f"
[0m23:12:03.280385 [debug] [Thread-2 (]: Began executing node test.data_processing_analytics.not_null_stg_impressions_impression_id.f19dc666d8
[0m23:12:03.280749 [debug] [Thread-1 (]: Began executing node test.data_processing_analytics.not_null_stg_impressions_user_id.1e82def6e9
[0m23:12:03.281063 [debug] [Thread-4 (]: Began executing node test.data_processing_analytics.source_accepted_values_raw_impressions_event_type__a__b__c__d__e__f.0048e71c39
[0m23:12:03.282020 [debug] [Thread-2 (]: Writing runtime sql for node "test.data_processing_analytics.not_null_stg_impressions_impression_id.f19dc666d8"
[0m23:12:03.283126 [debug] [Thread-1 (]: Writing runtime sql for node "test.data_processing_analytics.not_null_stg_impressions_user_id.1e82def6e9"
[0m23:12:03.283354 [debug] [Thread-3 (]: Began executing node test.data_processing_analytics.not_null_user_engagement_user_id.9946ab275f
[0m23:12:03.284319 [debug] [Thread-4 (]: Writing runtime sql for node "test.data_processing_analytics.source_accepted_values_raw_impressions_event_type__a__b__c__d__e__f.0048e71c39"
[0m23:12:03.285574 [debug] [Thread-3 (]: Writing runtime sql for node "test.data_processing_analytics.not_null_user_engagement_user_id.9946ab275f"
[0m23:12:03.285980 [debug] [Thread-2 (]: Using postgres connection "test.data_processing_analytics.not_null_stg_impressions_impression_id.f19dc666d8"
[0m23:12:03.286140 [debug] [Thread-1 (]: Using postgres connection "test.data_processing_analytics.not_null_stg_impressions_user_id.1e82def6e9"
[0m23:12:03.286475 [debug] [Thread-4 (]: Using postgres connection "test.data_processing_analytics.source_accepted_values_raw_impressions_event_type__a__b__c__d__e__f.0048e71c39"
[0m23:12:03.286644 [debug] [Thread-2 (]: On test.data_processing_analytics.not_null_stg_impressions_impression_id.f19dc666d8: BEGIN
[0m23:12:03.286850 [debug] [Thread-3 (]: Using postgres connection "test.data_processing_analytics.not_null_user_engagement_user_id.9946ab275f"
[0m23:12:03.287530 [debug] [Thread-3 (]: On test.data_processing_analytics.not_null_user_engagement_user_id.9946ab275f: BEGIN
[0m23:12:03.287163 [debug] [Thread-4 (]: On test.data_processing_analytics.source_accepted_values_raw_impressions_event_type__a__b__c__d__e__f.0048e71c39: BEGIN
[0m23:12:03.287339 [debug] [Thread-2 (]: Opening a new connection, currently in state closed
[0m23:12:03.286995 [debug] [Thread-1 (]: On test.data_processing_analytics.not_null_stg_impressions_user_id.1e82def6e9: BEGIN
[0m23:12:03.288159 [debug] [Thread-1 (]: Opening a new connection, currently in state closed
[0m23:12:03.287867 [debug] [Thread-4 (]: Opening a new connection, currently in state closed
[0m23:12:03.287689 [debug] [Thread-3 (]: Opening a new connection, currently in state closed
[0m23:12:03.292200 [debug] [Thread-4 (]: SQL status: BEGIN in 0.004 seconds
[0m23:12:03.292353 [debug] [Thread-2 (]: SQL status: BEGIN in 0.005 seconds
[0m23:12:03.292529 [debug] [Thread-4 (]: Using postgres connection "test.data_processing_analytics.source_accepted_values_raw_impressions_event_type__a__b__c__d__e__f.0048e71c39"
[0m23:12:03.292711 [debug] [Thread-2 (]: Using postgres connection "test.data_processing_analytics.not_null_stg_impressions_impression_id.f19dc666d8"
[0m23:12:03.293014 [debug] [Thread-4 (]: On test.data_processing_analytics.source_accepted_values_raw_impressions_event_type__a__b__c__d__e__f.0048e71c39: /* {"app": "dbt", "dbt_version": "1.9.1", "profile_name": "data_processing", "target_name": "local", "node_id": "test.data_processing_analytics.source_accepted_values_raw_impressions_event_type__a__b__c__d__e__f.0048e71c39"} */

    select
      count(*) as failures,
      count(*) != 0 as should_warn,
      count(*) != 0 as should_error
    from (
      
    
  
    
    

with all_values as (

    select
        event_type as value_field,
        count(*) as n_records

    from "data_processing"."raw"."impressions"
    group by event_type

)

select *
from all_values
where value_field not in (
    'a','b','c','d','e','f'
)



  
  
      
    ) dbt_internal_test
[0m23:12:03.293282 [debug] [Thread-2 (]: On test.data_processing_analytics.not_null_stg_impressions_impression_id.f19dc666d8: /* {"app": "dbt", "dbt_version": "1.9.1", "profile_name": "data_processing", "target_name": "local", "node_id": "test.data_processing_analytics.not_null_stg_impressions_impression_id.f19dc666d8"} */

    select
      count(*) as failures,
      count(*) != 0 as should_warn,
      count(*) != 0 as should_error
    from (
      
    
  
    
    



select impression_id
from "data_processing"."public_staging"."stg_impressions"
where impression_id is null



  
  
      
    ) dbt_internal_test
[0m23:12:03.293455 [debug] [Thread-3 (]: SQL status: BEGIN in 0.006 seconds
[0m23:12:03.293965 [debug] [Thread-3 (]: Using postgres connection "test.data_processing_analytics.not_null_user_engagement_user_id.9946ab275f"
[0m23:12:03.293756 [debug] [Thread-1 (]: SQL status: BEGIN in 0.006 seconds
[0m23:12:03.294582 [debug] [Thread-1 (]: Using postgres connection "test.data_processing_analytics.not_null_stg_impressions_user_id.1e82def6e9"
[0m23:12:03.294304 [debug] [Thread-4 (]: SQL status: SELECT 1 in 0.001 seconds
[0m23:12:03.294460 [debug] [Thread-2 (]: SQL status: SELECT 1 in 0.001 seconds
[0m23:12:03.294133 [debug] [Thread-3 (]: On test.data_processing_analytics.not_null_user_engagement_user_id.9946ab275f: /* {"app": "dbt", "dbt_version": "1.9.1", "profile_name": "data_processing", "target_name": "local", "node_id": "test.data_processing_analytics.not_null_user_engagement_user_id.9946ab275f"} */

    select
      count(*) as failures,
      count(*) != 0 as should_warn,
      count(*) != 0 as should_error
    from (
      
    
  
    
    



select user_id
from "data_processing"."public_analytics"."user_engagement"
where user_id is null



  
  
      
    ) dbt_internal_test
[0m23:12:03.294755 [debug] [Thread-1 (]: On test.data_processing_analytics.not_null_stg_impressions_user_id.1e82def6e9: /* {"app": "dbt", "dbt_version": "1.9.1", "profile_name": "data_processing", "target_name": "local", "node_id": "test.data_processing_analytics.not_null_stg_impressions_user_id.1e82def6e9"} */

    select
      count(*) as failures,
      count(*) != 0 as should_warn,
      count(*) != 0 as should_error
    from (
      
    
  
    
    



select user_id
from "data_processing"."public_staging"."stg_impressions"
where user_id is null



  
  
      
    ) dbt_internal_test
[0m23:12:03.295484 [debug] [Thread-4 (]: On test.data_processing_analytics.source_accepted_values_raw_impressions_event_type__a__b__c__d__e__f.0048e71c39: ROLLBACK
[0m23:12:03.296110 [debug] [Thread-2 (]: On test.data_processing_analytics.not_null_stg_impressions_impression_id.f19dc666d8: ROLLBACK
[0m23:12:03.296503 [debug] [Thread-3 (]: SQL status: SELECT 1 in 0.000 seconds
[0m23:12:03.296637 [debug] [Thread-4 (]: On test.data_processing_analytics.source_accepted_values_raw_impressions_event_type__a__b__c__d__e__f.0048e71c39: Close
[0m23:12:03.296803 [debug] [Thread-1 (]: SQL status: SELECT 1 in 0.000 seconds
[0m23:12:03.296970 [debug] [Thread-2 (]: On test.data_processing_analytics.not_null_stg_impressions_impression_id.f19dc666d8: Close
[0m23:12:03.297506 [debug] [Thread-3 (]: On test.data_processing_analytics.not_null_user_engagement_user_id.9946ab275f: ROLLBACK
[0m23:12:03.297850 [info ] [Thread-4 (]: 8 of 17 PASS source_accepted_values_raw_impressions_event_type__a__b__c__d__e__f  [[32mPASS[0m in 0.03s]
[0m23:12:03.298524 [debug] [Thread-1 (]: On test.data_processing_analytics.not_null_stg_impressions_user_id.1e82def6e9: ROLLBACK
[0m23:12:03.298838 [info ] [Thread-2 (]: 5 of 17 PASS not_null_stg_impressions_impression_id ............................ [[32mPASS[0m in 0.03s]
[0m23:12:03.299108 [debug] [Thread-3 (]: On test.data_processing_analytics.not_null_user_engagement_user_id.9946ab275f: Close
[0m23:12:03.299370 [debug] [Thread-4 (]: Finished running node test.data_processing_analytics.source_accepted_values_raw_impressions_event_type__a__b__c__d__e__f.0048e71c39
[0m23:12:03.299584 [debug] [Thread-1 (]: On test.data_processing_analytics.not_null_stg_impressions_user_id.1e82def6e9: Close
[0m23:12:03.299792 [debug] [Thread-2 (]: Finished running node test.data_processing_analytics.not_null_stg_impressions_impression_id.f19dc666d8
[0m23:12:03.300082 [info ] [Thread-3 (]: 7 of 17 PASS not_null_user_engagement_user_id .................................. [[32mPASS[0m in 0.03s]
[0m23:12:03.300347 [debug] [Thread-4 (]: Began running node test.data_processing_analytics.source_accepted_values_raw_impressions_page_type__1__2__3.10e87cab6d
[0m23:12:03.300676 [info ] [Thread-1 (]: 6 of 17 PASS not_null_stg_impressions_user_id .................................. [[32mPASS[0m in 0.03s]
[0m23:12:03.300969 [debug] [Thread-2 (]: Began running node test.data_processing_analytics.source_not_null_raw_impressions_date.f99b4db4ba
[0m23:12:03.301235 [debug] [Thread-3 (]: Finished running node test.data_processing_analytics.not_null_user_engagement_user_id.9946ab275f
[0m23:12:03.301449 [info ] [Thread-4 (]: 9 of 17 START test source_accepted_values_raw_impressions_page_type__1__2__3 ... [RUN]
[0m23:12:03.301752 [debug] [Thread-1 (]: Finished running node test.data_processing_analytics.not_null_stg_impressions_user_id.1e82def6e9
[0m23:12:03.301986 [info ] [Thread-2 (]: 10 of 17 START test source_not_null_raw_impressions_date ....................... [RUN]
[0m23:12:03.302238 [debug] [Thread-3 (]: Began running node test.data_processing_analytics.source_not_null_raw_impressions_event_type.af77bebbbd
[0m23:12:03.302477 [debug] [Thread-4 (]: Re-using an available connection from the pool (formerly test.data_processing_analytics.source_accepted_values_raw_impressions_event_type__a__b__c__d__e__f.0048e71c39, now test.data_processing_analytics.source_accepted_values_raw_impressions_page_type__1__2__3.10e87cab6d)
[0m23:12:03.302686 [debug] [Thread-1 (]: Began running node test.data_processing_analytics.source_not_null_raw_impressions_hour.0d8b85a8de
[0m23:12:03.302954 [debug] [Thread-2 (]: Re-using an available connection from the pool (formerly test.data_processing_analytics.not_null_stg_impressions_impression_id.f19dc666d8, now test.data_processing_analytics.source_not_null_raw_impressions_date.f99b4db4ba)
[0m23:12:03.303149 [info ] [Thread-3 (]: 11 of 17 START test source_not_null_raw_impressions_event_type ................. [RUN]
[0m23:12:03.303408 [debug] [Thread-4 (]: Began compiling node test.data_processing_analytics.source_accepted_values_raw_impressions_page_type__1__2__3.10e87cab6d
[0m23:12:03.303594 [info ] [Thread-1 (]: 12 of 17 START test source_not_null_raw_impressions_hour ....................... [RUN]
[0m23:12:03.303852 [debug] [Thread-2 (]: Began compiling node test.data_processing_analytics.source_not_null_raw_impressions_date.f99b4db4ba
[0m23:12:03.304067 [debug] [Thread-3 (]: Re-using an available connection from the pool (formerly test.data_processing_analytics.not_null_user_engagement_user_id.9946ab275f, now test.data_processing_analytics.source_not_null_raw_impressions_event_type.af77bebbbd)
[0m23:12:03.306583 [debug] [Thread-4 (]: Writing injected SQL for node "test.data_processing_analytics.source_accepted_values_raw_impressions_page_type__1__2__3.10e87cab6d"
[0m23:12:03.306817 [debug] [Thread-1 (]: Re-using an available connection from the pool (formerly test.data_processing_analytics.not_null_stg_impressions_user_id.1e82def6e9, now test.data_processing_analytics.source_not_null_raw_impressions_hour.0d8b85a8de)
[0m23:12:03.308517 [debug] [Thread-2 (]: Writing injected SQL for node "test.data_processing_analytics.source_not_null_raw_impressions_date.f99b4db4ba"
[0m23:12:03.308715 [debug] [Thread-3 (]: Began compiling node test.data_processing_analytics.source_not_null_raw_impressions_event_type.af77bebbbd
[0m23:12:03.309158 [debug] [Thread-1 (]: Began compiling node test.data_processing_analytics.source_not_null_raw_impressions_hour.0d8b85a8de
[0m23:12:03.309479 [debug] [Thread-4 (]: Began executing node test.data_processing_analytics.source_accepted_values_raw_impressions_page_type__1__2__3.10e87cab6d
[0m23:12:03.311229 [debug] [Thread-3 (]: Writing injected SQL for node "test.data_processing_analytics.source_not_null_raw_impressions_event_type.af77bebbbd"
[0m23:12:03.311428 [debug] [Thread-2 (]: Began executing node test.data_processing_analytics.source_not_null_raw_impressions_date.f99b4db4ba
[0m23:12:03.312958 [debug] [Thread-1 (]: Writing injected SQL for node "test.data_processing_analytics.source_not_null_raw_impressions_hour.0d8b85a8de"
[0m23:12:03.314068 [debug] [Thread-4 (]: Writing runtime sql for node "test.data_processing_analytics.source_accepted_values_raw_impressions_page_type__1__2__3.10e87cab6d"
[0m23:12:03.315327 [debug] [Thread-2 (]: Writing runtime sql for node "test.data_processing_analytics.source_not_null_raw_impressions_date.f99b4db4ba"
[0m23:12:03.315526 [debug] [Thread-3 (]: Began executing node test.data_processing_analytics.source_not_null_raw_impressions_event_type.af77bebbbd
[0m23:12:03.316019 [debug] [Thread-1 (]: Began executing node test.data_processing_analytics.source_not_null_raw_impressions_hour.0d8b85a8de
[0m23:12:03.316241 [debug] [Thread-4 (]: Using postgres connection "test.data_processing_analytics.source_accepted_values_raw_impressions_page_type__1__2__3.10e87cab6d"
[0m23:12:03.317222 [debug] [Thread-3 (]: Writing runtime sql for node "test.data_processing_analytics.source_not_null_raw_impressions_event_type.af77bebbbd"
[0m23:12:03.317442 [debug] [Thread-2 (]: Using postgres connection "test.data_processing_analytics.source_not_null_raw_impressions_date.f99b4db4ba"
[0m23:12:03.318975 [debug] [Thread-1 (]: Writing runtime sql for node "test.data_processing_analytics.source_not_null_raw_impressions_hour.0d8b85a8de"
[0m23:12:03.319177 [debug] [Thread-4 (]: On test.data_processing_analytics.source_accepted_values_raw_impressions_page_type__1__2__3.10e87cab6d: BEGIN
[0m23:12:03.319472 [debug] [Thread-2 (]: On test.data_processing_analytics.source_not_null_raw_impressions_date.f99b4db4ba: BEGIN
[0m23:12:03.319703 [debug] [Thread-3 (]: Using postgres connection "test.data_processing_analytics.source_not_null_raw_impressions_event_type.af77bebbbd"
[0m23:12:03.320524 [debug] [Thread-3 (]: On test.data_processing_analytics.source_not_null_raw_impressions_event_type.af77bebbbd: BEGIN
[0m23:12:03.320152 [debug] [Thread-2 (]: Opening a new connection, currently in state closed
[0m23:12:03.320357 [debug] [Thread-1 (]: Using postgres connection "test.data_processing_analytics.source_not_null_raw_impressions_hour.0d8b85a8de"
[0m23:12:03.319950 [debug] [Thread-4 (]: Opening a new connection, currently in state closed
[0m23:12:03.320686 [debug] [Thread-3 (]: Opening a new connection, currently in state closed
[0m23:12:03.321065 [debug] [Thread-1 (]: On test.data_processing_analytics.source_not_null_raw_impressions_hour.0d8b85a8de: BEGIN
[0m23:12:03.321769 [debug] [Thread-1 (]: Opening a new connection, currently in state closed
[0m23:12:03.324919 [debug] [Thread-2 (]: SQL status: BEGIN in 0.005 seconds
[0m23:12:03.325150 [debug] [Thread-2 (]: Using postgres connection "test.data_processing_analytics.source_not_null_raw_impressions_date.f99b4db4ba"
[0m23:12:03.325301 [debug] [Thread-4 (]: SQL status: BEGIN in 0.005 seconds
[0m23:12:03.325489 [debug] [Thread-2 (]: On test.data_processing_analytics.source_not_null_raw_impressions_date.f99b4db4ba: /* {"app": "dbt", "dbt_version": "1.9.1", "profile_name": "data_processing", "target_name": "local", "node_id": "test.data_processing_analytics.source_not_null_raw_impressions_date.f99b4db4ba"} */

    select
      count(*) as failures,
      count(*) != 0 as should_warn,
      count(*) != 0 as should_error
    from (
      
    
  
    
    



select date
from "data_processing"."raw"."impressions"
where date is null



  
  
      
    ) dbt_internal_test
[0m23:12:03.325690 [debug] [Thread-4 (]: Using postgres connection "test.data_processing_analytics.source_accepted_values_raw_impressions_page_type__1__2__3.10e87cab6d"
[0m23:12:03.326168 [debug] [Thread-4 (]: On test.data_processing_analytics.source_accepted_values_raw_impressions_page_type__1__2__3.10e87cab6d: /* {"app": "dbt", "dbt_version": "1.9.1", "profile_name": "data_processing", "target_name": "local", "node_id": "test.data_processing_analytics.source_accepted_values_raw_impressions_page_type__1__2__3.10e87cab6d"} */

    select
      count(*) as failures,
      count(*) != 0 as should_warn,
      count(*) != 0 as should_error
    from (
      
    
  
    
    

with all_values as (

    select
        page_type as value_field,
        count(*) as n_records

    from "data_processing"."raw"."impressions"
    group by page_type

)

select *
from all_values
where value_field not in (
    '1','2','3'
)



  
  
      
    ) dbt_internal_test
[0m23:12:03.325974 [debug] [Thread-1 (]: SQL status: BEGIN in 0.004 seconds
[0m23:12:03.326324 [debug] [Thread-2 (]: SQL status: SELECT 1 in 0.000 seconds
[0m23:12:03.326566 [debug] [Thread-1 (]: Using postgres connection "test.data_processing_analytics.source_not_null_raw_impressions_hour.0d8b85a8de"
[0m23:12:03.327278 [debug] [Thread-2 (]: On test.data_processing_analytics.source_not_null_raw_impressions_date.f99b4db4ba: ROLLBACK
[0m23:12:03.327440 [debug] [Thread-4 (]: SQL status: SELECT 1 in 0.001 seconds
[0m23:12:03.327673 [debug] [Thread-1 (]: On test.data_processing_analytics.source_not_null_raw_impressions_hour.0d8b85a8de: /* {"app": "dbt", "dbt_version": "1.9.1", "profile_name": "data_processing", "target_name": "local", "node_id": "test.data_processing_analytics.source_not_null_raw_impressions_hour.0d8b85a8de"} */

    select
      count(*) as failures,
      count(*) != 0 as should_warn,
      count(*) != 0 as should_error
    from (
      
    
  
    
    



select hour
from "data_processing"."raw"."impressions"
where hour is null



  
  
      
    ) dbt_internal_test
[0m23:12:03.327822 [debug] [Thread-3 (]: SQL status: BEGIN in 0.007 seconds
[0m23:12:03.328061 [debug] [Thread-2 (]: On test.data_processing_analytics.source_not_null_raw_impressions_date.f99b4db4ba: Close
[0m23:12:03.328599 [debug] [Thread-4 (]: On test.data_processing_analytics.source_accepted_values_raw_impressions_page_type__1__2__3.10e87cab6d: ROLLBACK
[0m23:12:03.328859 [debug] [Thread-3 (]: Using postgres connection "test.data_processing_analytics.source_not_null_raw_impressions_event_type.af77bebbbd"
[0m23:12:03.329002 [debug] [Thread-1 (]: SQL status: SELECT 1 in 0.000 seconds
[0m23:12:03.329293 [info ] [Thread-2 (]: 10 of 17 PASS source_not_null_raw_impressions_date ............................. [[32mPASS[0m in 0.03s]
[0m23:12:03.329588 [debug] [Thread-4 (]: On test.data_processing_analytics.source_accepted_values_raw_impressions_page_type__1__2__3.10e87cab6d: Close
[0m23:12:03.329746 [debug] [Thread-3 (]: On test.data_processing_analytics.source_not_null_raw_impressions_event_type.af77bebbbd: /* {"app": "dbt", "dbt_version": "1.9.1", "profile_name": "data_processing", "target_name": "local", "node_id": "test.data_processing_analytics.source_not_null_raw_impressions_event_type.af77bebbbd"} */

    select
      count(*) as failures,
      count(*) != 0 as should_warn,
      count(*) != 0 as should_error
    from (
      
    
  
    
    



select event_type
from "data_processing"."raw"."impressions"
where event_type is null



  
  
      
    ) dbt_internal_test
[0m23:12:03.330288 [debug] [Thread-1 (]: On test.data_processing_analytics.source_not_null_raw_impressions_hour.0d8b85a8de: ROLLBACK
[0m23:12:03.330565 [debug] [Thread-2 (]: Finished running node test.data_processing_analytics.source_not_null_raw_impressions_date.f99b4db4ba
[0m23:12:03.330874 [info ] [Thread-4 (]: 9 of 17 PASS source_accepted_values_raw_impressions_page_type__1__2__3 ......... [[32mPASS[0m in 0.03s]
[0m23:12:03.331258 [debug] [Thread-1 (]: On test.data_processing_analytics.source_not_null_raw_impressions_hour.0d8b85a8de: Close
[0m23:12:03.332220 [info ] [Thread-1 (]: 12 of 17 PASS source_not_null_raw_impressions_hour ............................. [[32mPASS[0m in 0.03s]
[0m23:12:03.331548 [debug] [Thread-2 (]: Began running node test.data_processing_analytics.source_not_null_raw_impressions_impression_id.90e58090a3
[0m23:12:03.331943 [debug] [Thread-4 (]: Finished running node test.data_processing_analytics.source_accepted_values_raw_impressions_page_type__1__2__3.10e87cab6d
[0m23:12:03.331385 [debug] [Thread-3 (]: SQL status: SELECT 1 in 0.000 seconds
[0m23:12:03.333633 [debug] [Thread-3 (]: On test.data_processing_analytics.source_not_null_raw_impressions_event_type.af77bebbbd: ROLLBACK
[0m23:12:03.332779 [info ] [Thread-2 (]: 13 of 17 START test source_not_null_raw_impressions_impression_id .............. [RUN]
[0m23:12:03.333029 [debug] [Thread-4 (]: Began running node test.data_processing_analytics.source_not_null_raw_impressions_page_type.c42d24e3ac
[0m23:12:03.332527 [debug] [Thread-1 (]: Finished running node test.data_processing_analytics.source_not_null_raw_impressions_hour.0d8b85a8de
[0m23:12:03.334546 [debug] [Thread-1 (]: Began running node test.data_processing_analytics.source_not_null_raw_impressions_user_id.bf76fbf5eb
[0m23:12:03.334069 [debug] [Thread-2 (]: Re-using an available connection from the pool (formerly test.data_processing_analytics.source_not_null_raw_impressions_date.f99b4db4ba, now test.data_processing_analytics.source_not_null_raw_impressions_impression_id.90e58090a3)
[0m23:12:03.334284 [info ] [Thread-4 (]: 14 of 17 START test source_not_null_raw_impressions_page_type .................. [RUN]
[0m23:12:03.333896 [debug] [Thread-3 (]: On test.data_processing_analytics.source_not_null_raw_impressions_event_type.af77bebbbd: Close
[0m23:12:03.335505 [info ] [Thread-3 (]: 11 of 17 PASS source_not_null_raw_impressions_event_type ....................... [[32mPASS[0m in 0.03s]
[0m23:12:03.335020 [debug] [Thread-2 (]: Began compiling node test.data_processing_analytics.source_not_null_raw_impressions_impression_id.90e58090a3
[0m23:12:03.335248 [debug] [Thread-4 (]: Re-using an available connection from the pool (formerly test.data_processing_analytics.source_accepted_values_raw_impressions_page_type__1__2__3.10e87cab6d, now test.data_processing_analytics.source_not_null_raw_impressions_page_type.c42d24e3ac)
[0m23:12:03.334756 [info ] [Thread-1 (]: 15 of 17 START test source_not_null_raw_impressions_user_id .................... [RUN]
[0m23:12:03.338229 [debug] [Thread-1 (]: Re-using an available connection from the pool (formerly test.data_processing_analytics.source_not_null_raw_impressions_hour.0d8b85a8de, now test.data_processing_analytics.source_not_null_raw_impressions_user_id.bf76fbf5eb)
[0m23:12:03.337806 [debug] [Thread-2 (]: Writing injected SQL for node "test.data_processing_analytics.source_not_null_raw_impressions_impression_id.90e58090a3"
[0m23:12:03.338034 [debug] [Thread-4 (]: Began compiling node test.data_processing_analytics.source_not_null_raw_impressions_page_type.c42d24e3ac
[0m23:12:03.335840 [debug] [Thread-3 (]: Finished running node test.data_processing_analytics.source_not_null_raw_impressions_event_type.af77bebbbd
[0m23:12:03.338397 [debug] [Thread-1 (]: Began compiling node test.data_processing_analytics.source_not_null_raw_impressions_user_id.bf76fbf5eb
[0m23:12:03.340243 [debug] [Thread-4 (]: Writing injected SQL for node "test.data_processing_analytics.source_not_null_raw_impressions_page_type.c42d24e3ac"
[0m23:12:03.340547 [debug] [Thread-3 (]: Began running node test.data_processing_analytics.unique_page_type_summary_page_type.32ffefcb6b
[0m23:12:03.340761 [debug] [Thread-2 (]: Began executing node test.data_processing_analytics.source_not_null_raw_impressions_impression_id.90e58090a3
[0m23:12:03.342487 [debug] [Thread-1 (]: Writing injected SQL for node "test.data_processing_analytics.source_not_null_raw_impressions_user_id.bf76fbf5eb"
[0m23:12:03.342824 [info ] [Thread-3 (]: 16 of 17 START test unique_page_type_summary_page_type ......................... [RUN]
[0m23:12:03.344026 [debug] [Thread-2 (]: Writing runtime sql for node "test.data_processing_analytics.source_not_null_raw_impressions_impression_id.90e58090a3"
[0m23:12:03.344259 [debug] [Thread-4 (]: Began executing node test.data_processing_analytics.source_not_null_raw_impressions_page_type.c42d24e3ac
[0m23:12:03.344513 [debug] [Thread-3 (]: Re-using an available connection from the pool (formerly test.data_processing_analytics.source_not_null_raw_impressions_event_type.af77bebbbd, now test.data_processing_analytics.unique_page_type_summary_page_type.32ffefcb6b)
[0m23:12:03.344796 [debug] [Thread-1 (]: Began executing node test.data_processing_analytics.source_not_null_raw_impressions_user_id.bf76fbf5eb
[0m23:12:03.345867 [debug] [Thread-4 (]: Writing runtime sql for node "test.data_processing_analytics.source_not_null_raw_impressions_page_type.c42d24e3ac"
[0m23:12:03.346086 [debug] [Thread-2 (]: Using postgres connection "test.data_processing_analytics.source_not_null_raw_impressions_impression_id.90e58090a3"
[0m23:12:03.347569 [debug] [Thread-2 (]: On test.data_processing_analytics.source_not_null_raw_impressions_impression_id.90e58090a3: BEGIN
[0m23:12:03.347258 [debug] [Thread-1 (]: Writing runtime sql for node "test.data_processing_analytics.source_not_null_raw_impressions_user_id.bf76fbf5eb"
[0m23:12:03.346247 [debug] [Thread-3 (]: Began compiling node test.data_processing_analytics.unique_page_type_summary_page_type.32ffefcb6b
[0m23:12:03.347746 [debug] [Thread-2 (]: Opening a new connection, currently in state closed
[0m23:12:03.347939 [debug] [Thread-4 (]: Using postgres connection "test.data_processing_analytics.source_not_null_raw_impressions_page_type.c42d24e3ac"
[0m23:12:03.351423 [debug] [Thread-3 (]: Writing injected SQL for node "test.data_processing_analytics.unique_page_type_summary_page_type.32ffefcb6b"
[0m23:12:03.351723 [debug] [Thread-1 (]: Using postgres connection "test.data_processing_analytics.source_not_null_raw_impressions_user_id.bf76fbf5eb"
[0m23:12:03.351935 [debug] [Thread-4 (]: On test.data_processing_analytics.source_not_null_raw_impressions_page_type.c42d24e3ac: BEGIN
[0m23:12:03.352281 [debug] [Thread-1 (]: On test.data_processing_analytics.source_not_null_raw_impressions_user_id.bf76fbf5eb: BEGIN
[0m23:12:03.352507 [debug] [Thread-3 (]: Began executing node test.data_processing_analytics.unique_page_type_summary_page_type.32ffefcb6b
[0m23:12:03.352634 [debug] [Thread-4 (]: Opening a new connection, currently in state closed
[0m23:12:03.352849 [debug] [Thread-1 (]: Opening a new connection, currently in state closed
[0m23:12:03.354020 [debug] [Thread-3 (]: Writing runtime sql for node "test.data_processing_analytics.unique_page_type_summary_page_type.32ffefcb6b"
[0m23:12:03.354812 [debug] [Thread-2 (]: SQL status: BEGIN in 0.007 seconds
[0m23:12:03.355027 [debug] [Thread-2 (]: Using postgres connection "test.data_processing_analytics.source_not_null_raw_impressions_impression_id.90e58090a3"
[0m23:12:03.355847 [debug] [Thread-2 (]: On test.data_processing_analytics.source_not_null_raw_impressions_impression_id.90e58090a3: /* {"app": "dbt", "dbt_version": "1.9.1", "profile_name": "data_processing", "target_name": "local", "node_id": "test.data_processing_analytics.source_not_null_raw_impressions_impression_id.90e58090a3"} */

    select
      count(*) as failures,
      count(*) != 0 as should_warn,
      count(*) != 0 as should_error
    from (
      
    
  
    
    



select impression_id
from "data_processing"."raw"."impressions"
where impression_id is null



  
  
      
    ) dbt_internal_test
[0m23:12:03.356038 [debug] [Thread-3 (]: Using postgres connection "test.data_processing_analytics.unique_page_type_summary_page_type.32ffefcb6b"
[0m23:12:03.357657 [debug] [Thread-3 (]: On test.data_processing_analytics.unique_page_type_summary_page_type.32ffefcb6b: BEGIN
[0m23:12:03.357542 [debug] [Thread-2 (]: SQL status: SELECT 1 in 0.000 seconds
[0m23:12:03.357404 [debug] [Thread-4 (]: SQL status: BEGIN in 0.005 seconds
[0m23:12:03.357844 [debug] [Thread-3 (]: Opening a new connection, currently in state closed
[0m23:12:03.357983 [debug] [Thread-1 (]: SQL status: BEGIN in 0.005 seconds
[0m23:12:03.358613 [debug] [Thread-2 (]: On test.data_processing_analytics.source_not_null_raw_impressions_impression_id.90e58090a3: ROLLBACK
[0m23:12:03.358831 [debug] [Thread-4 (]: Using postgres connection "test.data_processing_analytics.source_not_null_raw_impressions_page_type.c42d24e3ac"
[0m23:12:03.359134 [debug] [Thread-1 (]: Using postgres connection "test.data_processing_analytics.source_not_null_raw_impressions_user_id.bf76fbf5eb"
[0m23:12:03.359402 [debug] [Thread-2 (]: On test.data_processing_analytics.source_not_null_raw_impressions_impression_id.90e58090a3: Close
[0m23:12:03.359558 [debug] [Thread-4 (]: On test.data_processing_analytics.source_not_null_raw_impressions_page_type.c42d24e3ac: /* {"app": "dbt", "dbt_version": "1.9.1", "profile_name": "data_processing", "target_name": "local", "node_id": "test.data_processing_analytics.source_not_null_raw_impressions_page_type.c42d24e3ac"} */

    select
      count(*) as failures,
      count(*) != 0 as should_warn,
      count(*) != 0 as should_error
    from (
      
    
  
    
    



select page_type
from "data_processing"."raw"."impressions"
where page_type is null



  
  
      
    ) dbt_internal_test
[0m23:12:03.359799 [debug] [Thread-1 (]: On test.data_processing_analytics.source_not_null_raw_impressions_user_id.bf76fbf5eb: /* {"app": "dbt", "dbt_version": "1.9.1", "profile_name": "data_processing", "target_name": "local", "node_id": "test.data_processing_analytics.source_not_null_raw_impressions_user_id.bf76fbf5eb"} */

    select
      count(*) as failures,
      count(*) != 0 as should_warn,
      count(*) != 0 as should_error
    from (
      
    
  
    
    



select user_id
from "data_processing"."raw"."impressions"
where user_id is null



  
  
      
    ) dbt_internal_test
[0m23:12:03.361596 [info ] [Thread-2 (]: 13 of 17 PASS source_not_null_raw_impressions_impression_id .................... [[32mPASS[0m in 0.03s]
[0m23:12:03.362016 [debug] [Thread-3 (]: SQL status: BEGIN in 0.004 seconds
[0m23:12:03.362207 [debug] [Thread-4 (]: SQL status: SELECT 1 in 0.000 seconds
[0m23:12:03.362401 [debug] [Thread-1 (]: SQL status: SELECT 1 in 0.000 seconds
[0m23:12:03.362684 [debug] [Thread-2 (]: Finished running node test.data_processing_analytics.source_not_null_raw_impressions_impression_id.90e58090a3
[0m23:12:03.362891 [debug] [Thread-3 (]: Using postgres connection "test.data_processing_analytics.unique_page_type_summary_page_type.32ffefcb6b"
[0m23:12:03.363491 [debug] [Thread-4 (]: On test.data_processing_analytics.source_not_null_raw_impressions_page_type.c42d24e3ac: ROLLBACK
[0m23:12:03.364143 [debug] [Thread-1 (]: On test.data_processing_analytics.source_not_null_raw_impressions_user_id.bf76fbf5eb: ROLLBACK
[0m23:12:03.364371 [debug] [Thread-2 (]: Began running node test.data_processing_analytics.unique_user_engagement_user_id.3479fa49b6
[0m23:12:03.365186 [info ] [Thread-2 (]: 17 of 17 START test unique_user_engagement_user_id ............................. [RUN]
[0m23:12:03.364863 [debug] [Thread-4 (]: On test.data_processing_analytics.source_not_null_raw_impressions_page_type.c42d24e3ac: Close
[0m23:12:03.365034 [debug] [Thread-1 (]: On test.data_processing_analytics.source_not_null_raw_impressions_user_id.bf76fbf5eb: Close
[0m23:12:03.364593 [debug] [Thread-3 (]: On test.data_processing_analytics.unique_page_type_summary_page_type.32ffefcb6b: /* {"app": "dbt", "dbt_version": "1.9.1", "profile_name": "data_processing", "target_name": "local", "node_id": "test.data_processing_analytics.unique_page_type_summary_page_type.32ffefcb6b"} */

    select
      count(*) as failures,
      count(*) != 0 as should_warn,
      count(*) != 0 as should_error
    from (
      
    
  
    
    

select
    page_type as unique_field,
    count(*) as n_records

from "data_processing"."public_analytics"."page_type_summary"
where page_type is not null
group by page_type
having count(*) > 1



  
  
      
    ) dbt_internal_test
[0m23:12:03.365441 [debug] [Thread-2 (]: Re-using an available connection from the pool (formerly test.data_processing_analytics.source_not_null_raw_impressions_impression_id.90e58090a3, now test.data_processing_analytics.unique_user_engagement_user_id.3479fa49b6)
[0m23:12:03.365757 [info ] [Thread-4 (]: 14 of 17 PASS source_not_null_raw_impressions_page_type ........................ [[32mPASS[0m in 0.03s]
[0m23:12:03.366078 [info ] [Thread-1 (]: 15 of 17 PASS source_not_null_raw_impressions_user_id .......................... [[32mPASS[0m in 0.03s]
[0m23:12:03.367019 [debug] [Thread-1 (]: Finished running node test.data_processing_analytics.source_not_null_raw_impressions_user_id.bf76fbf5eb
[0m23:12:03.366662 [debug] [Thread-4 (]: Finished running node test.data_processing_analytics.source_not_null_raw_impressions_page_type.c42d24e3ac
[0m23:12:03.366815 [debug] [Thread-3 (]: SQL status: SELECT 1 in 0.001 seconds
[0m23:12:03.366396 [debug] [Thread-2 (]: Began compiling node test.data_processing_analytics.unique_user_engagement_user_id.3479fa49b6
[0m23:12:03.367780 [debug] [Thread-3 (]: On test.data_processing_analytics.unique_page_type_summary_page_type.32ffefcb6b: ROLLBACK
[0m23:12:03.369591 [debug] [Thread-2 (]: Writing injected SQL for node "test.data_processing_analytics.unique_user_engagement_user_id.3479fa49b6"
[0m23:12:03.369852 [debug] [Thread-3 (]: On test.data_processing_analytics.unique_page_type_summary_page_type.32ffefcb6b: Close
[0m23:12:03.370244 [info ] [Thread-3 (]: 16 of 17 PASS unique_page_type_summary_page_type ............................... [[32mPASS[0m in 0.03s]
[0m23:12:03.370727 [debug] [Thread-3 (]: Finished running node test.data_processing_analytics.unique_page_type_summary_page_type.32ffefcb6b
[0m23:12:03.370529 [debug] [Thread-2 (]: Began executing node test.data_processing_analytics.unique_user_engagement_user_id.3479fa49b6
[0m23:12:03.371901 [debug] [Thread-2 (]: Writing runtime sql for node "test.data_processing_analytics.unique_user_engagement_user_id.3479fa49b6"
[0m23:12:03.372303 [debug] [Thread-2 (]: Using postgres connection "test.data_processing_analytics.unique_user_engagement_user_id.3479fa49b6"
[0m23:12:03.372458 [debug] [Thread-2 (]: On test.data_processing_analytics.unique_user_engagement_user_id.3479fa49b6: BEGIN
[0m23:12:03.372609 [debug] [Thread-2 (]: Opening a new connection, currently in state closed
[0m23:12:03.375507 [debug] [Thread-2 (]: SQL status: BEGIN in 0.003 seconds
[0m23:12:03.375665 [debug] [Thread-2 (]: Using postgres connection "test.data_processing_analytics.unique_user_engagement_user_id.3479fa49b6"
[0m23:12:03.375848 [debug] [Thread-2 (]: On test.data_processing_analytics.unique_user_engagement_user_id.3479fa49b6: /* {"app": "dbt", "dbt_version": "1.9.1", "profile_name": "data_processing", "target_name": "local", "node_id": "test.data_processing_analytics.unique_user_engagement_user_id.3479fa49b6"} */

    select
      count(*) as failures,
      count(*) != 0 as should_warn,
      count(*) != 0 as should_error
    from (
      
    
  
    
    

select
    user_id as unique_field,
    count(*) as n_records

from "data_processing"."public_analytics"."user_engagement"
where user_id is not null
group by user_id
having count(*) > 1



  
  
      
    ) dbt_internal_test
[0m23:12:03.376339 [debug] [Thread-2 (]: SQL status: SELECT 1 in 0.000 seconds
[0m23:12:03.376930 [debug] [Thread-2 (]: On test.data_processing_analytics.unique_user_engagement_user_id.3479fa49b6: ROLLBACK
[0m23:12:03.377132 [debug] [Thread-2 (]: On test.data_processing_analytics.unique_user_engagement_user_id.3479fa49b6: Close
[0m23:12:03.377378 [info ] [Thread-2 (]: 17 of 17 PASS unique_user_engagement_user_id ................................... [[32mPASS[0m in 0.01s]
[0m23:12:03.377663 [debug] [Thread-2 (]: Finished running node test.data_processing_analytics.unique_user_engagement_user_id.3479fa49b6
[0m23:12:03.378324 [debug] [MainThread]: Using postgres connection "master"
[0m23:12:03.378492 [debug] [MainThread]: On master: BEGIN
[0m23:12:03.378630 [debug] [MainThread]: Opening a new connection, currently in state closed
[0m23:12:03.381542 [debug] [MainThread]: SQL status: BEGIN in 0.003 seconds
[0m23:12:03.381717 [debug] [MainThread]: On master: COMMIT
[0m23:12:03.381903 [debug] [MainThread]: Using postgres connection "master"
[0m23:12:03.382054 [debug] [MainThread]: On master: COMMIT
[0m23:12:03.382249 [debug] [MainThread]: SQL status: COMMIT in 0.000 seconds
[0m23:12:03.382397 [debug] [MainThread]: On master: Close
[0m23:12:03.382590 [debug] [MainThread]: Connection 'master' was properly closed.
[0m23:12:03.382744 [debug] [MainThread]: Connection 'test.data_processing_analytics.source_not_null_raw_impressions_user_id.bf76fbf5eb' was properly closed.
[0m23:12:03.382884 [debug] [MainThread]: Connection 'test.data_processing_analytics.unique_user_engagement_user_id.3479fa49b6' was properly closed.
[0m23:12:03.383018 [debug] [MainThread]: Connection 'test.data_processing_analytics.source_not_null_raw_impressions_page_type.c42d24e3ac' was properly closed.
[0m23:12:03.383147 [debug] [MainThread]: Connection 'test.data_processing_analytics.unique_page_type_summary_page_type.32ffefcb6b' was properly closed.
[0m23:12:03.383300 [info ] [MainThread]: 
[0m23:12:03.383462 [info ] [MainThread]: Finished running 17 data tests in 0 hours 0 minutes and 0.22 seconds (0.22s).
[0m23:12:03.384568 [debug] [MainThread]: Command end result
[0m23:12:03.398065 [debug] [MainThread]: Wrote artifact WritableManifest to /dbt/target/manifest.json
[0m23:12:03.398899 [debug] [MainThread]: Wrote artifact SemanticManifest to /dbt/target/semantic_manifest.json
[0m23:12:03.402506 [debug] [MainThread]: Wrote artifact RunExecutionResult to /dbt/target/run_results.json
[0m23:12:03.402660 [info ] [MainThread]: 
[0m23:12:03.402841 [info ] [MainThread]: [32mCompleted successfully[0m
[0m23:12:03.403041 [info ] [MainThread]: 
[0m23:12:03.403231 [info ] [MainThread]: Done. PASS=17 WARN=0 ERROR=0 SKIP=0 TOTAL=17
[0m23:12:03.403704 [debug] [MainThread]: Resource report: {"command_name": "test", "command_success": true, "command_wall_clock_time": 0.53077155, "process_in_blocks": "0", "process_kernel_time": 0.040162, "process_mem_max_rss": "121600", "process_out_blocks": "2110", "process_user_time": 1.016122}
[0m23:12:03.403973 [debug] [MainThread]: Command `dbt test` succeeded at 23:12:03.403931 after 0.53 seconds
[0m23:12:03.404145 [debug] [MainThread]: Sending event: {'category': 'dbt', 'action': 'invocation', 'label': 'end', 'context': [<snowplow_tracker.self_describing_json.SelfDescribingJson object at 0xffff93453100>, <snowplow_tracker.self_describing_json.SelfDescribingJson object at 0xffff92671d20>, <snowplow_tracker.self_describing_json.SelfDescribingJson object at 0xffff91240fa0>]}
[0m23:12:03.404309 [debug] [MainThread]: Flushing usage events
[0m23:12:03.587029 [debug] [MainThread]: An error was encountered while trying to flush usage events
[0m23:12:31.938929 [debug] [MainThread]: Sending event: {'category': 'dbt', 'action': 'invocation', 'label': 'start', 'context': [<snowplow_tracker.self_describing_json.SelfDescribingJson object at 0xffff8f6ab3a0>, <snowplow_tracker.self_describing_json.SelfDescribingJson object at 0xffff8e852e30>, <snowplow_tracker.self_describing_json.SelfDescribingJson object at 0xffff8e851de0>]}


============================== 23:12:31.941748 | e43d7cd4-f76d-4ed0-b979-6ce915a86c39 ==============================
[0m23:12:31.941748 [info ] [MainThread]: Running with dbt=1.9.1
[0m23:12:31.942095 [debug] [MainThread]: running dbt with arguments {'printer_width': '80', 'indirect_selection': 'eager', 'write_json': 'True', 'log_cache_events': 'False', 'partial_parse': 'True', 'cache_selected_only': 'False', 'warn_error': 'None', 'debug': 'False', 'profiles_dir': '/dbt', 'log_path': '/dbt/logs', 'version_check': 'True', 'fail_fast': 'False', 'use_colors': 'True', 'use_experimental_parser': 'False', 'empty': 'None', 'quiet': 'False', 'no_print': 'None', 'warn_error_options': 'WarnErrorOptions(include=[], exclude=[])', 'introspect': 'True', 'static_parser': 'True', 'log_format': 'default', 'target_path': 'None', 'invocation_command': 'dbt deps', 'send_anonymous_usage_stats': 'True'}
[0m23:12:31.986811 [debug] [MainThread]: Sending event: {'category': 'dbt', 'action': 'project_id', 'label': 'e43d7cd4-f76d-4ed0-b979-6ce915a86c39', 'context': [<snowplow_tracker.self_describing_json.SelfDescribingJson object at 0xffff913bdb40>]}
[0m23:12:31.991068 [info ] [MainThread]: Warning: No packages were found in packages.yml
[0m23:12:31.991953 [info ] [MainThread]: Warning: No packages were found in packages.yml
[0m23:12:31.992448 [debug] [MainThread]: Resource report: {"command_name": "deps", "command_success": true, "command_wall_clock_time": 0.07658025, "process_in_blocks": "0", "process_kernel_time": 0.046333, "process_mem_max_rss": "95720", "process_out_blocks": "2131", "process_user_time": 0.668816}
[0m23:12:31.992678 [debug] [MainThread]: Command `dbt deps` succeeded at 23:12:31.992634 after 0.08 seconds
[0m23:12:31.992881 [debug] [MainThread]: Sending event: {'category': 'dbt', 'action': 'invocation', 'label': 'end', 'context': [<snowplow_tracker.self_describing_json.SelfDescribingJson object at 0xffff8f6ab3a0>, <snowplow_tracker.self_describing_json.SelfDescribingJson object at 0xffff913bdb40>, <snowplow_tracker.self_describing_json.SelfDescribingJson object at 0xffff8e725c60>]}
[0m23:12:31.993057 [debug] [MainThread]: Flushing usage events
[0m23:12:32.146711 [debug] [MainThread]: An error was encountered while trying to flush usage events
[0m23:12:32.774318 [debug] [MainThread]: Sending event: {'category': 'dbt', 'action': 'invocation', 'label': 'start', 'context': [<snowplow_tracker.self_describing_json.SelfDescribingJson object at 0xffff964c7130>, <snowplow_tracker.self_describing_json.SelfDescribingJson object at 0xffff956589d0>, <snowplow_tracker.self_describing_json.SelfDescribingJson object at 0xffff9565a230>]}


============================== 23:12:32.775517 | d13dfde5-3109-4eb8-9441-30572bd7ae23 ==============================
[0m23:12:32.775517 [info ] [MainThread]: Running with dbt=1.9.1
[0m23:12:32.775897 [debug] [MainThread]: running dbt with arguments {'printer_width': '80', 'indirect_selection': 'eager', 'write_json': 'True', 'log_cache_events': 'False', 'partial_parse': 'True', 'cache_selected_only': 'False', 'profiles_dir': '/dbt', 'debug': 'False', 'fail_fast': 'False', 'log_path': '/dbt/logs', 'warn_error': 'None', 'version_check': 'True', 'use_colors': 'True', 'use_experimental_parser': 'False', 'no_print': 'None', 'quiet': 'False', 'empty': 'None', 'warn_error_options': 'WarnErrorOptions(include=[], exclude=[])', 'static_parser': 'True', 'introspect': 'True', 'log_format': 'default', 'target_path': 'None', 'invocation_command': 'dbt seed', 'send_anonymous_usage_stats': 'True'}
[0m23:12:32.839709 [debug] [MainThread]: Sending event: {'category': 'dbt', 'action': 'project_id', 'label': 'd13dfde5-3109-4eb8-9441-30572bd7ae23', 'context': [<snowplow_tracker.self_describing_json.SelfDescribingJson object at 0xffff982a6260>]}
[0m23:12:32.863059 [debug] [MainThread]: Sending event: {'category': 'dbt', 'action': 'adapter_info', 'label': 'd13dfde5-3109-4eb8-9441-30572bd7ae23', 'context': [<snowplow_tracker.self_describing_json.SelfDescribingJson object at 0xffff96452110>]}
[0m23:12:32.863431 [info ] [MainThread]: Registered adapter: postgres=1.9.1
[0m23:12:32.892765 [debug] [MainThread]: checksum: 5e8d1596cf4eae33c11286bbb248a722d21b9f00d8a7ced8137c642517055418, vars: {}, profile: , target: , version: 1.9.1
[0m23:12:32.955134 [debug] [MainThread]: Partial parsing enabled: 0 files deleted, 0 files added, 0 files changed.
[0m23:12:32.955370 [debug] [MainThread]: Partial parsing enabled, no changes found, skipping parsing
[0m23:12:32.978476 [debug] [MainThread]: Sending event: {'category': 'dbt', 'action': 'load_project', 'label': 'd13dfde5-3109-4eb8-9441-30572bd7ae23', 'context': [<snowplow_tracker.self_describing_json.SelfDescribingJson object at 0xffff942a4130>]}
[0m23:12:33.024333 [debug] [MainThread]: Wrote artifact WritableManifest to /dbt/target/manifest.json
[0m23:12:33.038625 [debug] [MainThread]: Wrote artifact SemanticManifest to /dbt/target/semantic_manifest.json
[0m23:12:33.047928 [debug] [MainThread]: Sending event: {'category': 'dbt', 'action': 'resource_counts', 'label': 'd13dfde5-3109-4eb8-9441-30572bd7ae23', 'context': [<snowplow_tracker.self_describing_json.SelfDescribingJson object at 0xffff942dd6c0>]}
[0m23:12:33.048212 [info ] [MainThread]: Found 6 models, 17 data tests, 1 source, 434 macros
[0m23:12:33.048428 [debug] [MainThread]: Sending event: {'category': 'dbt', 'action': 'runnable_timing', 'label': 'd13dfde5-3109-4eb8-9441-30572bd7ae23', 'context': [<snowplow_tracker.self_describing_json.SelfDescribingJson object at 0xffff942544f0>]}
[0m23:12:33.049437 [warn ] [MainThread]: Nothing to do. Try checking your model configs and model specification args
[0m23:12:33.050593 [debug] [MainThread]: Command end result
[0m23:12:33.062859 [debug] [MainThread]: Wrote artifact WritableManifest to /dbt/target/manifest.json
[0m23:12:33.063691 [debug] [MainThread]: Wrote artifact SemanticManifest to /dbt/target/semantic_manifest.json
[0m23:12:33.065141 [debug] [MainThread]: Wrote artifact RunExecutionResult to /dbt/target/run_results.json
[0m23:12:33.065291 [info ] [MainThread]: 
[0m23:12:33.065520 [info ] [MainThread]: [32mCompleted successfully[0m
[0m23:12:33.065759 [info ] [MainThread]: 
[0m23:12:33.065975 [info ] [MainThread]: Done. PASS=0 WARN=0 ERROR=0 SKIP=0 TOTAL=0
[0m23:12:33.066673 [debug] [MainThread]: Resource report: {"command_name": "seed", "command_success": true, "command_wall_clock_time": 0.31505966, "process_in_blocks": "0", "process_kernel_time": 0.033208, "process_mem_max_rss": "112644", "process_out_blocks": "2271", "process_user_time": 0.77386}
[0m23:12:33.066874 [debug] [MainThread]: Command `dbt seed` succeeded at 23:12:33.066836 after 0.32 seconds
[0m23:12:33.067049 [debug] [MainThread]: Sending event: {'category': 'dbt', 'action': 'invocation', 'label': 'end', 'context': [<snowplow_tracker.self_describing_json.SelfDescribingJson object at 0xffff964c7130>, <snowplow_tracker.self_describing_json.SelfDescribingJson object at 0xffff96418d00>, <snowplow_tracker.self_describing_json.SelfDescribingJson object at 0xffff955fdab0>]}
[0m23:12:33.067234 [debug] [MainThread]: Flushing usage events
[0m23:12:33.278473 [debug] [MainThread]: An error was encountered while trying to flush usage events
[0m23:12:33.957462 [debug] [MainThread]: Sending event: {'category': 'dbt', 'action': 'invocation', 'label': 'start', 'context': [<snowplow_tracker.self_describing_json.SelfDescribingJson object at 0xffff7aff7160>, <snowplow_tracker.self_describing_json.SelfDescribingJson object at 0xffff7a435a20>, <snowplow_tracker.self_describing_json.SelfDescribingJson object at 0xffff7a1862f0>]}


============================== 23:12:33.958636 | 469cf8b6-bafc-4174-9650-d459d1f80ede ==============================
[0m23:12:33.958636 [info ] [MainThread]: Running with dbt=1.9.1
[0m23:12:33.959056 [debug] [MainThread]: running dbt with arguments {'printer_width': '80', 'indirect_selection': 'eager', 'write_json': 'True', 'log_cache_events': 'False', 'partial_parse': 'True', 'cache_selected_only': 'False', 'profiles_dir': '/dbt', 'debug': 'False', 'version_check': 'True', 'log_path': '/dbt/logs', 'fail_fast': 'False', 'warn_error': 'None', 'use_colors': 'True', 'use_experimental_parser': 'False', 'no_print': 'None', 'quiet': 'False', 'empty': 'False', 'log_format': 'default', 'introspect': 'True', 'invocation_command': 'dbt run', 'warn_error_options': 'WarnErrorOptions(include=[], exclude=[])', 'target_path': 'None', 'static_parser': 'True', 'send_anonymous_usage_stats': 'True'}
[0m23:12:34.022193 [debug] [MainThread]: Sending event: {'category': 'dbt', 'action': 'project_id', 'label': '469cf8b6-bafc-4174-9650-d459d1f80ede', 'context': [<snowplow_tracker.self_describing_json.SelfDescribingJson object at 0xffff7cdd6290>]}
[0m23:12:34.045465 [debug] [MainThread]: Sending event: {'category': 'dbt', 'action': 'adapter_info', 'label': '469cf8b6-bafc-4174-9650-d459d1f80ede', 'context': [<snowplow_tracker.self_describing_json.SelfDescribingJson object at 0xffff7a0fc100>]}
[0m23:12:34.045825 [info ] [MainThread]: Registered adapter: postgres=1.9.1
[0m23:12:34.074683 [debug] [MainThread]: checksum: 5e8d1596cf4eae33c11286bbb248a722d21b9f00d8a7ced8137c642517055418, vars: {}, profile: , target: , version: 1.9.1
[0m23:12:34.136100 [debug] [MainThread]: Partial parsing enabled: 0 files deleted, 0 files added, 0 files changed.
[0m23:12:34.136336 [debug] [MainThread]: Partial parsing enabled, no changes found, skipping parsing
[0m23:12:34.159426 [debug] [MainThread]: Sending event: {'category': 'dbt', 'action': 'load_project', 'label': '469cf8b6-bafc-4174-9650-d459d1f80ede', 'context': [<snowplow_tracker.self_describing_json.SelfDescribingJson object at 0xffff78dd4130>]}
[0m23:12:34.205063 [debug] [MainThread]: Wrote artifact WritableManifest to /dbt/target/manifest.json
[0m23:12:34.208156 [debug] [MainThread]: Wrote artifact SemanticManifest to /dbt/target/semantic_manifest.json
[0m23:12:34.213923 [debug] [MainThread]: Sending event: {'category': 'dbt', 'action': 'resource_counts', 'label': '469cf8b6-bafc-4174-9650-d459d1f80ede', 'context': [<snowplow_tracker.self_describing_json.SelfDescribingJson object at 0xffff78dd7b50>]}
[0m23:12:34.214185 [info ] [MainThread]: Found 6 models, 17 data tests, 1 source, 434 macros
[0m23:12:34.214391 [debug] [MainThread]: Sending event: {'category': 'dbt', 'action': 'runnable_timing', 'label': '469cf8b6-bafc-4174-9650-d459d1f80ede', 'context': [<snowplow_tracker.self_describing_json.SelfDescribingJson object at 0xffff78dd7c70>]}
[0m23:12:34.215296 [info ] [MainThread]: 
[0m23:12:34.215497 [info ] [MainThread]: Concurrency: 4 threads (target='local')
[0m23:12:34.215735 [info ] [MainThread]: 
[0m23:12:34.216031 [debug] [MainThread]: Acquiring new postgres connection 'master'
[0m23:12:34.218128 [debug] [ThreadPool]: Acquiring new postgres connection 'list_data_processing'
[0m23:12:34.218442 [debug] [ThreadPool]: Acquiring new postgres connection 'list_data_processing'
[0m23:12:34.254948 [debug] [ThreadPool]: Using postgres connection "list_data_processing"
[0m23:12:34.255141 [debug] [ThreadPool]: Using postgres connection "list_data_processing"
[0m23:12:34.255351 [debug] [ThreadPool]: On list_data_processing: /* {"app": "dbt", "dbt_version": "1.9.1", "profile_name": "data_processing", "target_name": "local", "connection_name": "list_data_processing"} */

    select distinct nspname from pg_namespace
  
[0m23:12:34.255575 [debug] [ThreadPool]: On list_data_processing: /* {"app": "dbt", "dbt_version": "1.9.1", "profile_name": "data_processing", "target_name": "local", "connection_name": "list_data_processing"} */

    select distinct nspname from pg_namespace
  
[0m23:12:34.255770 [debug] [ThreadPool]: Opening a new connection, currently in state init
[0m23:12:34.255970 [debug] [ThreadPool]: Opening a new connection, currently in state init
[0m23:12:34.261545 [debug] [ThreadPool]: SQL status: SELECT 8 in 0.006 seconds
[0m23:12:34.261708 [debug] [ThreadPool]: SQL status: SELECT 8 in 0.006 seconds
[0m23:12:34.262268 [debug] [ThreadPool]: On list_data_processing: Close
[0m23:12:34.262782 [debug] [ThreadPool]: On list_data_processing: Close
[0m23:12:34.263775 [debug] [ThreadPool]: Re-using an available connection from the pool (formerly list_data_processing, now list_data_processing_public_analytics)
[0m23:12:34.264027 [debug] [ThreadPool]: Re-using an available connection from the pool (formerly list_data_processing, now list_data_processing_public_staging)
[0m23:12:34.266766 [debug] [ThreadPool]: Using postgres connection "list_data_processing_public_analytics"
[0m23:12:34.267932 [debug] [ThreadPool]: Using postgres connection "list_data_processing_public_staging"
[0m23:12:34.268118 [debug] [ThreadPool]: On list_data_processing_public_analytics: BEGIN
[0m23:12:34.268317 [debug] [ThreadPool]: On list_data_processing_public_staging: BEGIN
[0m23:12:34.268473 [debug] [ThreadPool]: Opening a new connection, currently in state closed
[0m23:12:34.268662 [debug] [ThreadPool]: Opening a new connection, currently in state closed
[0m23:12:34.272287 [debug] [ThreadPool]: SQL status: BEGIN in 0.004 seconds
[0m23:12:34.272421 [debug] [ThreadPool]: SQL status: BEGIN in 0.004 seconds
[0m23:12:34.272618 [debug] [ThreadPool]: Using postgres connection "list_data_processing_public_analytics"
[0m23:12:34.272822 [debug] [ThreadPool]: Using postgres connection "list_data_processing_public_staging"
[0m23:12:34.273002 [debug] [ThreadPool]: On list_data_processing_public_analytics: /* {"app": "dbt", "dbt_version": "1.9.1", "profile_name": "data_processing", "target_name": "local", "connection_name": "list_data_processing_public_analytics"} */
select
      'data_processing' as database,
      tablename as name,
      schemaname as schema,
      'table' as type
    from pg_tables
    where schemaname ilike 'public_analytics'
    union all
    select
      'data_processing' as database,
      viewname as name,
      schemaname as schema,
      'view' as type
    from pg_views
    where schemaname ilike 'public_analytics'
    union all
    select
      'data_processing' as database,
      matviewname as name,
      schemaname as schema,
      'materialized_view' as type
    from pg_matviews
    where schemaname ilike 'public_analytics'
  
[0m23:12:34.273217 [debug] [ThreadPool]: On list_data_processing_public_staging: /* {"app": "dbt", "dbt_version": "1.9.1", "profile_name": "data_processing", "target_name": "local", "connection_name": "list_data_processing_public_staging"} */
select
      'data_processing' as database,
      tablename as name,
      schemaname as schema,
      'table' as type
    from pg_tables
    where schemaname ilike 'public_staging'
    union all
    select
      'data_processing' as database,
      viewname as name,
      schemaname as schema,
      'view' as type
    from pg_views
    where schemaname ilike 'public_staging'
    union all
    select
      'data_processing' as database,
      matviewname as name,
      schemaname as schema,
      'materialized_view' as type
    from pg_matviews
    where schemaname ilike 'public_staging'
  
[0m23:12:34.274487 [debug] [ThreadPool]: SQL status: SELECT 5 in 0.001 seconds
[0m23:12:34.274616 [debug] [ThreadPool]: SQL status: SELECT 1 in 0.001 seconds
[0m23:12:34.275220 [debug] [ThreadPool]: On list_data_processing_public_analytics: ROLLBACK
[0m23:12:34.275767 [debug] [ThreadPool]: On list_data_processing_public_staging: ROLLBACK
[0m23:12:34.276004 [debug] [ThreadPool]: On list_data_processing_public_analytics: Close
[0m23:12:34.276223 [debug] [ThreadPool]: On list_data_processing_public_staging: Close
[0m23:12:34.278851 [debug] [MainThread]: Using postgres connection "master"
[0m23:12:34.279016 [debug] [MainThread]: On master: BEGIN
[0m23:12:34.279146 [debug] [MainThread]: Opening a new connection, currently in state init
[0m23:12:34.282091 [debug] [MainThread]: SQL status: BEGIN in 0.003 seconds
[0m23:12:34.282254 [debug] [MainThread]: Using postgres connection "master"
[0m23:12:34.282437 [debug] [MainThread]: On master: /* {"app": "dbt", "dbt_version": "1.9.1", "profile_name": "data_processing", "target_name": "local", "connection_name": "master"} */
select distinct
        dependent_namespace.nspname as dependent_schema,
        dependent_class.relname as dependent_name,
        referenced_namespace.nspname as referenced_schema,
        referenced_class.relname as referenced_name

    -- Query for views: views are entries in pg_class with an entry in pg_rewrite, but we avoid
    -- a seq scan on pg_rewrite by leveraging the fact there is an "internal" row in pg_depend for
    -- the view...
    from pg_class as dependent_class
    join pg_namespace as dependent_namespace on dependent_namespace.oid = dependent_class.relnamespace
    join pg_depend as dependent_depend on dependent_depend.refobjid = dependent_class.oid
        and dependent_depend.classid = 'pg_rewrite'::regclass
        and dependent_depend.refclassid = 'pg_class'::regclass
        and dependent_depend.deptype = 'i'

    -- ... and via pg_depend (that has a row per column, hence the need for "distinct" above, and
    -- making sure to exclude the internal row to avoid a view appearing to depend on itself)...
    join pg_depend as joining_depend on joining_depend.objid = dependent_depend.objid
        and joining_depend.classid = 'pg_rewrite'::regclass
        and joining_depend.refclassid = 'pg_class'::regclass
        and joining_depend.refobjid != dependent_depend.refobjid

    -- ... we can find the tables they query from in pg_class, but excluding system tables. Note we
    -- don't need need to exclude _dependent_ system tables, because they only query from other
    -- system tables, and so are automatically excluded by excluding _referenced_ system tables
    join pg_class as referenced_class on referenced_class.oid = joining_depend.refobjid
    join pg_namespace as referenced_namespace on referenced_namespace.oid = referenced_class.relnamespace
        and referenced_namespace.nspname != 'information_schema'
        and referenced_namespace.nspname not like 'pg\_%'

    order by
        dependent_schema, dependent_name, referenced_schema, referenced_name;
[0m23:12:34.283683 [debug] [MainThread]: SQL status: SELECT 1 in 0.001 seconds
[0m23:12:34.284154 [debug] [MainThread]: Sending event: {'category': 'dbt', 'action': 'runnable_timing', 'label': '469cf8b6-bafc-4174-9650-d459d1f80ede', 'context': [<snowplow_tracker.self_describing_json.SelfDescribingJson object at 0xffff78dd63e0>]}
[0m23:12:34.284384 [debug] [MainThread]: On master: ROLLBACK
[0m23:12:34.284586 [debug] [MainThread]: Using postgres connection "master"
[0m23:12:34.284721 [debug] [MainThread]: On master: BEGIN
[0m23:12:34.284954 [debug] [MainThread]: SQL status: BEGIN in 0.000 seconds
[0m23:12:34.285110 [debug] [MainThread]: On master: COMMIT
[0m23:12:34.285241 [debug] [MainThread]: Using postgres connection "master"
[0m23:12:34.285365 [debug] [MainThread]: On master: COMMIT
[0m23:12:34.285535 [debug] [MainThread]: SQL status: COMMIT in 0.000 seconds
[0m23:12:34.285685 [debug] [MainThread]: On master: Close
[0m23:12:34.286749 [debug] [Thread-1 (]: Began running node model.data_processing_analytics.stg_impressions
[0m23:12:34.287003 [info ] [Thread-1 (]: 1 of 6 START sql view model public_staging.stg_impressions ..................... [RUN]
[0m23:12:34.287235 [debug] [Thread-1 (]: Re-using an available connection from the pool (formerly list_data_processing_public_analytics, now model.data_processing_analytics.stg_impressions)
[0m23:12:34.287467 [debug] [Thread-1 (]: Began compiling node model.data_processing_analytics.stg_impressions
[0m23:12:34.291075 [debug] [Thread-1 (]: Writing injected SQL for node "model.data_processing_analytics.stg_impressions"
[0m23:12:34.291703 [debug] [Thread-1 (]: Began executing node model.data_processing_analytics.stg_impressions
[0m23:12:34.306803 [debug] [Thread-1 (]: Writing runtime sql for node "model.data_processing_analytics.stg_impressions"
[0m23:12:34.307481 [debug] [Thread-1 (]: Using postgres connection "model.data_processing_analytics.stg_impressions"
[0m23:12:34.307660 [debug] [Thread-1 (]: On model.data_processing_analytics.stg_impressions: BEGIN
[0m23:12:34.307813 [debug] [Thread-1 (]: Opening a new connection, currently in state closed
[0m23:12:34.311149 [debug] [Thread-1 (]: SQL status: BEGIN in 0.003 seconds
[0m23:12:34.311327 [debug] [Thread-1 (]: Using postgres connection "model.data_processing_analytics.stg_impressions"
[0m23:12:34.311501 [debug] [Thread-1 (]: On model.data_processing_analytics.stg_impressions: /* {"app": "dbt", "dbt_version": "1.9.1", "profile_name": "data_processing", "target_name": "local", "node_id": "model.data_processing_analytics.stg_impressions"} */

  create view "data_processing"."public_staging"."stg_impressions__dbt_tmp"
    
    
  as (
    with source as (
    select * from "data_processing"."raw"."impressions"
),

cleaned as (
    select
        user_id,
        impression_id,
        page_type,
        date::date as event_date,
        hour,
        min as minute,
        second,
        event_type,
        make_timestamp(
            extract(year from date::date)::int,
            extract(month from date::date)::int,
            extract(day from date::date)::int,
            hour,
            min,
            second
        ) as event_timestamp
    from source
)

select * from cleaned
  );
[0m23:12:34.312498 [debug] [Thread-1 (]: SQL status: CREATE VIEW in 0.001 seconds
[0m23:12:34.315197 [debug] [Thread-1 (]: Using postgres connection "model.data_processing_analytics.stg_impressions"
[0m23:12:34.315375 [debug] [Thread-1 (]: On model.data_processing_analytics.stg_impressions: /* {"app": "dbt", "dbt_version": "1.9.1", "profile_name": "data_processing", "target_name": "local", "node_id": "model.data_processing_analytics.stg_impressions"} */
alter table "data_processing"."public_staging"."stg_impressions" rename to "stg_impressions__dbt_backup"
[0m23:12:34.315685 [debug] [Thread-1 (]: SQL status: ALTER TABLE in 0.000 seconds
[0m23:12:34.316910 [debug] [Thread-1 (]: Using postgres connection "model.data_processing_analytics.stg_impressions"
[0m23:12:34.317074 [debug] [Thread-1 (]: On model.data_processing_analytics.stg_impressions: /* {"app": "dbt", "dbt_version": "1.9.1", "profile_name": "data_processing", "target_name": "local", "node_id": "model.data_processing_analytics.stg_impressions"} */
alter table "data_processing"."public_staging"."stg_impressions__dbt_tmp" rename to "stg_impressions"
[0m23:12:34.317404 [debug] [Thread-1 (]: SQL status: ALTER TABLE in 0.000 seconds
[0m23:12:34.325098 [debug] [Thread-1 (]: On model.data_processing_analytics.stg_impressions: COMMIT
[0m23:12:34.325324 [debug] [Thread-1 (]: Using postgres connection "model.data_processing_analytics.stg_impressions"
[0m23:12:34.325528 [debug] [Thread-1 (]: On model.data_processing_analytics.stg_impressions: COMMIT
[0m23:12:34.326063 [debug] [Thread-1 (]: SQL status: COMMIT in 0.000 seconds
[0m23:12:34.328593 [debug] [Thread-1 (]: Applying DROP to: "data_processing"."public_staging"."stg_impressions__dbt_backup"
[0m23:12:34.330347 [debug] [Thread-1 (]: Using postgres connection "model.data_processing_analytics.stg_impressions"
[0m23:12:34.330534 [debug] [Thread-1 (]: On model.data_processing_analytics.stg_impressions: /* {"app": "dbt", "dbt_version": "1.9.1", "profile_name": "data_processing", "target_name": "local", "node_id": "model.data_processing_analytics.stg_impressions"} */
drop view if exists "data_processing"."public_staging"."stg_impressions__dbt_backup" cascade
[0m23:12:34.331134 [debug] [Thread-1 (]: SQL status: DROP VIEW in 0.000 seconds
[0m23:12:34.332181 [debug] [Thread-1 (]: On model.data_processing_analytics.stg_impressions: Close
[0m23:12:34.333031 [debug] [Thread-1 (]: Sending event: {'category': 'dbt', 'action': 'run_model', 'label': '469cf8b6-bafc-4174-9650-d459d1f80ede', 'context': [<snowplow_tracker.self_describing_json.SelfDescribingJson object at 0xffff7cdaaaa0>]}
[0m23:12:34.333343 [info ] [Thread-1 (]: 1 of 6 OK created sql view model public_staging.stg_impressions ................ [[32mCREATE VIEW[0m in 0.05s]
[0m23:12:34.333706 [debug] [Thread-1 (]: Finished running node model.data_processing_analytics.stg_impressions
[0m23:12:34.334147 [debug] [Thread-3 (]: Began running node model.data_processing_analytics.funnel_analysis
[0m23:12:34.334305 [debug] [Thread-4 (]: Began running node model.data_processing_analytics.int_impressions_aggregated
[0m23:12:34.334557 [info ] [Thread-3 (]: 2 of 6 START sql table model public_analytics.funnel_analysis .................. [RUN]
[0m23:12:34.335171 [debug] [Thread-3 (]: Acquiring new postgres connection 'model.data_processing_analytics.funnel_analysis'
[0m23:12:34.334871 [info ] [Thread-4 (]: 3 of 6 START sql table model public_analytics.int_impressions_aggregated ....... [RUN]
[0m23:12:34.335344 [debug] [Thread-3 (]: Began compiling node model.data_processing_analytics.funnel_analysis
[0m23:12:34.335567 [debug] [Thread-4 (]: Acquiring new postgres connection 'model.data_processing_analytics.int_impressions_aggregated'
[0m23:12:34.337188 [debug] [Thread-4 (]: Began compiling node model.data_processing_analytics.int_impressions_aggregated
[0m23:12:34.337007 [debug] [Thread-3 (]: Writing injected SQL for node "model.data_processing_analytics.funnel_analysis"
[0m23:12:34.338329 [debug] [Thread-4 (]: Writing injected SQL for node "model.data_processing_analytics.int_impressions_aggregated"
[0m23:12:34.338978 [debug] [Thread-3 (]: Began executing node model.data_processing_analytics.funnel_analysis
[0m23:12:34.339139 [debug] [Thread-4 (]: Began executing node model.data_processing_analytics.int_impressions_aggregated
[0m23:12:34.348704 [debug] [Thread-3 (]: Writing runtime sql for node "model.data_processing_analytics.funnel_analysis"
[0m23:12:34.350266 [debug] [Thread-4 (]: Writing runtime sql for node "model.data_processing_analytics.int_impressions_aggregated"
[0m23:12:34.351011 [debug] [Thread-3 (]: Using postgres connection "model.data_processing_analytics.funnel_analysis"
[0m23:12:34.351382 [debug] [Thread-3 (]: On model.data_processing_analytics.funnel_analysis: BEGIN
[0m23:12:34.351250 [debug] [Thread-4 (]: Using postgres connection "model.data_processing_analytics.int_impressions_aggregated"
[0m23:12:34.351740 [debug] [Thread-4 (]: On model.data_processing_analytics.int_impressions_aggregated: BEGIN
[0m23:12:34.351544 [debug] [Thread-3 (]: Opening a new connection, currently in state init
[0m23:12:34.351895 [debug] [Thread-4 (]: Opening a new connection, currently in state init
[0m23:12:34.355427 [debug] [Thread-4 (]: SQL status: BEGIN in 0.004 seconds
[0m23:12:34.355610 [debug] [Thread-4 (]: Using postgres connection "model.data_processing_analytics.int_impressions_aggregated"
[0m23:12:34.355796 [debug] [Thread-4 (]: On model.data_processing_analytics.int_impressions_aggregated: /* {"app": "dbt", "dbt_version": "1.9.1", "profile_name": "data_processing", "target_name": "local", "node_id": "model.data_processing_analytics.int_impressions_aggregated"} */

  
    

  create  table "data_processing"."public_analytics"."int_impressions_aggregated__dbt_tmp"
  
  
    as
  
  (
    /*
    Aggregates impression events by user, impression, and page type.
    Mirrors the spark aggregation job in spark_applications/aggregation.py.
*/
with impressions as (
    select * from "data_processing"."public_staging"."stg_impressions"
),

aggregated as (
    select
        user_id,
        impression_id,
        page_type,
        event_date,
        hour,
        count(*) as event_count,
        count(distinct event_type) as distinct_events,
        min(second) as first_event_second,
        max(second) as last_event_second,
        min(event_timestamp) as first_event_at,
        max(event_timestamp) as last_event_at,
        max(event_type) as max_event_reached
    from impressions
    group by user_id, impression_id, page_type, event_date, hour
)

select * from aggregated
  );
  
[0m23:12:34.356346 [debug] [Thread-3 (]: SQL status: BEGIN in 0.005 seconds
[0m23:12:34.356523 [debug] [Thread-3 (]: Using postgres connection "model.data_processing_analytics.funnel_analysis"
[0m23:12:34.356735 [debug] [Thread-3 (]: On model.data_processing_analytics.funnel_analysis: /* {"app": "dbt", "dbt_version": "1.9.1", "profile_name": "data_processing", "target_name": "local", "node_id": "model.data_processing_analytics.funnel_analysis"} */

  
    

  create  table "data_processing"."public_analytics"."funnel_analysis__dbt_tmp"
  
  
    as
  
  (
    /*
    Funnel conversion analysis by page type.
    Shows how many impressions reach each event stage and conversion rates.

    Expected patterns based on data generation:
      - Page 1: ~10% reach d, 0% reach e or f
      - Page 2: ~30% reach d, ~10% reach e, 0% reach f
      - Page 3: ~50% reach d, ~20% reach e, ~10% reach f
*/
with impressions as (
    select * from "data_processing"."public_staging"."stg_impressions"
),

total_impressions as (
    select
        page_type,
        count(distinct impression_id) as total_impressions
    from impressions
    group by page_type
),

event_counts as (
    select
        page_type,
        event_type,
        count(distinct impression_id) as impressions_at_stage
    from impressions
    group by page_type, event_type
),

funnel as (
    select
        ec.page_type,
        ec.event_type,
        ec.impressions_at_stage,
        ti.total_impressions,
        round(
            (ec.impressions_at_stage::numeric / ti.total_impressions) * 100, 2
        ) as pct_of_total,
        round(
            (ec.impressions_at_stage::numeric / lag(ec.impressions_at_stage) over (
                partition by ec.page_type order by ec.event_type
            )) * 100, 2
        ) as pct_from_previous_stage
    from event_counts ec
    join total_impressions ti on ec.page_type = ti.page_type
)

select * from funnel
order by page_type, event_type
  );
  
[0m23:12:34.357921 [debug] [Thread-4 (]: SQL status: SELECT 0 in 0.002 seconds
[0m23:12:34.361605 [debug] [Thread-4 (]: Using postgres connection "model.data_processing_analytics.int_impressions_aggregated"
[0m23:12:34.361921 [debug] [Thread-4 (]: On model.data_processing_analytics.int_impressions_aggregated: /* {"app": "dbt", "dbt_version": "1.9.1", "profile_name": "data_processing", "target_name": "local", "node_id": "model.data_processing_analytics.int_impressions_aggregated"} */
alter table "data_processing"."public_analytics"."int_impressions_aggregated" rename to "int_impressions_aggregated__dbt_backup"
[0m23:12:34.361743 [debug] [Thread-3 (]: SQL status: SELECT 0 in 0.005 seconds
[0m23:12:34.363593 [debug] [Thread-3 (]: Using postgres connection "model.data_processing_analytics.funnel_analysis"
[0m23:12:34.363904 [debug] [Thread-3 (]: On model.data_processing_analytics.funnel_analysis: /* {"app": "dbt", "dbt_version": "1.9.1", "profile_name": "data_processing", "target_name": "local", "node_id": "model.data_processing_analytics.funnel_analysis"} */
alter table "data_processing"."public_analytics"."funnel_analysis" rename to "funnel_analysis__dbt_backup"
[0m23:12:34.363718 [debug] [Thread-4 (]: SQL status: ALTER TABLE in 0.002 seconds
[0m23:12:34.365219 [debug] [Thread-4 (]: Using postgres connection "model.data_processing_analytics.int_impressions_aggregated"
[0m23:12:34.365331 [debug] [Thread-3 (]: SQL status: ALTER TABLE in 0.001 seconds
[0m23:12:34.365499 [debug] [Thread-4 (]: On model.data_processing_analytics.int_impressions_aggregated: /* {"app": "dbt", "dbt_version": "1.9.1", "profile_name": "data_processing", "target_name": "local", "node_id": "model.data_processing_analytics.int_impressions_aggregated"} */
alter table "data_processing"."public_analytics"."int_impressions_aggregated__dbt_tmp" rename to "int_impressions_aggregated"
[0m23:12:34.366750 [debug] [Thread-3 (]: Using postgres connection "model.data_processing_analytics.funnel_analysis"
[0m23:12:34.367146 [debug] [Thread-3 (]: On model.data_processing_analytics.funnel_analysis: /* {"app": "dbt", "dbt_version": "1.9.1", "profile_name": "data_processing", "target_name": "local", "node_id": "model.data_processing_analytics.funnel_analysis"} */
alter table "data_processing"."public_analytics"."funnel_analysis__dbt_tmp" rename to "funnel_analysis"
[0m23:12:34.367019 [debug] [Thread-4 (]: SQL status: ALTER TABLE in 0.000 seconds
[0m23:12:34.367847 [debug] [Thread-4 (]: On model.data_processing_analytics.int_impressions_aggregated: COMMIT
[0m23:12:34.367957 [debug] [Thread-3 (]: SQL status: ALTER TABLE in 0.001 seconds
[0m23:12:34.368117 [debug] [Thread-4 (]: Using postgres connection "model.data_processing_analytics.int_impressions_aggregated"
[0m23:12:34.368822 [debug] [Thread-4 (]: On model.data_processing_analytics.int_impressions_aggregated: COMMIT
[0m23:12:34.368661 [debug] [Thread-3 (]: On model.data_processing_analytics.funnel_analysis: COMMIT
[0m23:12:34.369056 [debug] [Thread-3 (]: Using postgres connection "model.data_processing_analytics.funnel_analysis"
[0m23:12:34.369335 [debug] [Thread-3 (]: On model.data_processing_analytics.funnel_analysis: COMMIT
[0m23:12:34.369199 [debug] [Thread-4 (]: SQL status: COMMIT in 0.000 seconds
[0m23:12:34.370418 [debug] [Thread-4 (]: Applying DROP to: "data_processing"."public_analytics"."int_impressions_aggregated__dbt_backup"
[0m23:12:34.370533 [debug] [Thread-3 (]: SQL status: COMMIT in 0.001 seconds
[0m23:12:34.371693 [debug] [Thread-4 (]: Using postgres connection "model.data_processing_analytics.int_impressions_aggregated"
[0m23:12:34.372855 [debug] [Thread-4 (]: On model.data_processing_analytics.int_impressions_aggregated: /* {"app": "dbt", "dbt_version": "1.9.1", "profile_name": "data_processing", "target_name": "local", "node_id": "model.data_processing_analytics.int_impressions_aggregated"} */
drop table if exists "data_processing"."public_analytics"."int_impressions_aggregated__dbt_backup" cascade
[0m23:12:34.372673 [debug] [Thread-3 (]: Applying DROP to: "data_processing"."public_analytics"."funnel_analysis__dbt_backup"
[0m23:12:34.373221 [debug] [Thread-3 (]: Using postgres connection "model.data_processing_analytics.funnel_analysis"
[0m23:12:34.373414 [debug] [Thread-3 (]: On model.data_processing_analytics.funnel_analysis: /* {"app": "dbt", "dbt_version": "1.9.1", "profile_name": "data_processing", "target_name": "local", "node_id": "model.data_processing_analytics.funnel_analysis"} */
drop table if exists "data_processing"."public_analytics"."funnel_analysis__dbt_backup" cascade
[0m23:12:34.373558 [debug] [Thread-4 (]: SQL status: DROP TABLE in 0.001 seconds
[0m23:12:34.374208 [debug] [Thread-4 (]: On model.data_processing_analytics.int_impressions_aggregated: Close
[0m23:12:34.374347 [debug] [Thread-3 (]: SQL status: DROP TABLE in 0.001 seconds
[0m23:12:34.375235 [debug] [Thread-3 (]: On model.data_processing_analytics.funnel_analysis: Close
[0m23:12:34.374690 [debug] [Thread-4 (]: Sending event: {'category': 'dbt', 'action': 'run_model', 'label': '469cf8b6-bafc-4174-9650-d459d1f80ede', 'context': [<snowplow_tracker.self_describing_json.SelfDescribingJson object at 0xffff70ee3dc0>]}
[0m23:12:34.375863 [info ] [Thread-4 (]: 3 of 6 OK created sql table model public_analytics.int_impressions_aggregated .. [[32mSELECT 0[0m in 0.04s]
[0m23:12:34.375506 [debug] [Thread-3 (]: Sending event: {'category': 'dbt', 'action': 'run_model', 'label': '469cf8b6-bafc-4174-9650-d459d1f80ede', 'context': [<snowplow_tracker.self_describing_json.SelfDescribingJson object at 0xffff70edf2e0>]}
[0m23:12:34.376430 [info ] [Thread-3 (]: 2 of 6 OK created sql table model public_analytics.funnel_analysis ............. [[32mSELECT 0[0m in 0.04s]
[0m23:12:34.376165 [debug] [Thread-4 (]: Finished running node model.data_processing_analytics.int_impressions_aggregated
[0m23:12:34.376706 [debug] [Thread-3 (]: Finished running node model.data_processing_analytics.funnel_analysis
[0m23:12:34.377083 [debug] [Thread-1 (]: Began running node model.data_processing_analytics.hourly_traffic
[0m23:12:34.377234 [debug] [Thread-2 (]: Began running node model.data_processing_analytics.page_type_summary
[0m23:12:34.377374 [debug] [Thread-4 (]: Began running node model.data_processing_analytics.user_engagement
[0m23:12:34.377627 [info ] [Thread-1 (]: 4 of 6 START sql table model public_analytics.hourly_traffic ................... [RUN]
[0m23:12:34.377936 [info ] [Thread-2 (]: 5 of 6 START sql table model public_analytics.page_type_summary ................ [RUN]
[0m23:12:34.378231 [info ] [Thread-4 (]: 6 of 6 START sql table model public_analytics.user_engagement .................. [RUN]
[0m23:12:34.378505 [debug] [Thread-1 (]: Re-using an available connection from the pool (formerly model.data_processing_analytics.stg_impressions, now model.data_processing_analytics.hourly_traffic)
[0m23:12:34.378745 [debug] [Thread-2 (]: Re-using an available connection from the pool (formerly list_data_processing_public_staging, now model.data_processing_analytics.page_type_summary)
[0m23:12:34.378946 [debug] [Thread-4 (]: Re-using an available connection from the pool (formerly model.data_processing_analytics.int_impressions_aggregated, now model.data_processing_analytics.user_engagement)
[0m23:12:34.379148 [debug] [Thread-1 (]: Began compiling node model.data_processing_analytics.hourly_traffic
[0m23:12:34.379339 [debug] [Thread-2 (]: Began compiling node model.data_processing_analytics.page_type_summary
[0m23:12:34.379505 [debug] [Thread-4 (]: Began compiling node model.data_processing_analytics.user_engagement
[0m23:12:34.380808 [debug] [Thread-1 (]: Writing injected SQL for node "model.data_processing_analytics.hourly_traffic"
[0m23:12:34.382839 [debug] [Thread-2 (]: Writing injected SQL for node "model.data_processing_analytics.page_type_summary"
[0m23:12:34.384050 [debug] [Thread-4 (]: Writing injected SQL for node "model.data_processing_analytics.user_engagement"
[0m23:12:34.384774 [debug] [Thread-1 (]: Began executing node model.data_processing_analytics.hourly_traffic
[0m23:12:34.386445 [debug] [Thread-1 (]: Writing runtime sql for node "model.data_processing_analytics.hourly_traffic"
[0m23:12:34.384993 [debug] [Thread-2 (]: Began executing node model.data_processing_analytics.page_type_summary
[0m23:12:34.386636 [debug] [Thread-4 (]: Began executing node model.data_processing_analytics.user_engagement
[0m23:12:34.388138 [debug] [Thread-2 (]: Writing runtime sql for node "model.data_processing_analytics.page_type_summary"
[0m23:12:34.388334 [debug] [Thread-1 (]: Using postgres connection "model.data_processing_analytics.hourly_traffic"
[0m23:12:34.389805 [debug] [Thread-4 (]: Writing runtime sql for node "model.data_processing_analytics.user_engagement"
[0m23:12:34.390102 [debug] [Thread-1 (]: On model.data_processing_analytics.hourly_traffic: BEGIN
[0m23:12:34.390351 [debug] [Thread-2 (]: Using postgres connection "model.data_processing_analytics.page_type_summary"
[0m23:12:34.390534 [debug] [Thread-1 (]: Opening a new connection, currently in state closed
[0m23:12:34.390734 [debug] [Thread-2 (]: On model.data_processing_analytics.page_type_summary: BEGIN
[0m23:12:34.390886 [debug] [Thread-4 (]: Using postgres connection "model.data_processing_analytics.user_engagement"
[0m23:12:34.391217 [debug] [Thread-2 (]: Opening a new connection, currently in state closed
[0m23:12:34.391403 [debug] [Thread-4 (]: On model.data_processing_analytics.user_engagement: BEGIN
[0m23:12:34.391787 [debug] [Thread-4 (]: Opening a new connection, currently in state closed
[0m23:12:34.394714 [debug] [Thread-2 (]: SQL status: BEGIN in 0.003 seconds
[0m23:12:34.394917 [debug] [Thread-2 (]: Using postgres connection "model.data_processing_analytics.page_type_summary"
[0m23:12:34.395057 [debug] [Thread-1 (]: SQL status: BEGIN in 0.005 seconds
[0m23:12:34.395956 [debug] [Thread-1 (]: Using postgres connection "model.data_processing_analytics.hourly_traffic"
[0m23:12:34.395735 [debug] [Thread-2 (]: On model.data_processing_analytics.page_type_summary: /* {"app": "dbt", "dbt_version": "1.9.1", "profile_name": "data_processing", "target_name": "local", "node_id": "model.data_processing_analytics.page_type_summary"} */

  
    

  create  table "data_processing"."public_analytics"."page_type_summary__dbt_tmp"
  
  
    as
  
  (
    /*
    High-level summary statistics per page type.
    Provides an overview of impression volume, user engagement, and funnel depth.
*/
with aggregated as (
    select * from "data_processing"."public_analytics"."int_impressions_aggregated"
),

summary as (
    select
        page_type,
        count(distinct impression_id) as total_impressions,
        count(distinct user_id) as unique_users,
        round(avg(distinct_events), 2) as avg_funnel_depth,
        max(distinct_events) as max_funnel_depth,
        round(avg(last_event_second - first_event_second), 2) as avg_duration_seconds,
        sum(case when max_event_reached >= 'd' then 1 else 0 end) as impressions_reaching_d,
        sum(case when max_event_reached >= 'e' then 1 else 0 end) as impressions_reaching_e,
        sum(case when max_event_reached >= 'f' then 1 else 0 end) as impressions_reaching_f,
        round(
            sum(case when max_event_reached >= 'd' then 1 else 0 end)::numeric
            / count(distinct impression_id) * 100, 2
        ) as pct_reaching_d,
        round(
            sum(case when max_event_reached >= 'e' then 1 else 0 end)::numeric
            / count(distinct impression_id) * 100, 2
        ) as pct_reaching_e,
        round(
            sum(case when max_event_reached >= 'f' then 1 else 0 end)::numeric
            / count(distinct impression_id) * 100, 2
        ) as pct_reaching_f
    from aggregated
    group by page_type
)

select * from summary
order by page_type
  );
  
[0m23:12:34.396367 [debug] [Thread-1 (]: On model.data_processing_analytics.hourly_traffic: /* {"app": "dbt", "dbt_version": "1.9.1", "profile_name": "data_processing", "target_name": "local", "node_id": "model.data_processing_analytics.hourly_traffic"} */

  
    

  create  table "data_processing"."public_analytics"."hourly_traffic__dbt_tmp"
  
  
    as
  
  (
    /*
    Hourly traffic patterns by page type.
    Shows impression volume and engagement over time.
*/
with aggregated as (
    select * from "data_processing"."public_analytics"."int_impressions_aggregated"
),

hourly as (
    select
        event_date,
        hour,
        page_type,
        count(distinct impression_id) as total_impressions,
        count(distinct user_id) as unique_users,
        round(avg(distinct_events), 2) as avg_funnel_depth,
        sum(case when max_event_reached >= 'd' then 1 else 0 end) as impressions_reaching_d,
        round(
            sum(case when max_event_reached >= 'd' then 1 else 0 end)::numeric
            / nullif(count(distinct impression_id), 0) * 100, 2
        ) as pct_reaching_d
    from aggregated
    group by event_date, hour, page_type
)

select * from hourly
order by event_date, hour, page_type
  );
  
[0m23:12:34.397397 [debug] [Thread-4 (]: SQL status: BEGIN in 0.006 seconds
[0m23:12:34.397586 [debug] [Thread-4 (]: Using postgres connection "model.data_processing_analytics.user_engagement"
[0m23:12:34.397793 [debug] [Thread-4 (]: On model.data_processing_analytics.user_engagement: /* {"app": "dbt", "dbt_version": "1.9.1", "profile_name": "data_processing", "target_name": "local", "node_id": "model.data_processing_analytics.user_engagement"} */

  
    

  create  table "data_processing"."public_analytics"."user_engagement__dbt_tmp"
  
  
    as
  
  (
    /*
    User-level engagement metrics across all page types.
    Identifies user activity patterns and most-engaged page type.
*/
with aggregated as (
    select * from "data_processing"."public_analytics"."int_impressions_aggregated"
),

user_metrics as (
    select
        user_id,
        count(distinct impression_id) as total_impressions,
        count(distinct page_type) as page_types_visited,
        round(avg(distinct_events), 2) as avg_funnel_depth,
        max(distinct_events) as max_funnel_depth,
        sum(event_count) as total_events,
        min(first_event_at) as first_seen,
        max(last_event_at) as last_seen
    from aggregated
    group by user_id
),

most_engaged_page as (
    select distinct on (user_id)
        user_id,
        page_type as most_engaged_page_type,
        count(*) as impressions_on_page
    from aggregated
    group by user_id, page_type
    order by user_id, count(*) desc
)

select
    um.*,
    mep.most_engaged_page_type,
    mep.impressions_on_page as impressions_on_top_page
from user_metrics um
join most_engaged_page mep on um.user_id = mep.user_id
order by um.total_impressions desc
  );
  
[0m23:12:34.399047 [debug] [Thread-2 (]: SQL status: SELECT 0 in 0.002 seconds
[0m23:12:34.400689 [debug] [Thread-2 (]: Using postgres connection "model.data_processing_analytics.page_type_summary"
[0m23:12:34.401113 [debug] [Thread-2 (]: On model.data_processing_analytics.page_type_summary: /* {"app": "dbt", "dbt_version": "1.9.1", "profile_name": "data_processing", "target_name": "local", "node_id": "model.data_processing_analytics.page_type_summary"} */
alter table "data_processing"."public_analytics"."page_type_summary" rename to "page_type_summary__dbt_backup"
[0m23:12:34.400974 [debug] [Thread-4 (]: SQL status: SELECT 0 in 0.003 seconds
[0m23:12:34.400831 [debug] [Thread-1 (]: SQL status: SELECT 0 in 0.004 seconds
[0m23:12:34.402973 [debug] [Thread-4 (]: Using postgres connection "model.data_processing_analytics.user_engagement"
[0m23:12:34.403136 [debug] [Thread-2 (]: SQL status: ALTER TABLE in 0.002 seconds
[0m23:12:34.404544 [debug] [Thread-1 (]: Using postgres connection "model.data_processing_analytics.hourly_traffic"
[0m23:12:34.404793 [debug] [Thread-4 (]: On model.data_processing_analytics.user_engagement: /* {"app": "dbt", "dbt_version": "1.9.1", "profile_name": "data_processing", "target_name": "local", "node_id": "model.data_processing_analytics.user_engagement"} */
alter table "data_processing"."public_analytics"."user_engagement" rename to "user_engagement__dbt_backup"
[0m23:12:34.406015 [debug] [Thread-2 (]: Using postgres connection "model.data_processing_analytics.page_type_summary"
[0m23:12:34.406465 [debug] [Thread-2 (]: On model.data_processing_analytics.page_type_summary: /* {"app": "dbt", "dbt_version": "1.9.1", "profile_name": "data_processing", "target_name": "local", "node_id": "model.data_processing_analytics.page_type_summary"} */
alter table "data_processing"."public_analytics"."page_type_summary__dbt_tmp" rename to "page_type_summary"
[0m23:12:34.406201 [debug] [Thread-1 (]: On model.data_processing_analytics.hourly_traffic: /* {"app": "dbt", "dbt_version": "1.9.1", "profile_name": "data_processing", "target_name": "local", "node_id": "model.data_processing_analytics.hourly_traffic"} */
alter table "data_processing"."public_analytics"."hourly_traffic" rename to "hourly_traffic__dbt_backup"
[0m23:12:34.406621 [debug] [Thread-4 (]: SQL status: ALTER TABLE in 0.000 seconds
[0m23:12:34.406875 [debug] [Thread-2 (]: SQL status: ALTER TABLE in 0.000 seconds
[0m23:12:34.406994 [debug] [Thread-1 (]: SQL status: ALTER TABLE in 0.000 seconds
[0m23:12:34.408222 [debug] [Thread-4 (]: Using postgres connection "model.data_processing_analytics.user_engagement"
[0m23:12:34.408845 [debug] [Thread-2 (]: On model.data_processing_analytics.page_type_summary: COMMIT
[0m23:12:34.410383 [debug] [Thread-2 (]: Using postgres connection "model.data_processing_analytics.page_type_summary"
[0m23:12:34.410205 [debug] [Thread-4 (]: On model.data_processing_analytics.user_engagement: /* {"app": "dbt", "dbt_version": "1.9.1", "profile_name": "data_processing", "target_name": "local", "node_id": "model.data_processing_analytics.user_engagement"} */
alter table "data_processing"."public_analytics"."user_engagement__dbt_tmp" rename to "user_engagement"
[0m23:12:34.409995 [debug] [Thread-1 (]: Using postgres connection "model.data_processing_analytics.hourly_traffic"
[0m23:12:34.410816 [debug] [Thread-1 (]: On model.data_processing_analytics.hourly_traffic: /* {"app": "dbt", "dbt_version": "1.9.1", "profile_name": "data_processing", "target_name": "local", "node_id": "model.data_processing_analytics.hourly_traffic"} */
alter table "data_processing"."public_analytics"."hourly_traffic__dbt_tmp" rename to "hourly_traffic"
[0m23:12:34.410523 [debug] [Thread-2 (]: On model.data_processing_analytics.page_type_summary: COMMIT
[0m23:12:34.410948 [debug] [Thread-4 (]: SQL status: ALTER TABLE in 0.000 seconds
[0m23:12:34.411226 [debug] [Thread-1 (]: SQL status: ALTER TABLE in 0.000 seconds
[0m23:12:34.411397 [debug] [Thread-2 (]: SQL status: COMMIT in 0.000 seconds
[0m23:12:34.411937 [debug] [Thread-4 (]: On model.data_processing_analytics.user_engagement: COMMIT
[0m23:12:34.412532 [debug] [Thread-1 (]: On model.data_processing_analytics.hourly_traffic: COMMIT
[0m23:12:34.413960 [debug] [Thread-1 (]: Using postgres connection "model.data_processing_analytics.hourly_traffic"
[0m23:12:34.413784 [debug] [Thread-4 (]: Using postgres connection "model.data_processing_analytics.user_engagement"
[0m23:12:34.413563 [debug] [Thread-2 (]: Applying DROP to: "data_processing"."public_analytics"."page_type_summary__dbt_backup"
[0m23:12:34.414112 [debug] [Thread-1 (]: On model.data_processing_analytics.hourly_traffic: COMMIT
[0m23:12:34.414287 [debug] [Thread-4 (]: On model.data_processing_analytics.user_engagement: COMMIT
[0m23:12:34.414616 [debug] [Thread-2 (]: Using postgres connection "model.data_processing_analytics.page_type_summary"
[0m23:12:34.415222 [debug] [Thread-2 (]: On model.data_processing_analytics.page_type_summary: /* {"app": "dbt", "dbt_version": "1.9.1", "profile_name": "data_processing", "target_name": "local", "node_id": "model.data_processing_analytics.page_type_summary"} */
drop table if exists "data_processing"."public_analytics"."page_type_summary__dbt_backup" cascade
[0m23:12:34.415085 [debug] [Thread-4 (]: SQL status: COMMIT in 0.000 seconds
[0m23:12:34.414957 [debug] [Thread-1 (]: SQL status: COMMIT in 0.000 seconds
[0m23:12:34.416352 [debug] [Thread-4 (]: Applying DROP to: "data_processing"."public_analytics"."user_engagement__dbt_backup"
[0m23:12:34.416505 [debug] [Thread-2 (]: SQL status: DROP TABLE in 0.001 seconds
[0m23:12:34.417926 [debug] [Thread-1 (]: Applying DROP to: "data_processing"."public_analytics"."hourly_traffic__dbt_backup"
[0m23:12:34.418246 [debug] [Thread-4 (]: Using postgres connection "model.data_processing_analytics.user_engagement"
[0m23:12:34.418769 [debug] [Thread-2 (]: On model.data_processing_analytics.page_type_summary: Close
[0m23:12:34.419020 [debug] [Thread-1 (]: Using postgres connection "model.data_processing_analytics.hourly_traffic"
[0m23:12:34.419203 [debug] [Thread-4 (]: On model.data_processing_analytics.user_engagement: /* {"app": "dbt", "dbt_version": "1.9.1", "profile_name": "data_processing", "target_name": "local", "node_id": "model.data_processing_analytics.user_engagement"} */
drop table if exists "data_processing"."public_analytics"."user_engagement__dbt_backup" cascade
[0m23:12:34.419511 [debug] [Thread-2 (]: Sending event: {'category': 'dbt', 'action': 'run_model', 'label': '469cf8b6-bafc-4174-9650-d459d1f80ede', 'context': [<snowplow_tracker.self_describing_json.SelfDescribingJson object at 0xffff70f02770>]}
[0m23:12:34.420107 [info ] [Thread-2 (]: 5 of 6 OK created sql table model public_analytics.page_type_summary ........... [[32mSELECT 0[0m in 0.04s]
[0m23:12:34.419706 [debug] [Thread-1 (]: On model.data_processing_analytics.hourly_traffic: /* {"app": "dbt", "dbt_version": "1.9.1", "profile_name": "data_processing", "target_name": "local", "node_id": "model.data_processing_analytics.hourly_traffic"} */
drop table if exists "data_processing"."public_analytics"."hourly_traffic__dbt_backup" cascade
[0m23:12:34.420351 [debug] [Thread-4 (]: SQL status: DROP TABLE in 0.000 seconds
[0m23:12:34.420590 [debug] [Thread-2 (]: Finished running node model.data_processing_analytics.page_type_summary
[0m23:12:34.421236 [debug] [Thread-4 (]: On model.data_processing_analytics.user_engagement: Close
[0m23:12:34.421387 [debug] [Thread-1 (]: SQL status: DROP TABLE in 0.001 seconds
[0m23:12:34.421777 [debug] [Thread-4 (]: Sending event: {'category': 'dbt', 'action': 'run_model', 'label': '469cf8b6-bafc-4174-9650-d459d1f80ede', 'context': [<snowplow_tracker.self_describing_json.SelfDescribingJson object at 0xffff70f4c6a0>]}
[0m23:12:34.422304 [debug] [Thread-1 (]: On model.data_processing_analytics.hourly_traffic: Close
[0m23:12:34.422621 [info ] [Thread-4 (]: 6 of 6 OK created sql table model public_analytics.user_engagement ............. [[32mSELECT 0[0m in 0.04s]
[0m23:12:34.422967 [debug] [Thread-1 (]: Sending event: {'category': 'dbt', 'action': 'run_model', 'label': '469cf8b6-bafc-4174-9650-d459d1f80ede', 'context': [<snowplow_tracker.self_describing_json.SelfDescribingJson object at 0xffff70edf2e0>]}
[0m23:12:34.423234 [debug] [Thread-4 (]: Finished running node model.data_processing_analytics.user_engagement
[0m23:12:34.423522 [info ] [Thread-1 (]: 4 of 6 OK created sql table model public_analytics.hourly_traffic .............. [[32mSELECT 0[0m in 0.04s]
[0m23:12:34.423986 [debug] [Thread-1 (]: Finished running node model.data_processing_analytics.hourly_traffic
[0m23:12:34.424602 [debug] [MainThread]: Using postgres connection "master"
[0m23:12:34.424771 [debug] [MainThread]: On master: BEGIN
[0m23:12:34.424911 [debug] [MainThread]: Opening a new connection, currently in state closed
[0m23:12:34.427994 [debug] [MainThread]: SQL status: BEGIN in 0.003 seconds
[0m23:12:34.428165 [debug] [MainThread]: On master: COMMIT
[0m23:12:34.428296 [debug] [MainThread]: Using postgres connection "master"
[0m23:12:34.428412 [debug] [MainThread]: On master: COMMIT
[0m23:12:34.428562 [debug] [MainThread]: SQL status: COMMIT in 0.000 seconds
[0m23:12:34.428695 [debug] [MainThread]: On master: Close
[0m23:12:34.428879 [debug] [MainThread]: Connection 'master' was properly closed.
[0m23:12:34.429007 [debug] [MainThread]: Connection 'model.data_processing_analytics.hourly_traffic' was properly closed.
[0m23:12:34.429122 [debug] [MainThread]: Connection 'model.data_processing_analytics.page_type_summary' was properly closed.
[0m23:12:34.429233 [debug] [MainThread]: Connection 'model.data_processing_analytics.funnel_analysis' was properly closed.
[0m23:12:34.429349 [debug] [MainThread]: Connection 'model.data_processing_analytics.user_engagement' was properly closed.
[0m23:12:34.429525 [info ] [MainThread]: 
[0m23:12:34.429691 [info ] [MainThread]: Finished running 5 table models, 1 view model in 0 hours 0 minutes and 0.21 seconds (0.21s).
[0m23:12:34.430288 [debug] [MainThread]: Command end result
[0m23:12:34.443117 [debug] [MainThread]: Wrote artifact WritableManifest to /dbt/target/manifest.json
[0m23:12:34.443976 [debug] [MainThread]: Wrote artifact SemanticManifest to /dbt/target/semantic_manifest.json
[0m23:12:34.447104 [debug] [MainThread]: Wrote artifact RunExecutionResult to /dbt/target/run_results.json
[0m23:12:34.447248 [info ] [MainThread]: 
[0m23:12:34.447447 [info ] [MainThread]: [32mCompleted successfully[0m
[0m23:12:34.447621 [info ] [MainThread]: 
[0m23:12:34.447827 [info ] [MainThread]: Done. PASS=6 WARN=0 ERROR=0 SKIP=0 TOTAL=6
[0m23:12:34.448291 [debug] [MainThread]: Resource report: {"command_name": "run", "command_success": true, "command_wall_clock_time": 0.5137834, "process_in_blocks": "0", "process_kernel_time": 0.043914, "process_mem_max_rss": "121784", "process_out_blocks": "2080", "process_user_time": 0.95514}
[0m23:12:34.448495 [debug] [MainThread]: Command `dbt run` succeeded at 23:12:34.448459 after 0.51 seconds
[0m23:12:34.448670 [debug] [MainThread]: Sending event: {'category': 'dbt', 'action': 'invocation', 'label': 'end', 'context': [<snowplow_tracker.self_describing_json.SelfDescribingJson object at 0xffff7aff7160>, <snowplow_tracker.self_describing_json.SelfDescribingJson object at 0xffff7af4b9a0>, <snowplow_tracker.self_describing_json.SelfDescribingJson object at 0xffff78d817b0>]}
[0m23:12:34.448846 [debug] [MainThread]: Flushing usage events
[0m23:12:34.639514 [debug] [MainThread]: An error was encountered while trying to flush usage events
[0m23:12:35.387617 [debug] [MainThread]: Sending event: {'category': 'dbt', 'action': 'invocation', 'label': 'start', 'context': [<snowplow_tracker.self_describing_json.SelfDescribingJson object at 0xffff99c53130>, <snowplow_tracker.self_describing_json.SelfDescribingJson object at 0xffff98de7e80>, <snowplow_tracker.self_describing_json.SelfDescribingJson object at 0xffff98de7d30>]}


============================== 23:12:35.388883 | 531c67de-9a15-4d33-acc7-f7c7bd63caad ==============================
[0m23:12:35.388883 [info ] [MainThread]: Running with dbt=1.9.1
[0m23:12:35.389221 [debug] [MainThread]: running dbt with arguments {'printer_width': '80', 'indirect_selection': 'eager', 'write_json': 'True', 'log_cache_events': 'False', 'partial_parse': 'True', 'cache_selected_only': 'False', 'profiles_dir': '/dbt', 'fail_fast': 'False', 'debug': 'False', 'log_path': '/dbt/logs', 'warn_error': 'None', 'version_check': 'True', 'use_colors': 'True', 'use_experimental_parser': 'False', 'no_print': 'None', 'quiet': 'False', 'empty': 'None', 'log_format': 'default', 'static_parser': 'True', 'invocation_command': 'dbt test', 'introspect': 'True', 'target_path': 'None', 'warn_error_options': 'WarnErrorOptions(include=[], exclude=[])', 'send_anonymous_usage_stats': 'True'}
[0m23:12:35.452570 [debug] [MainThread]: Sending event: {'category': 'dbt', 'action': 'project_id', 'label': '531c67de-9a15-4d33-acc7-f7c7bd63caad', 'context': [<snowplow_tracker.self_describing_json.SelfDescribingJson object at 0xffff98e49300>]}
[0m23:12:35.475695 [debug] [MainThread]: Sending event: {'category': 'dbt', 'action': 'adapter_info', 'label': '531c67de-9a15-4d33-acc7-f7c7bd63caad', 'context': [<snowplow_tracker.self_describing_json.SelfDescribingJson object at 0xffff99a5c3d0>]}
[0m23:12:35.476086 [info ] [MainThread]: Registered adapter: postgres=1.9.1
[0m23:12:35.504923 [debug] [MainThread]: checksum: 5e8d1596cf4eae33c11286bbb248a722d21b9f00d8a7ced8137c642517055418, vars: {}, profile: , target: , version: 1.9.1
[0m23:12:35.566348 [debug] [MainThread]: Partial parsing enabled: 0 files deleted, 0 files added, 0 files changed.
[0m23:12:35.566593 [debug] [MainThread]: Partial parsing enabled, no changes found, skipping parsing
[0m23:12:35.589925 [debug] [MainThread]: Sending event: {'category': 'dbt', 'action': 'load_project', 'label': '531c67de-9a15-4d33-acc7-f7c7bd63caad', 'context': [<snowplow_tracker.self_describing_json.SelfDescribingJson object at 0xffff97a34130>]}
[0m23:12:35.635760 [debug] [MainThread]: Wrote artifact WritableManifest to /dbt/target/manifest.json
[0m23:12:35.639205 [debug] [MainThread]: Wrote artifact SemanticManifest to /dbt/target/semantic_manifest.json
[0m23:12:35.648187 [debug] [MainThread]: Sending event: {'category': 'dbt', 'action': 'resource_counts', 'label': '531c67de-9a15-4d33-acc7-f7c7bd63caad', 'context': [<snowplow_tracker.self_describing_json.SelfDescribingJson object at 0xffff97a42e90>]}
[0m23:12:35.648439 [info ] [MainThread]: Found 6 models, 17 data tests, 1 source, 434 macros
[0m23:12:35.648641 [debug] [MainThread]: Sending event: {'category': 'dbt', 'action': 'runnable_timing', 'label': '531c67de-9a15-4d33-acc7-f7c7bd63caad', 'context': [<snowplow_tracker.self_describing_json.SelfDescribingJson object at 0xffff97a421a0>]}
[0m23:12:35.649821 [info ] [MainThread]: 
[0m23:12:35.650047 [info ] [MainThread]: Concurrency: 4 threads (target='local')
[0m23:12:35.650199 [info ] [MainThread]: 
[0m23:12:35.650477 [debug] [MainThread]: Acquiring new postgres connection 'master'
[0m23:12:35.652782 [debug] [ThreadPool]: Acquiring new postgres connection 'list_data_processing_public_analytics'
[0m23:12:35.653093 [debug] [ThreadPool]: Acquiring new postgres connection 'list_data_processing_public_staging'
[0m23:12:35.689023 [debug] [ThreadPool]: Using postgres connection "list_data_processing_public_analytics"
[0m23:12:35.689186 [debug] [ThreadPool]: Using postgres connection "list_data_processing_public_staging"
[0m23:12:35.689416 [debug] [ThreadPool]: On list_data_processing_public_analytics: BEGIN
[0m23:12:35.689640 [debug] [ThreadPool]: On list_data_processing_public_staging: BEGIN
[0m23:12:35.689833 [debug] [ThreadPool]: Opening a new connection, currently in state init
[0m23:12:35.690012 [debug] [ThreadPool]: Opening a new connection, currently in state init
[0m23:12:35.694914 [debug] [ThreadPool]: SQL status: BEGIN in 0.005 seconds
[0m23:12:35.695095 [debug] [ThreadPool]: SQL status: BEGIN in 0.005 seconds
[0m23:12:35.695271 [debug] [ThreadPool]: Using postgres connection "list_data_processing_public_analytics"
[0m23:12:35.695462 [debug] [ThreadPool]: Using postgres connection "list_data_processing_public_staging"
[0m23:12:35.695672 [debug] [ThreadPool]: On list_data_processing_public_analytics: /* {"app": "dbt", "dbt_version": "1.9.1", "profile_name": "data_processing", "target_name": "local", "connection_name": "list_data_processing_public_analytics"} */
select
      'data_processing' as database,
      tablename as name,
      schemaname as schema,
      'table' as type
    from pg_tables
    where schemaname ilike 'public_analytics'
    union all
    select
      'data_processing' as database,
      viewname as name,
      schemaname as schema,
      'view' as type
    from pg_views
    where schemaname ilike 'public_analytics'
    union all
    select
      'data_processing' as database,
      matviewname as name,
      schemaname as schema,
      'materialized_view' as type
    from pg_matviews
    where schemaname ilike 'public_analytics'
  
[0m23:12:35.695911 [debug] [ThreadPool]: On list_data_processing_public_staging: /* {"app": "dbt", "dbt_version": "1.9.1", "profile_name": "data_processing", "target_name": "local", "connection_name": "list_data_processing_public_staging"} */
select
      'data_processing' as database,
      tablename as name,
      schemaname as schema,
      'table' as type
    from pg_tables
    where schemaname ilike 'public_staging'
    union all
    select
      'data_processing' as database,
      viewname as name,
      schemaname as schema,
      'view' as type
    from pg_views
    where schemaname ilike 'public_staging'
    union all
    select
      'data_processing' as database,
      matviewname as name,
      schemaname as schema,
      'materialized_view' as type
    from pg_matviews
    where schemaname ilike 'public_staging'
  
[0m23:12:35.697194 [debug] [ThreadPool]: SQL status: SELECT 1 in 0.001 seconds
[0m23:12:35.697313 [debug] [ThreadPool]: SQL status: SELECT 5 in 0.001 seconds
[0m23:12:35.697882 [debug] [ThreadPool]: On list_data_processing_public_staging: ROLLBACK
[0m23:12:35.698462 [debug] [ThreadPool]: On list_data_processing_public_analytics: ROLLBACK
[0m23:12:35.698730 [debug] [ThreadPool]: On list_data_processing_public_staging: Close
[0m23:12:35.698887 [debug] [ThreadPool]: On list_data_processing_public_analytics: Close
[0m23:12:35.701591 [debug] [MainThread]: Using postgres connection "master"
[0m23:12:35.701784 [debug] [MainThread]: On master: BEGIN
[0m23:12:35.701911 [debug] [MainThread]: Opening a new connection, currently in state init
[0m23:12:35.704807 [debug] [MainThread]: SQL status: BEGIN in 0.003 seconds
[0m23:12:35.704961 [debug] [MainThread]: Using postgres connection "master"
[0m23:12:35.705135 [debug] [MainThread]: On master: /* {"app": "dbt", "dbt_version": "1.9.1", "profile_name": "data_processing", "target_name": "local", "connection_name": "master"} */
select distinct
        dependent_namespace.nspname as dependent_schema,
        dependent_class.relname as dependent_name,
        referenced_namespace.nspname as referenced_schema,
        referenced_class.relname as referenced_name

    -- Query for views: views are entries in pg_class with an entry in pg_rewrite, but we avoid
    -- a seq scan on pg_rewrite by leveraging the fact there is an "internal" row in pg_depend for
    -- the view...
    from pg_class as dependent_class
    join pg_namespace as dependent_namespace on dependent_namespace.oid = dependent_class.relnamespace
    join pg_depend as dependent_depend on dependent_depend.refobjid = dependent_class.oid
        and dependent_depend.classid = 'pg_rewrite'::regclass
        and dependent_depend.refclassid = 'pg_class'::regclass
        and dependent_depend.deptype = 'i'

    -- ... and via pg_depend (that has a row per column, hence the need for "distinct" above, and
    -- making sure to exclude the internal row to avoid a view appearing to depend on itself)...
    join pg_depend as joining_depend on joining_depend.objid = dependent_depend.objid
        and joining_depend.classid = 'pg_rewrite'::regclass
        and joining_depend.refclassid = 'pg_class'::regclass
        and joining_depend.refobjid != dependent_depend.refobjid

    -- ... we can find the tables they query from in pg_class, but excluding system tables. Note we
    -- don't need need to exclude _dependent_ system tables, because they only query from other
    -- system tables, and so are automatically excluded by excluding _referenced_ system tables
    join pg_class as referenced_class on referenced_class.oid = joining_depend.refobjid
    join pg_namespace as referenced_namespace on referenced_namespace.oid = referenced_class.relnamespace
        and referenced_namespace.nspname != 'information_schema'
        and referenced_namespace.nspname not like 'pg\_%'

    order by
        dependent_schema, dependent_name, referenced_schema, referenced_name;
[0m23:12:35.706310 [debug] [MainThread]: SQL status: SELECT 1 in 0.001 seconds
[0m23:12:35.706896 [debug] [MainThread]: Sending event: {'category': 'dbt', 'action': 'runnable_timing', 'label': '531c67de-9a15-4d33-acc7-f7c7bd63caad', 'context': [<snowplow_tracker.self_describing_json.SelfDescribingJson object at 0xffff97a4d0c0>]}
[0m23:12:35.707120 [debug] [MainThread]: On master: ROLLBACK
[0m23:12:35.707319 [debug] [MainThread]: Using postgres connection "master"
[0m23:12:35.707458 [debug] [MainThread]: On master: BEGIN
[0m23:12:35.707688 [debug] [MainThread]: SQL status: BEGIN in 0.000 seconds
[0m23:12:35.707826 [debug] [MainThread]: On master: COMMIT
[0m23:12:35.707948 [debug] [MainThread]: Using postgres connection "master"
[0m23:12:35.708068 [debug] [MainThread]: On master: COMMIT
[0m23:12:35.708233 [debug] [MainThread]: SQL status: COMMIT in 0.000 seconds
[0m23:12:35.708366 [debug] [MainThread]: On master: Close
[0m23:12:35.709490 [debug] [Thread-1 (]: Began running node test.data_processing_analytics.not_null_funnel_analysis_event_type.3c35ba5f6e
[0m23:12:35.709667 [debug] [Thread-2 (]: Began running node test.data_processing_analytics.not_null_funnel_analysis_page_type.cc723b2075
[0m23:12:35.709827 [debug] [Thread-3 (]: Began running node test.data_processing_analytics.not_null_hourly_traffic_event_date.bf9938d75e
[0m23:12:35.710008 [debug] [Thread-4 (]: Began running node test.data_processing_analytics.not_null_page_type_summary_page_type.ba086379d4
[0m23:12:35.710161 [info ] [Thread-1 (]: 1 of 17 START test not_null_funnel_analysis_event_type ......................... [RUN]
[0m23:12:35.710488 [info ] [Thread-2 (]: 2 of 17 START test not_null_funnel_analysis_page_type .......................... [RUN]
[0m23:12:35.710774 [info ] [Thread-3 (]: 3 of 17 START test not_null_hourly_traffic_event_date .......................... [RUN]
[0m23:12:35.711027 [info ] [Thread-4 (]: 4 of 17 START test not_null_page_type_summary_page_type ........................ [RUN]
[0m23:12:35.711319 [debug] [Thread-1 (]: Re-using an available connection from the pool (formerly list_data_processing_public_analytics, now test.data_processing_analytics.not_null_funnel_analysis_event_type.3c35ba5f6e)
[0m23:12:35.711561 [debug] [Thread-2 (]: Re-using an available connection from the pool (formerly list_data_processing_public_staging, now test.data_processing_analytics.not_null_funnel_analysis_page_type.cc723b2075)
[0m23:12:35.711850 [debug] [Thread-3 (]: Acquiring new postgres connection 'test.data_processing_analytics.not_null_hourly_traffic_event_date.bf9938d75e'
[0m23:12:35.712108 [debug] [Thread-4 (]: Acquiring new postgres connection 'test.data_processing_analytics.not_null_page_type_summary_page_type.ba086379d4'
[0m23:12:35.712924 [debug] [Thread-4 (]: Began compiling node test.data_processing_analytics.not_null_page_type_summary_page_type.ba086379d4
[0m23:12:35.712526 [debug] [Thread-2 (]: Began compiling node test.data_processing_analytics.not_null_funnel_analysis_page_type.cc723b2075
[0m23:12:35.712745 [debug] [Thread-3 (]: Began compiling node test.data_processing_analytics.not_null_hourly_traffic_event_date.bf9938d75e
[0m23:12:35.712305 [debug] [Thread-1 (]: Began compiling node test.data_processing_analytics.not_null_funnel_analysis_event_type.3c35ba5f6e
[0m23:12:35.720388 [debug] [Thread-4 (]: Writing injected SQL for node "test.data_processing_analytics.not_null_page_type_summary_page_type.ba086379d4"
[0m23:12:35.722119 [debug] [Thread-2 (]: Writing injected SQL for node "test.data_processing_analytics.not_null_funnel_analysis_page_type.cc723b2075"
[0m23:12:35.723831 [debug] [Thread-3 (]: Writing injected SQL for node "test.data_processing_analytics.not_null_hourly_traffic_event_date.bf9938d75e"
[0m23:12:35.725999 [debug] [Thread-1 (]: Writing injected SQL for node "test.data_processing_analytics.not_null_funnel_analysis_event_type.3c35ba5f6e"
[0m23:12:35.726941 [debug] [Thread-4 (]: Began executing node test.data_processing_analytics.not_null_page_type_summary_page_type.ba086379d4
[0m23:12:35.727106 [debug] [Thread-2 (]: Began executing node test.data_processing_analytics.not_null_funnel_analysis_page_type.cc723b2075
[0m23:12:35.727355 [debug] [Thread-3 (]: Began executing node test.data_processing_analytics.not_null_hourly_traffic_event_date.bf9938d75e
[0m23:12:35.727500 [debug] [Thread-1 (]: Began executing node test.data_processing_analytics.not_null_funnel_analysis_event_type.3c35ba5f6e
[0m23:12:35.735115 [debug] [Thread-4 (]: Writing runtime sql for node "test.data_processing_analytics.not_null_page_type_summary_page_type.ba086379d4"
[0m23:12:35.736258 [debug] [Thread-2 (]: Writing runtime sql for node "test.data_processing_analytics.not_null_funnel_analysis_page_type.cc723b2075"
[0m23:12:35.737264 [debug] [Thread-3 (]: Writing runtime sql for node "test.data_processing_analytics.not_null_hourly_traffic_event_date.bf9938d75e"
[0m23:12:35.738341 [debug] [Thread-1 (]: Writing runtime sql for node "test.data_processing_analytics.not_null_funnel_analysis_event_type.3c35ba5f6e"
[0m23:12:35.739402 [debug] [Thread-4 (]: Using postgres connection "test.data_processing_analytics.not_null_page_type_summary_page_type.ba086379d4"
[0m23:12:35.739619 [debug] [Thread-2 (]: Using postgres connection "test.data_processing_analytics.not_null_funnel_analysis_page_type.cc723b2075"
[0m23:12:35.739848 [debug] [Thread-4 (]: On test.data_processing_analytics.not_null_page_type_summary_page_type.ba086379d4: BEGIN
[0m23:12:35.740051 [debug] [Thread-3 (]: Using postgres connection "test.data_processing_analytics.not_null_hourly_traffic_event_date.bf9938d75e"
[0m23:12:35.740217 [debug] [Thread-1 (]: Using postgres connection "test.data_processing_analytics.not_null_funnel_analysis_event_type.3c35ba5f6e"
[0m23:12:35.740914 [debug] [Thread-1 (]: On test.data_processing_analytics.not_null_funnel_analysis_event_type.3c35ba5f6e: BEGIN
[0m23:12:35.740549 [debug] [Thread-4 (]: Opening a new connection, currently in state init
[0m23:12:35.740739 [debug] [Thread-3 (]: On test.data_processing_analytics.not_null_hourly_traffic_event_date.bf9938d75e: BEGIN
[0m23:12:35.740377 [debug] [Thread-2 (]: On test.data_processing_analytics.not_null_funnel_analysis_page_type.cc723b2075: BEGIN
[0m23:12:35.741113 [debug] [Thread-1 (]: Opening a new connection, currently in state closed
[0m23:12:35.741393 [debug] [Thread-3 (]: Opening a new connection, currently in state init
[0m23:12:35.741575 [debug] [Thread-2 (]: Opening a new connection, currently in state closed
[0m23:12:35.745647 [debug] [Thread-4 (]: SQL status: BEGIN in 0.005 seconds
[0m23:12:35.745860 [debug] [Thread-4 (]: Using postgres connection "test.data_processing_analytics.not_null_page_type_summary_page_type.ba086379d4"
[0m23:12:35.745990 [debug] [Thread-3 (]: SQL status: BEGIN in 0.005 seconds
[0m23:12:35.746200 [debug] [Thread-4 (]: On test.data_processing_analytics.not_null_page_type_summary_page_type.ba086379d4: /* {"app": "dbt", "dbt_version": "1.9.1", "profile_name": "data_processing", "target_name": "local", "node_id": "test.data_processing_analytics.not_null_page_type_summary_page_type.ba086379d4"} */

    select
      count(*) as failures,
      count(*) != 0 as should_warn,
      count(*) != 0 as should_error
    from (
      
    
  
    
    



select page_type
from "data_processing"."public_analytics"."page_type_summary"
where page_type is null



  
  
      
    ) dbt_internal_test
[0m23:12:35.746358 [debug] [Thread-2 (]: SQL status: BEGIN in 0.005 seconds
[0m23:12:35.746538 [debug] [Thread-3 (]: Using postgres connection "test.data_processing_analytics.not_null_hourly_traffic_event_date.bf9938d75e"
[0m23:12:35.746858 [debug] [Thread-1 (]: SQL status: BEGIN in 0.006 seconds
[0m23:12:35.747004 [debug] [Thread-2 (]: Using postgres connection "test.data_processing_analytics.not_null_funnel_analysis_page_type.cc723b2075"
[0m23:12:35.747157 [debug] [Thread-4 (]: SQL status: SELECT 1 in 0.000 seconds
[0m23:12:35.747331 [debug] [Thread-3 (]: On test.data_processing_analytics.not_null_hourly_traffic_event_date.bf9938d75e: /* {"app": "dbt", "dbt_version": "1.9.1", "profile_name": "data_processing", "target_name": "local", "node_id": "test.data_processing_analytics.not_null_hourly_traffic_event_date.bf9938d75e"} */

    select
      count(*) as failures,
      count(*) != 0 as should_warn,
      count(*) != 0 as should_error
    from (
      
    
  
    
    



select event_date
from "data_processing"."public_analytics"."hourly_traffic"
where event_date is null



  
  
      
    ) dbt_internal_test
[0m23:12:35.747516 [debug] [Thread-1 (]: Using postgres connection "test.data_processing_analytics.not_null_funnel_analysis_event_type.3c35ba5f6e"
[0m23:12:35.747726 [debug] [Thread-2 (]: On test.data_processing_analytics.not_null_funnel_analysis_page_type.cc723b2075: /* {"app": "dbt", "dbt_version": "1.9.1", "profile_name": "data_processing", "target_name": "local", "node_id": "test.data_processing_analytics.not_null_funnel_analysis_page_type.cc723b2075"} */

    select
      count(*) as failures,
      count(*) != 0 as should_warn,
      count(*) != 0 as should_error
    from (
      
    
  
    
    



select page_type
from "data_processing"."public_analytics"."funnel_analysis"
where page_type is null



  
  
      
    ) dbt_internal_test
[0m23:12:35.749694 [debug] [Thread-4 (]: On test.data_processing_analytics.not_null_page_type_summary_page_type.ba086379d4: ROLLBACK
[0m23:12:35.750114 [debug] [Thread-1 (]: On test.data_processing_analytics.not_null_funnel_analysis_event_type.3c35ba5f6e: /* {"app": "dbt", "dbt_version": "1.9.1", "profile_name": "data_processing", "target_name": "local", "node_id": "test.data_processing_analytics.not_null_funnel_analysis_event_type.3c35ba5f6e"} */

    select
      count(*) as failures,
      count(*) != 0 as should_warn,
      count(*) != 0 as should_error
    from (
      
    
  
    
    



select event_type
from "data_processing"."public_analytics"."funnel_analysis"
where event_type is null



  
  
      
    ) dbt_internal_test
[0m23:12:35.750310 [debug] [Thread-3 (]: SQL status: SELECT 1 in 0.000 seconds
[0m23:12:35.750642 [debug] [Thread-4 (]: On test.data_processing_analytics.not_null_page_type_summary_page_type.ba086379d4: Close
[0m23:12:35.750796 [debug] [Thread-2 (]: SQL status: SELECT 1 in 0.000 seconds
[0m23:12:35.751461 [debug] [Thread-3 (]: On test.data_processing_analytics.not_null_hourly_traffic_event_date.bf9938d75e: ROLLBACK
[0m23:12:35.751635 [debug] [Thread-1 (]: SQL status: SELECT 1 in 0.001 seconds
[0m23:12:35.753349 [debug] [Thread-1 (]: On test.data_processing_analytics.not_null_funnel_analysis_event_type.3c35ba5f6e: ROLLBACK
[0m23:12:35.752598 [debug] [Thread-2 (]: On test.data_processing_analytics.not_null_funnel_analysis_page_type.cc723b2075: ROLLBACK
[0m23:12:35.752867 [debug] [Thread-3 (]: On test.data_processing_analytics.not_null_hourly_traffic_event_date.bf9938d75e: Close
[0m23:12:35.751948 [info ] [Thread-4 (]: 4 of 17 PASS not_null_page_type_summary_page_type .............................. [[32mPASS[0m in 0.04s]
[0m23:12:35.754357 [debug] [Thread-4 (]: Finished running node test.data_processing_analytics.not_null_page_type_summary_page_type.ba086379d4
[0m23:12:35.753766 [debug] [Thread-2 (]: On test.data_processing_analytics.not_null_funnel_analysis_page_type.cc723b2075: Close
[0m23:12:35.754027 [info ] [Thread-3 (]: 3 of 17 PASS not_null_hourly_traffic_event_date ................................ [[32mPASS[0m in 0.04s]
[0m23:12:35.753582 [debug] [Thread-1 (]: On test.data_processing_analytics.not_null_funnel_analysis_event_type.3c35ba5f6e: Close
[0m23:12:35.754550 [debug] [Thread-4 (]: Began running node test.data_processing_analytics.not_null_stg_impressions_impression_id.f19dc666d8
[0m23:12:35.754892 [info ] [Thread-2 (]: 2 of 17 PASS not_null_funnel_analysis_page_type ................................ [[32mPASS[0m in 0.04s]
[0m23:12:35.755202 [debug] [Thread-3 (]: Finished running node test.data_processing_analytics.not_null_hourly_traffic_event_date.bf9938d75e
[0m23:12:35.756307 [debug] [Thread-3 (]: Began running node test.data_processing_analytics.not_null_stg_impressions_user_id.1e82def6e9
[0m23:12:35.755771 [info ] [Thread-4 (]: 5 of 17 START test not_null_stg_impressions_impression_id ...................... [RUN]
[0m23:12:35.756108 [debug] [Thread-2 (]: Finished running node test.data_processing_analytics.not_null_funnel_analysis_page_type.cc723b2075
[0m23:12:35.755491 [info ] [Thread-1 (]: 1 of 17 PASS not_null_funnel_analysis_event_type ............................... [[32mPASS[0m in 0.04s]
[0m23:12:35.756522 [info ] [Thread-3 (]: 6 of 17 START test not_null_stg_impressions_user_id ............................ [RUN]
[0m23:12:35.756819 [debug] [Thread-4 (]: Re-using an available connection from the pool (formerly test.data_processing_analytics.not_null_page_type_summary_page_type.ba086379d4, now test.data_processing_analytics.not_null_stg_impressions_impression_id.f19dc666d8)
[0m23:12:35.757056 [debug] [Thread-2 (]: Began running node test.data_processing_analytics.not_null_user_engagement_user_id.9946ab275f
[0m23:12:35.757327 [debug] [Thread-1 (]: Finished running node test.data_processing_analytics.not_null_funnel_analysis_event_type.3c35ba5f6e
[0m23:12:35.757555 [debug] [Thread-3 (]: Re-using an available connection from the pool (formerly test.data_processing_analytics.not_null_hourly_traffic_event_date.bf9938d75e, now test.data_processing_analytics.not_null_stg_impressions_user_id.1e82def6e9)
[0m23:12:35.757775 [debug] [Thread-4 (]: Began compiling node test.data_processing_analytics.not_null_stg_impressions_impression_id.f19dc666d8
[0m23:12:35.757983 [info ] [Thread-2 (]: 7 of 17 START test not_null_user_engagement_user_id ............................ [RUN]
[0m23:12:35.758248 [debug] [Thread-1 (]: Began running node test.data_processing_analytics.source_accepted_values_raw_impressions_event_type__a__b__c__d__e__f.0048e71c39
[0m23:12:35.758475 [debug] [Thread-3 (]: Began compiling node test.data_processing_analytics.not_null_stg_impressions_user_id.1e82def6e9
[0m23:12:35.760404 [debug] [Thread-4 (]: Writing injected SQL for node "test.data_processing_analytics.not_null_stg_impressions_impression_id.f19dc666d8"
[0m23:12:35.760655 [debug] [Thread-2 (]: Re-using an available connection from the pool (formerly test.data_processing_analytics.not_null_funnel_analysis_page_type.cc723b2075, now test.data_processing_analytics.not_null_user_engagement_user_id.9946ab275f)
[0m23:12:35.760865 [info ] [Thread-1 (]: 8 of 17 START test source_accepted_values_raw_impressions_event_type__a__b__c__d__e__f  [RUN]
[0m23:12:35.763358 [debug] [Thread-3 (]: Writing injected SQL for node "test.data_processing_analytics.not_null_stg_impressions_user_id.1e82def6e9"
[0m23:12:35.763727 [debug] [Thread-2 (]: Began compiling node test.data_processing_analytics.not_null_user_engagement_user_id.9946ab275f
[0m23:12:35.763983 [debug] [Thread-1 (]: Re-using an available connection from the pool (formerly test.data_processing_analytics.not_null_funnel_analysis_event_type.3c35ba5f6e, now test.data_processing_analytics.source_accepted_values_raw_impressions_event_type__a__b__c__d__e__f.0048e71c39)
[0m23:12:35.764122 [debug] [Thread-4 (]: Began executing node test.data_processing_analytics.not_null_stg_impressions_impression_id.f19dc666d8
[0m23:12:35.765924 [debug] [Thread-2 (]: Writing injected SQL for node "test.data_processing_analytics.not_null_user_engagement_user_id.9946ab275f"
[0m23:12:35.766125 [debug] [Thread-3 (]: Began executing node test.data_processing_analytics.not_null_stg_impressions_user_id.1e82def6e9
[0m23:12:35.766306 [debug] [Thread-1 (]: Began compiling node test.data_processing_analytics.source_accepted_values_raw_impressions_event_type__a__b__c__d__e__f.0048e71c39
[0m23:12:35.767331 [debug] [Thread-4 (]: Writing runtime sql for node "test.data_processing_analytics.not_null_stg_impressions_impression_id.f19dc666d8"
[0m23:12:35.768525 [debug] [Thread-3 (]: Writing runtime sql for node "test.data_processing_analytics.not_null_stg_impressions_user_id.1e82def6e9"
[0m23:12:35.773005 [debug] [Thread-1 (]: Writing injected SQL for node "test.data_processing_analytics.source_accepted_values_raw_impressions_event_type__a__b__c__d__e__f.0048e71c39"
[0m23:12:35.773228 [debug] [Thread-2 (]: Began executing node test.data_processing_analytics.not_null_user_engagement_user_id.9946ab275f
[0m23:12:35.773796 [debug] [Thread-4 (]: Using postgres connection "test.data_processing_analytics.not_null_stg_impressions_impression_id.f19dc666d8"
[0m23:12:35.774042 [debug] [Thread-3 (]: Using postgres connection "test.data_processing_analytics.not_null_stg_impressions_user_id.1e82def6e9"
[0m23:12:35.775324 [debug] [Thread-2 (]: Writing runtime sql for node "test.data_processing_analytics.not_null_user_engagement_user_id.9946ab275f"
[0m23:12:35.775529 [debug] [Thread-1 (]: Began executing node test.data_processing_analytics.source_accepted_values_raw_impressions_event_type__a__b__c__d__e__f.0048e71c39
[0m23:12:35.775706 [debug] [Thread-4 (]: On test.data_processing_analytics.not_null_stg_impressions_impression_id.f19dc666d8: BEGIN
[0m23:12:35.777247 [debug] [Thread-4 (]: Opening a new connection, currently in state closed
[0m23:12:35.777041 [debug] [Thread-1 (]: Writing runtime sql for node "test.data_processing_analytics.source_accepted_values_raw_impressions_event_type__a__b__c__d__e__f.0048e71c39"
[0m23:12:35.775880 [debug] [Thread-3 (]: On test.data_processing_analytics.not_null_stg_impressions_user_id.1e82def6e9: BEGIN
[0m23:12:35.777499 [debug] [Thread-2 (]: Using postgres connection "test.data_processing_analytics.not_null_user_engagement_user_id.9946ab275f"
[0m23:12:35.777929 [debug] [Thread-3 (]: Opening a new connection, currently in state closed
[0m23:12:35.778156 [debug] [Thread-1 (]: Using postgres connection "test.data_processing_analytics.source_accepted_values_raw_impressions_event_type__a__b__c__d__e__f.0048e71c39"
[0m23:12:35.778300 [debug] [Thread-2 (]: On test.data_processing_analytics.not_null_user_engagement_user_id.9946ab275f: BEGIN
[0m23:12:35.778683 [debug] [Thread-1 (]: On test.data_processing_analytics.source_accepted_values_raw_impressions_event_type__a__b__c__d__e__f.0048e71c39: BEGIN
[0m23:12:35.778903 [debug] [Thread-2 (]: Opening a new connection, currently in state closed
[0m23:12:35.779088 [debug] [Thread-1 (]: Opening a new connection, currently in state closed
[0m23:12:35.780694 [debug] [Thread-4 (]: SQL status: BEGIN in 0.003 seconds
[0m23:12:35.781575 [debug] [Thread-4 (]: Using postgres connection "test.data_processing_analytics.not_null_stg_impressions_impression_id.f19dc666d8"
[0m23:12:35.781838 [debug] [Thread-3 (]: SQL status: BEGIN in 0.004 seconds
[0m23:12:35.782903 [debug] [Thread-3 (]: Using postgres connection "test.data_processing_analytics.not_null_stg_impressions_user_id.1e82def6e9"
[0m23:12:35.782690 [debug] [Thread-4 (]: On test.data_processing_analytics.not_null_stg_impressions_impression_id.f19dc666d8: /* {"app": "dbt", "dbt_version": "1.9.1", "profile_name": "data_processing", "target_name": "local", "node_id": "test.data_processing_analytics.not_null_stg_impressions_impression_id.f19dc666d8"} */

    select
      count(*) as failures,
      count(*) != 0 as should_warn,
      count(*) != 0 as should_error
    from (
      
    
  
    
    



select impression_id
from "data_processing"."public_staging"."stg_impressions"
where impression_id is null



  
  
      
    ) dbt_internal_test
[0m23:12:35.784688 [debug] [Thread-3 (]: On test.data_processing_analytics.not_null_stg_impressions_user_id.1e82def6e9: /* {"app": "dbt", "dbt_version": "1.9.1", "profile_name": "data_processing", "target_name": "local", "node_id": "test.data_processing_analytics.not_null_stg_impressions_user_id.1e82def6e9"} */

    select
      count(*) as failures,
      count(*) != 0 as should_warn,
      count(*) != 0 as should_error
    from (
      
    
  
    
    



select user_id
from "data_processing"."public_staging"."stg_impressions"
where user_id is null



  
  
      
    ) dbt_internal_test
[0m23:12:35.785363 [debug] [Thread-4 (]: SQL status: SELECT 1 in 0.000 seconds
[0m23:12:35.785567 [debug] [Thread-1 (]: SQL status: BEGIN in 0.006 seconds
[0m23:12:35.786017 [debug] [Thread-2 (]: SQL status: BEGIN in 0.007 seconds
[0m23:12:35.786197 [debug] [Thread-3 (]: SQL status: SELECT 1 in 0.000 seconds
[0m23:12:35.786859 [debug] [Thread-4 (]: On test.data_processing_analytics.not_null_stg_impressions_impression_id.f19dc666d8: ROLLBACK
[0m23:12:35.787063 [debug] [Thread-1 (]: Using postgres connection "test.data_processing_analytics.source_accepted_values_raw_impressions_event_type__a__b__c__d__e__f.0048e71c39"
[0m23:12:35.787299 [debug] [Thread-2 (]: Using postgres connection "test.data_processing_analytics.not_null_user_engagement_user_id.9946ab275f"
[0m23:12:35.787923 [debug] [Thread-3 (]: On test.data_processing_analytics.not_null_stg_impressions_user_id.1e82def6e9: ROLLBACK
[0m23:12:35.788187 [debug] [Thread-4 (]: On test.data_processing_analytics.not_null_stg_impressions_impression_id.f19dc666d8: Close
[0m23:12:35.788359 [debug] [Thread-1 (]: On test.data_processing_analytics.source_accepted_values_raw_impressions_event_type__a__b__c__d__e__f.0048e71c39: /* {"app": "dbt", "dbt_version": "1.9.1", "profile_name": "data_processing", "target_name": "local", "node_id": "test.data_processing_analytics.source_accepted_values_raw_impressions_event_type__a__b__c__d__e__f.0048e71c39"} */

    select
      count(*) as failures,
      count(*) != 0 as should_warn,
      count(*) != 0 as should_error
    from (
      
    
  
    
    

with all_values as (

    select
        event_type as value_field,
        count(*) as n_records

    from "data_processing"."raw"."impressions"
    group by event_type

)

select *
from all_values
where value_field not in (
    'a','b','c','d','e','f'
)



  
  
      
    ) dbt_internal_test
[0m23:12:35.789155 [info ] [Thread-4 (]: 5 of 17 PASS not_null_stg_impressions_impression_id ............................ [[32mPASS[0m in 0.03s]
[0m23:12:35.788845 [debug] [Thread-3 (]: On test.data_processing_analytics.not_null_stg_impressions_user_id.1e82def6e9: Close
[0m23:12:35.788610 [debug] [Thread-2 (]: On test.data_processing_analytics.not_null_user_engagement_user_id.9946ab275f: /* {"app": "dbt", "dbt_version": "1.9.1", "profile_name": "data_processing", "target_name": "local", "node_id": "test.data_processing_analytics.not_null_user_engagement_user_id.9946ab275f"} */

    select
      count(*) as failures,
      count(*) != 0 as should_warn,
      count(*) != 0 as should_error
    from (
      
    
  
    
    



select user_id
from "data_processing"."public_analytics"."user_engagement"
where user_id is null



  
  
      
    ) dbt_internal_test
[0m23:12:35.789614 [debug] [Thread-4 (]: Finished running node test.data_processing_analytics.not_null_stg_impressions_impression_id.f19dc666d8
[0m23:12:35.789801 [debug] [Thread-1 (]: SQL status: SELECT 1 in 0.001 seconds
[0m23:12:35.791229 [debug] [Thread-1 (]: On test.data_processing_analytics.source_accepted_values_raw_impressions_event_type__a__b__c__d__e__f.0048e71c39: ROLLBACK
[0m23:12:35.790489 [debug] [Thread-4 (]: Began running node test.data_processing_analytics.source_accepted_values_raw_impressions_page_type__1__2__3.10e87cab6d
[0m23:12:35.790688 [debug] [Thread-2 (]: SQL status: SELECT 1 in 0.000 seconds
[0m23:12:35.790070 [info ] [Thread-3 (]: 6 of 17 PASS not_null_stg_impressions_user_id .................................. [[32mPASS[0m in 0.03s]
[0m23:12:35.791484 [debug] [Thread-1 (]: On test.data_processing_analytics.source_accepted_values_raw_impressions_event_type__a__b__c__d__e__f.0048e71c39: Close
[0m23:12:35.791657 [info ] [Thread-4 (]: 9 of 17 START test source_accepted_values_raw_impressions_page_type__1__2__3 ... [RUN]
[0m23:12:35.792313 [debug] [Thread-2 (]: On test.data_processing_analytics.not_null_user_engagement_user_id.9946ab275f: ROLLBACK
[0m23:12:35.792559 [debug] [Thread-3 (]: Finished running node test.data_processing_analytics.not_null_stg_impressions_user_id.1e82def6e9
[0m23:12:35.793572 [debug] [Thread-3 (]: Began running node test.data_processing_analytics.source_not_null_raw_impressions_date.f99b4db4ba
[0m23:12:35.793145 [debug] [Thread-4 (]: Re-using an available connection from the pool (formerly test.data_processing_analytics.not_null_stg_impressions_impression_id.f19dc666d8, now test.data_processing_analytics.source_accepted_values_raw_impressions_page_type__1__2__3.10e87cab6d)
[0m23:12:35.793418 [debug] [Thread-2 (]: On test.data_processing_analytics.not_null_user_engagement_user_id.9946ab275f: Close
[0m23:12:35.792855 [info ] [Thread-1 (]: 8 of 17 PASS source_accepted_values_raw_impressions_event_type__a__b__c__d__e__f  [[32mPASS[0m in 0.03s]
[0m23:12:35.794761 [debug] [Thread-1 (]: Finished running node test.data_processing_analytics.source_accepted_values_raw_impressions_event_type__a__b__c__d__e__f.0048e71c39
[0m23:12:35.794141 [debug] [Thread-4 (]: Began compiling node test.data_processing_analytics.source_accepted_values_raw_impressions_page_type__1__2__3.10e87cab6d
[0m23:12:35.794453 [info ] [Thread-2 (]: 7 of 17 PASS not_null_user_engagement_user_id .................................. [[32mPASS[0m in 0.03s]
[0m23:12:35.793800 [info ] [Thread-3 (]: 10 of 17 START test source_not_null_raw_impressions_date ....................... [RUN]
[0m23:12:35.798021 [debug] [Thread-3 (]: Re-using an available connection from the pool (formerly test.data_processing_analytics.not_null_stg_impressions_user_id.1e82def6e9, now test.data_processing_analytics.source_not_null_raw_impressions_date.f99b4db4ba)
[0m23:12:35.797519 [debug] [Thread-4 (]: Writing injected SQL for node "test.data_processing_analytics.source_accepted_values_raw_impressions_page_type__1__2__3.10e87cab6d"
[0m23:12:35.797814 [debug] [Thread-2 (]: Finished running node test.data_processing_analytics.not_null_user_engagement_user_id.9946ab275f
[0m23:12:35.794970 [debug] [Thread-1 (]: Began running node test.data_processing_analytics.source_not_null_raw_impressions_event_type.af77bebbbd
[0m23:12:35.798191 [debug] [Thread-3 (]: Began compiling node test.data_processing_analytics.source_not_null_raw_impressions_date.f99b4db4ba
[0m23:12:35.798663 [debug] [Thread-2 (]: Began running node test.data_processing_analytics.source_not_null_raw_impressions_hour.0d8b85a8de
[0m23:12:35.801021 [info ] [Thread-2 (]: 12 of 17 START test source_not_null_raw_impressions_hour ....................... [RUN]
[0m23:12:35.799142 [debug] [Thread-4 (]: Began executing node test.data_processing_analytics.source_accepted_values_raw_impressions_page_type__1__2__3.10e87cab6d
[0m23:12:35.800778 [debug] [Thread-3 (]: Writing injected SQL for node "test.data_processing_analytics.source_not_null_raw_impressions_date.f99b4db4ba"
[0m23:12:35.798950 [info ] [Thread-1 (]: 11 of 17 START test source_not_null_raw_impressions_event_type ................. [RUN]
[0m23:12:35.801277 [debug] [Thread-2 (]: Re-using an available connection from the pool (formerly test.data_processing_analytics.not_null_user_engagement_user_id.9946ab275f, now test.data_processing_analytics.source_not_null_raw_impressions_hour.0d8b85a8de)
[0m23:12:35.802395 [debug] [Thread-4 (]: Writing runtime sql for node "test.data_processing_analytics.source_accepted_values_raw_impressions_page_type__1__2__3.10e87cab6d"
[0m23:12:35.802773 [debug] [Thread-1 (]: Re-using an available connection from the pool (formerly test.data_processing_analytics.source_accepted_values_raw_impressions_event_type__a__b__c__d__e__f.0048e71c39, now test.data_processing_analytics.source_not_null_raw_impressions_event_type.af77bebbbd)
[0m23:12:35.802983 [debug] [Thread-3 (]: Began executing node test.data_processing_analytics.source_not_null_raw_impressions_date.f99b4db4ba
[0m23:12:35.803112 [debug] [Thread-2 (]: Began compiling node test.data_processing_analytics.source_not_null_raw_impressions_hour.0d8b85a8de
[0m23:12:35.803432 [debug] [Thread-1 (]: Began compiling node test.data_processing_analytics.source_not_null_raw_impressions_event_type.af77bebbbd
[0m23:12:35.804526 [debug] [Thread-3 (]: Writing runtime sql for node "test.data_processing_analytics.source_not_null_raw_impressions_date.f99b4db4ba"
[0m23:12:35.804697 [debug] [Thread-4 (]: Using postgres connection "test.data_processing_analytics.source_accepted_values_raw_impressions_page_type__1__2__3.10e87cab6d"
[0m23:12:35.806417 [debug] [Thread-2 (]: Writing injected SQL for node "test.data_processing_analytics.source_not_null_raw_impressions_hour.0d8b85a8de"
[0m23:12:35.808054 [debug] [Thread-1 (]: Writing injected SQL for node "test.data_processing_analytics.source_not_null_raw_impressions_event_type.af77bebbbd"
[0m23:12:35.808417 [debug] [Thread-4 (]: On test.data_processing_analytics.source_accepted_values_raw_impressions_page_type__1__2__3.10e87cab6d: BEGIN
[0m23:12:35.808612 [debug] [Thread-3 (]: Using postgres connection "test.data_processing_analytics.source_not_null_raw_impressions_date.f99b4db4ba"
[0m23:12:35.809008 [debug] [Thread-4 (]: Opening a new connection, currently in state closed
[0m23:12:35.809155 [debug] [Thread-2 (]: Began executing node test.data_processing_analytics.source_not_null_raw_impressions_hour.0d8b85a8de
[0m23:12:35.809379 [debug] [Thread-1 (]: Began executing node test.data_processing_analytics.source_not_null_raw_impressions_event_type.af77bebbbd
[0m23:12:35.809511 [debug] [Thread-3 (]: On test.data_processing_analytics.source_not_null_raw_impressions_date.f99b4db4ba: BEGIN
[0m23:12:35.812623 [debug] [Thread-2 (]: Writing runtime sql for node "test.data_processing_analytics.source_not_null_raw_impressions_hour.0d8b85a8de"
[0m23:12:35.814265 [debug] [Thread-1 (]: Writing runtime sql for node "test.data_processing_analytics.source_not_null_raw_impressions_event_type.af77bebbbd"
[0m23:12:35.814500 [debug] [Thread-3 (]: Opening a new connection, currently in state closed
[0m23:12:35.814686 [debug] [Thread-4 (]: SQL status: BEGIN in 0.006 seconds
[0m23:12:35.815244 [debug] [Thread-2 (]: Using postgres connection "test.data_processing_analytics.source_not_null_raw_impressions_hour.0d8b85a8de"
[0m23:12:35.815768 [debug] [Thread-2 (]: On test.data_processing_analytics.source_not_null_raw_impressions_hour.0d8b85a8de: BEGIN
[0m23:12:35.815574 [debug] [Thread-4 (]: Using postgres connection "test.data_processing_analytics.source_accepted_values_raw_impressions_page_type__1__2__3.10e87cab6d"
[0m23:12:35.815452 [debug] [Thread-1 (]: Using postgres connection "test.data_processing_analytics.source_not_null_raw_impressions_event_type.af77bebbbd"
[0m23:12:35.815919 [debug] [Thread-2 (]: Opening a new connection, currently in state closed
[0m23:12:35.816120 [debug] [Thread-4 (]: On test.data_processing_analytics.source_accepted_values_raw_impressions_page_type__1__2__3.10e87cab6d: /* {"app": "dbt", "dbt_version": "1.9.1", "profile_name": "data_processing", "target_name": "local", "node_id": "test.data_processing_analytics.source_accepted_values_raw_impressions_page_type__1__2__3.10e87cab6d"} */

    select
      count(*) as failures,
      count(*) != 0 as should_warn,
      count(*) != 0 as should_error
    from (
      
    
  
    
    

with all_values as (

    select
        page_type as value_field,
        count(*) as n_records

    from "data_processing"."raw"."impressions"
    group by page_type

)

select *
from all_values
where value_field not in (
    '1','2','3'
)



  
  
      
    ) dbt_internal_test
[0m23:12:35.816334 [debug] [Thread-1 (]: On test.data_processing_analytics.source_not_null_raw_impressions_event_type.af77bebbbd: BEGIN
[0m23:12:35.816839 [debug] [Thread-1 (]: Opening a new connection, currently in state closed
[0m23:12:35.817185 [debug] [Thread-4 (]: SQL status: SELECT 1 in 0.000 seconds
[0m23:12:35.818600 [debug] [Thread-4 (]: On test.data_processing_analytics.source_accepted_values_raw_impressions_page_type__1__2__3.10e87cab6d: ROLLBACK
[0m23:12:35.818762 [debug] [Thread-3 (]: SQL status: BEGIN in 0.004 seconds
[0m23:12:35.819575 [debug] [Thread-4 (]: On test.data_processing_analytics.source_accepted_values_raw_impressions_page_type__1__2__3.10e87cab6d: Close
[0m23:12:35.819730 [debug] [Thread-3 (]: Using postgres connection "test.data_processing_analytics.source_not_null_raw_impressions_date.f99b4db4ba"
[0m23:12:35.820245 [debug] [Thread-2 (]: SQL status: BEGIN in 0.004 seconds
[0m23:12:35.820092 [info ] [Thread-4 (]: 9 of 17 PASS source_accepted_values_raw_impressions_page_type__1__2__3 ......... [[32mPASS[0m in 0.03s]
[0m23:12:35.820482 [debug] [Thread-3 (]: On test.data_processing_analytics.source_not_null_raw_impressions_date.f99b4db4ba: /* {"app": "dbt", "dbt_version": "1.9.1", "profile_name": "data_processing", "target_name": "local", "node_id": "test.data_processing_analytics.source_not_null_raw_impressions_date.f99b4db4ba"} */

    select
      count(*) as failures,
      count(*) != 0 as should_warn,
      count(*) != 0 as should_error
    from (
      
    
  
    
    



select date
from "data_processing"."raw"."impressions"
where date is null



  
  
      
    ) dbt_internal_test
[0m23:12:35.820662 [debug] [Thread-1 (]: SQL status: BEGIN in 0.004 seconds
[0m23:12:35.820857 [debug] [Thread-2 (]: Using postgres connection "test.data_processing_analytics.source_not_null_raw_impressions_hour.0d8b85a8de"
[0m23:12:35.821731 [debug] [Thread-2 (]: On test.data_processing_analytics.source_not_null_raw_impressions_hour.0d8b85a8de: /* {"app": "dbt", "dbt_version": "1.9.1", "profile_name": "data_processing", "target_name": "local", "node_id": "test.data_processing_analytics.source_not_null_raw_impressions_hour.0d8b85a8de"} */

    select
      count(*) as failures,
      count(*) != 0 as should_warn,
      count(*) != 0 as should_error
    from (
      
    
  
    
    



select hour
from "data_processing"."raw"."impressions"
where hour is null



  
  
      
    ) dbt_internal_test
[0m23:12:35.821405 [debug] [Thread-1 (]: Using postgres connection "test.data_processing_analytics.source_not_null_raw_impressions_event_type.af77bebbbd"
[0m23:12:35.821547 [debug] [Thread-3 (]: SQL status: SELECT 1 in 0.000 seconds
[0m23:12:35.821113 [debug] [Thread-4 (]: Finished running node test.data_processing_analytics.source_accepted_values_raw_impressions_page_type__1__2__3.10e87cab6d
[0m23:12:35.822002 [debug] [Thread-1 (]: On test.data_processing_analytics.source_not_null_raw_impressions_event_type.af77bebbbd: /* {"app": "dbt", "dbt_version": "1.9.1", "profile_name": "data_processing", "target_name": "local", "node_id": "test.data_processing_analytics.source_not_null_raw_impressions_event_type.af77bebbbd"} */

    select
      count(*) as failures,
      count(*) != 0 as should_warn,
      count(*) != 0 as should_error
    from (
      
    
  
    
    



select event_type
from "data_processing"."raw"."impressions"
where event_type is null



  
  
      
    ) dbt_internal_test
[0m23:12:35.822165 [debug] [Thread-2 (]: SQL status: SELECT 1 in 0.000 seconds
[0m23:12:35.822783 [debug] [Thread-3 (]: On test.data_processing_analytics.source_not_null_raw_impressions_date.f99b4db4ba: ROLLBACK
[0m23:12:35.822992 [debug] [Thread-4 (]: Began running node test.data_processing_analytics.source_not_null_raw_impressions_impression_id.90e58090a3
[0m23:12:35.824191 [info ] [Thread-4 (]: 13 of 17 START test source_not_null_raw_impressions_impression_id .............. [RUN]
[0m23:12:35.823823 [debug] [Thread-1 (]: SQL status: SELECT 1 in 0.001 seconds
[0m23:12:35.824038 [debug] [Thread-3 (]: On test.data_processing_analytics.source_not_null_raw_impressions_date.f99b4db4ba: Close
[0m23:12:35.823670 [debug] [Thread-2 (]: On test.data_processing_analytics.source_not_null_raw_impressions_hour.0d8b85a8de: ROLLBACK
[0m23:12:35.824454 [debug] [Thread-4 (]: Re-using an available connection from the pool (formerly test.data_processing_analytics.source_accepted_values_raw_impressions_page_type__1__2__3.10e87cab6d, now test.data_processing_analytics.source_not_null_raw_impressions_impression_id.90e58090a3)
[0m23:12:35.825071 [debug] [Thread-1 (]: On test.data_processing_analytics.source_not_null_raw_impressions_event_type.af77bebbbd: ROLLBACK
[0m23:12:35.825378 [info ] [Thread-3 (]: 10 of 17 PASS source_not_null_raw_impressions_date ............................. [[32mPASS[0m in 0.03s]
[0m23:12:35.825846 [debug] [Thread-4 (]: Began compiling node test.data_processing_analytics.source_not_null_raw_impressions_impression_id.90e58090a3
[0m23:12:35.825714 [debug] [Thread-2 (]: On test.data_processing_analytics.source_not_null_raw_impressions_hour.0d8b85a8de: Close
[0m23:12:35.826086 [debug] [Thread-1 (]: On test.data_processing_analytics.source_not_null_raw_impressions_event_type.af77bebbbd: Close
[0m23:12:35.826303 [debug] [Thread-3 (]: Finished running node test.data_processing_analytics.source_not_null_raw_impressions_date.f99b4db4ba
[0m23:12:35.828407 [debug] [Thread-4 (]: Writing injected SQL for node "test.data_processing_analytics.source_not_null_raw_impressions_impression_id.90e58090a3"
[0m23:12:35.828718 [info ] [Thread-2 (]: 12 of 17 PASS source_not_null_raw_impressions_hour ............................. [[32mPASS[0m in 0.03s]
[0m23:12:35.829019 [info ] [Thread-1 (]: 11 of 17 PASS source_not_null_raw_impressions_event_type ....................... [[32mPASS[0m in 0.03s]
[0m23:12:35.829264 [debug] [Thread-3 (]: Began running node test.data_processing_analytics.source_not_null_raw_impressions_page_type.c42d24e3ac
[0m23:12:35.830356 [info ] [Thread-3 (]: 14 of 17 START test source_not_null_raw_impressions_page_type .................. [RUN]
[0m23:12:35.830006 [debug] [Thread-1 (]: Finished running node test.data_processing_analytics.source_not_null_raw_impressions_event_type.af77bebbbd
[0m23:12:35.830177 [debug] [Thread-4 (]: Began executing node test.data_processing_analytics.source_not_null_raw_impressions_impression_id.90e58090a3
[0m23:12:35.829716 [debug] [Thread-2 (]: Finished running node test.data_processing_analytics.source_not_null_raw_impressions_hour.0d8b85a8de
[0m23:12:35.832132 [debug] [Thread-2 (]: Began running node test.data_processing_analytics.unique_page_type_summary_page_type.32ffefcb6b
[0m23:12:35.830862 [debug] [Thread-1 (]: Began running node test.data_processing_analytics.source_not_null_raw_impressions_user_id.bf76fbf5eb
[0m23:12:35.831937 [debug] [Thread-4 (]: Writing runtime sql for node "test.data_processing_analytics.source_not_null_raw_impressions_impression_id.90e58090a3"
[0m23:12:35.830612 [debug] [Thread-3 (]: Re-using an available connection from the pool (formerly test.data_processing_analytics.source_not_null_raw_impressions_date.f99b4db4ba, now test.data_processing_analytics.source_not_null_raw_impressions_page_type.c42d24e3ac)
[0m23:12:35.832337 [info ] [Thread-2 (]: 16 of 17 START test unique_page_type_summary_page_type ......................... [RUN]
[0m23:12:35.832607 [info ] [Thread-1 (]: 15 of 17 START test source_not_null_raw_impressions_user_id .................... [RUN]
[0m23:12:35.832945 [debug] [Thread-3 (]: Began compiling node test.data_processing_analytics.source_not_null_raw_impressions_page_type.c42d24e3ac
[0m23:12:35.833191 [debug] [Thread-2 (]: Re-using an available connection from the pool (formerly test.data_processing_analytics.source_not_null_raw_impressions_hour.0d8b85a8de, now test.data_processing_analytics.unique_page_type_summary_page_type.32ffefcb6b)
[0m23:12:35.833435 [debug] [Thread-4 (]: Using postgres connection "test.data_processing_analytics.source_not_null_raw_impressions_impression_id.90e58090a3"
[0m23:12:35.835788 [debug] [Thread-4 (]: On test.data_processing_analytics.source_not_null_raw_impressions_impression_id.90e58090a3: BEGIN
[0m23:12:35.835404 [debug] [Thread-3 (]: Writing injected SQL for node "test.data_processing_analytics.source_not_null_raw_impressions_page_type.c42d24e3ac"
[0m23:12:35.835615 [debug] [Thread-2 (]: Began compiling node test.data_processing_analytics.unique_page_type_summary_page_type.32ffefcb6b
[0m23:12:35.833634 [debug] [Thread-1 (]: Re-using an available connection from the pool (formerly test.data_processing_analytics.source_not_null_raw_impressions_event_type.af77bebbbd, now test.data_processing_analytics.source_not_null_raw_impressions_user_id.bf76fbf5eb)
[0m23:12:35.835944 [debug] [Thread-4 (]: Opening a new connection, currently in state closed
[0m23:12:35.838660 [debug] [Thread-2 (]: Writing injected SQL for node "test.data_processing_analytics.unique_page_type_summary_page_type.32ffefcb6b"
[0m23:12:35.838878 [debug] [Thread-3 (]: Began executing node test.data_processing_analytics.source_not_null_raw_impressions_page_type.c42d24e3ac
[0m23:12:35.839012 [debug] [Thread-1 (]: Began compiling node test.data_processing_analytics.source_not_null_raw_impressions_user_id.bf76fbf5eb
[0m23:12:35.840512 [debug] [Thread-3 (]: Writing runtime sql for node "test.data_processing_analytics.source_not_null_raw_impressions_page_type.c42d24e3ac"
[0m23:12:35.843482 [debug] [Thread-1 (]: Writing injected SQL for node "test.data_processing_analytics.source_not_null_raw_impressions_user_id.bf76fbf5eb"
[0m23:12:35.843646 [debug] [Thread-2 (]: Began executing node test.data_processing_analytics.unique_page_type_summary_page_type.32ffefcb6b
[0m23:12:35.843948 [debug] [Thread-4 (]: SQL status: BEGIN in 0.008 seconds
[0m23:12:35.845786 [debug] [Thread-2 (]: Writing runtime sql for node "test.data_processing_analytics.unique_page_type_summary_page_type.32ffefcb6b"
[0m23:12:35.845962 [debug] [Thread-3 (]: Using postgres connection "test.data_processing_analytics.source_not_null_raw_impressions_page_type.c42d24e3ac"
[0m23:12:35.846181 [debug] [Thread-4 (]: Using postgres connection "test.data_processing_analytics.source_not_null_raw_impressions_impression_id.90e58090a3"
[0m23:12:35.846327 [debug] [Thread-1 (]: Began executing node test.data_processing_analytics.source_not_null_raw_impressions_user_id.bf76fbf5eb
[0m23:12:35.846613 [debug] [Thread-3 (]: On test.data_processing_analytics.source_not_null_raw_impressions_page_type.c42d24e3ac: BEGIN
[0m23:12:35.846827 [debug] [Thread-4 (]: On test.data_processing_analytics.source_not_null_raw_impressions_impression_id.90e58090a3: /* {"app": "dbt", "dbt_version": "1.9.1", "profile_name": "data_processing", "target_name": "local", "node_id": "test.data_processing_analytics.source_not_null_raw_impressions_impression_id.90e58090a3"} */

    select
      count(*) as failures,
      count(*) != 0 as should_warn,
      count(*) != 0 as should_error
    from (
      
    
  
    
    



select impression_id
from "data_processing"."raw"."impressions"
where impression_id is null



  
  
      
    ) dbt_internal_test
[0m23:12:35.847028 [debug] [Thread-2 (]: Using postgres connection "test.data_processing_analytics.unique_page_type_summary_page_type.32ffefcb6b"
[0m23:12:35.848075 [debug] [Thread-1 (]: Writing runtime sql for node "test.data_processing_analytics.source_not_null_raw_impressions_user_id.bf76fbf5eb"
[0m23:12:35.848269 [debug] [Thread-3 (]: Opening a new connection, currently in state closed
[0m23:12:35.848522 [debug] [Thread-2 (]: On test.data_processing_analytics.unique_page_type_summary_page_type.32ffefcb6b: BEGIN
[0m23:12:35.848764 [debug] [Thread-4 (]: SQL status: SELECT 1 in 0.000 seconds
[0m23:12:35.849220 [debug] [Thread-1 (]: Using postgres connection "test.data_processing_analytics.source_not_null_raw_impressions_user_id.bf76fbf5eb"
[0m23:12:35.849359 [debug] [Thread-2 (]: Opening a new connection, currently in state closed
[0m23:12:35.850047 [debug] [Thread-4 (]: On test.data_processing_analytics.source_not_null_raw_impressions_impression_id.90e58090a3: ROLLBACK
[0m23:12:35.850223 [debug] [Thread-1 (]: On test.data_processing_analytics.source_not_null_raw_impressions_user_id.bf76fbf5eb: BEGIN
[0m23:12:35.850790 [debug] [Thread-1 (]: Opening a new connection, currently in state closed
[0m23:12:35.850664 [debug] [Thread-4 (]: On test.data_processing_analytics.source_not_null_raw_impressions_impression_id.90e58090a3: Close
[0m23:12:35.851223 [info ] [Thread-4 (]: 13 of 17 PASS source_not_null_raw_impressions_impression_id .................... [[32mPASS[0m in 0.03s]
[0m23:12:35.851885 [debug] [Thread-4 (]: Finished running node test.data_processing_analytics.source_not_null_raw_impressions_impression_id.90e58090a3
[0m23:12:35.852298 [debug] [Thread-3 (]: SQL status: BEGIN in 0.004 seconds
[0m23:12:35.852463 [debug] [Thread-4 (]: Began running node test.data_processing_analytics.unique_user_engagement_user_id.3479fa49b6
[0m23:12:35.852970 [debug] [Thread-3 (]: Using postgres connection "test.data_processing_analytics.source_not_null_raw_impressions_page_type.c42d24e3ac"
[0m23:12:35.853489 [debug] [Thread-3 (]: On test.data_processing_analytics.source_not_null_raw_impressions_page_type.c42d24e3ac: /* {"app": "dbt", "dbt_version": "1.9.1", "profile_name": "data_processing", "target_name": "local", "node_id": "test.data_processing_analytics.source_not_null_raw_impressions_page_type.c42d24e3ac"} */

    select
      count(*) as failures,
      count(*) != 0 as should_warn,
      count(*) != 0 as should_error
    from (
      
    
  
    
    



select page_type
from "data_processing"."raw"."impressions"
where page_type is null



  
  
      
    ) dbt_internal_test
[0m23:12:35.853158 [info ] [Thread-4 (]: 17 of 17 START test unique_user_engagement_user_id ............................. [RUN]
[0m23:12:35.853663 [debug] [Thread-2 (]: SQL status: BEGIN in 0.004 seconds
[0m23:12:35.854285 [debug] [Thread-2 (]: Using postgres connection "test.data_processing_analytics.unique_page_type_summary_page_type.32ffefcb6b"
[0m23:12:35.854112 [debug] [Thread-3 (]: SQL status: SELECT 1 in 0.000 seconds
[0m23:12:35.853935 [debug] [Thread-4 (]: Re-using an available connection from the pool (formerly test.data_processing_analytics.source_not_null_raw_impressions_impression_id.90e58090a3, now test.data_processing_analytics.unique_user_engagement_user_id.3479fa49b6)
[0m23:12:35.854480 [debug] [Thread-2 (]: On test.data_processing_analytics.unique_page_type_summary_page_type.32ffefcb6b: /* {"app": "dbt", "dbt_version": "1.9.1", "profile_name": "data_processing", "target_name": "local", "node_id": "test.data_processing_analytics.unique_page_type_summary_page_type.32ffefcb6b"} */

    select
      count(*) as failures,
      count(*) != 0 as should_warn,
      count(*) != 0 as should_error
    from (
      
    
  
    
    

select
    page_type as unique_field,
    count(*) as n_records

from "data_processing"."public_analytics"."page_type_summary"
where page_type is not null
group by page_type
having count(*) > 1



  
  
      
    ) dbt_internal_test
[0m23:12:35.855154 [debug] [Thread-3 (]: On test.data_processing_analytics.source_not_null_raw_impressions_page_type.c42d24e3ac: ROLLBACK
[0m23:12:35.855392 [debug] [Thread-4 (]: Began compiling node test.data_processing_analytics.unique_user_engagement_user_id.3479fa49b6
[0m23:12:35.855548 [debug] [Thread-1 (]: SQL status: BEGIN in 0.005 seconds
[0m23:12:35.857925 [debug] [Thread-1 (]: Using postgres connection "test.data_processing_analytics.source_not_null_raw_impressions_user_id.bf76fbf5eb"
[0m23:12:35.857612 [debug] [Thread-3 (]: On test.data_processing_analytics.source_not_null_raw_impressions_page_type.c42d24e3ac: Close
[0m23:12:35.857758 [debug] [Thread-2 (]: SQL status: SELECT 1 in 0.002 seconds
[0m23:12:35.857468 [debug] [Thread-4 (]: Writing injected SQL for node "test.data_processing_analytics.unique_user_engagement_user_id.3479fa49b6"
[0m23:12:35.858120 [debug] [Thread-1 (]: On test.data_processing_analytics.source_not_null_raw_impressions_user_id.bf76fbf5eb: /* {"app": "dbt", "dbt_version": "1.9.1", "profile_name": "data_processing", "target_name": "local", "node_id": "test.data_processing_analytics.source_not_null_raw_impressions_user_id.bf76fbf5eb"} */

    select
      count(*) as failures,
      count(*) != 0 as should_warn,
      count(*) != 0 as should_error
    from (
      
    
  
    
    



select user_id
from "data_processing"."raw"."impressions"
where user_id is null



  
  
      
    ) dbt_internal_test
[0m23:12:35.858416 [info ] [Thread-3 (]: 14 of 17 PASS source_not_null_raw_impressions_page_type ........................ [[32mPASS[0m in 0.03s]
[0m23:12:35.859191 [debug] [Thread-2 (]: On test.data_processing_analytics.unique_page_type_summary_page_type.32ffefcb6b: ROLLBACK
[0m23:12:35.859723 [debug] [Thread-3 (]: Finished running node test.data_processing_analytics.source_not_null_raw_impressions_page_type.c42d24e3ac
[0m23:12:35.859886 [debug] [Thread-4 (]: Began executing node test.data_processing_analytics.unique_user_engagement_user_id.3479fa49b6
[0m23:12:35.860022 [debug] [Thread-1 (]: SQL status: SELECT 1 in 0.000 seconds
[0m23:12:35.862032 [debug] [Thread-1 (]: On test.data_processing_analytics.source_not_null_raw_impressions_user_id.bf76fbf5eb: ROLLBACK
[0m23:12:35.861459 [debug] [Thread-4 (]: Writing runtime sql for node "test.data_processing_analytics.unique_user_engagement_user_id.3479fa49b6"
[0m23:12:35.860237 [debug] [Thread-2 (]: On test.data_processing_analytics.unique_page_type_summary_page_type.32ffefcb6b: Close
[0m23:12:35.862268 [debug] [Thread-1 (]: On test.data_processing_analytics.source_not_null_raw_impressions_user_id.bf76fbf5eb: Close
[0m23:12:35.862646 [info ] [Thread-2 (]: 16 of 17 PASS unique_page_type_summary_page_type ............................... [[32mPASS[0m in 0.03s]
[0m23:12:35.863410 [debug] [Thread-2 (]: Finished running node test.data_processing_analytics.unique_page_type_summary_page_type.32ffefcb6b
[0m23:12:35.863190 [debug] [Thread-4 (]: Using postgres connection "test.data_processing_analytics.unique_user_engagement_user_id.3479fa49b6"
[0m23:12:35.862984 [info ] [Thread-1 (]: 15 of 17 PASS source_not_null_raw_impressions_user_id .......................... [[32mPASS[0m in 0.03s]
[0m23:12:35.863705 [debug] [Thread-4 (]: On test.data_processing_analytics.unique_user_engagement_user_id.3479fa49b6: BEGIN
[0m23:12:35.863960 [debug] [Thread-1 (]: Finished running node test.data_processing_analytics.source_not_null_raw_impressions_user_id.bf76fbf5eb
[0m23:12:35.864154 [debug] [Thread-4 (]: Opening a new connection, currently in state closed
[0m23:12:35.867271 [debug] [Thread-4 (]: SQL status: BEGIN in 0.003 seconds
[0m23:12:35.867438 [debug] [Thread-4 (]: Using postgres connection "test.data_processing_analytics.unique_user_engagement_user_id.3479fa49b6"
[0m23:12:35.867608 [debug] [Thread-4 (]: On test.data_processing_analytics.unique_user_engagement_user_id.3479fa49b6: /* {"app": "dbt", "dbt_version": "1.9.1", "profile_name": "data_processing", "target_name": "local", "node_id": "test.data_processing_analytics.unique_user_engagement_user_id.3479fa49b6"} */

    select
      count(*) as failures,
      count(*) != 0 as should_warn,
      count(*) != 0 as should_error
    from (
      
    
  
    
    

select
    user_id as unique_field,
    count(*) as n_records

from "data_processing"."public_analytics"."user_engagement"
where user_id is not null
group by user_id
having count(*) > 1



  
  
      
    ) dbt_internal_test
[0m23:12:35.868124 [debug] [Thread-4 (]: SQL status: SELECT 1 in 0.000 seconds
[0m23:12:35.868727 [debug] [Thread-4 (]: On test.data_processing_analytics.unique_user_engagement_user_id.3479fa49b6: ROLLBACK
[0m23:12:35.868927 [debug] [Thread-4 (]: On test.data_processing_analytics.unique_user_engagement_user_id.3479fa49b6: Close
[0m23:12:35.869188 [info ] [Thread-4 (]: 17 of 17 PASS unique_user_engagement_user_id ................................... [[32mPASS[0m in 0.02s]
[0m23:12:35.869472 [debug] [Thread-4 (]: Finished running node test.data_processing_analytics.unique_user_engagement_user_id.3479fa49b6
[0m23:12:35.870122 [debug] [MainThread]: Using postgres connection "master"
[0m23:12:35.870298 [debug] [MainThread]: On master: BEGIN
[0m23:12:35.870442 [debug] [MainThread]: Opening a new connection, currently in state closed
[0m23:12:35.873452 [debug] [MainThread]: SQL status: BEGIN in 0.003 seconds
[0m23:12:35.873607 [debug] [MainThread]: On master: COMMIT
[0m23:12:35.873752 [debug] [MainThread]: Using postgres connection "master"
[0m23:12:35.873885 [debug] [MainThread]: On master: COMMIT
[0m23:12:35.874035 [debug] [MainThread]: SQL status: COMMIT in 0.000 seconds
[0m23:12:35.874149 [debug] [MainThread]: On master: Close
[0m23:12:35.874309 [debug] [MainThread]: Connection 'master' was properly closed.
[0m23:12:35.874455 [debug] [MainThread]: Connection 'test.data_processing_analytics.source_not_null_raw_impressions_user_id.bf76fbf5eb' was properly closed.
[0m23:12:35.874598 [debug] [MainThread]: Connection 'test.data_processing_analytics.unique_page_type_summary_page_type.32ffefcb6b' was properly closed.
[0m23:12:35.874739 [debug] [MainThread]: Connection 'test.data_processing_analytics.source_not_null_raw_impressions_page_type.c42d24e3ac' was properly closed.
[0m23:12:35.874854 [debug] [MainThread]: Connection 'test.data_processing_analytics.unique_user_engagement_user_id.3479fa49b6' was properly closed.
[0m23:12:35.875002 [info ] [MainThread]: 
[0m23:12:35.875166 [info ] [MainThread]: Finished running 17 data tests in 0 hours 0 minutes and 0.22 seconds (0.22s).
[0m23:12:35.876281 [debug] [MainThread]: Command end result
[0m23:12:35.890027 [debug] [MainThread]: Wrote artifact WritableManifest to /dbt/target/manifest.json
[0m23:12:35.890913 [debug] [MainThread]: Wrote artifact SemanticManifest to /dbt/target/semantic_manifest.json
[0m23:12:35.894746 [debug] [MainThread]: Wrote artifact RunExecutionResult to /dbt/target/run_results.json
[0m23:12:35.894909 [info ] [MainThread]: 
[0m23:12:35.895090 [info ] [MainThread]: [32mCompleted successfully[0m
[0m23:12:35.895285 [info ] [MainThread]: 
[0m23:12:35.895495 [info ] [MainThread]: Done. PASS=17 WARN=0 ERROR=0 SKIP=0 TOTAL=17
[0m23:12:35.895994 [debug] [MainThread]: Resource report: {"command_name": "test", "command_success": true, "command_wall_clock_time": 0.53123283, "process_in_blocks": "0", "process_kernel_time": 0.060179, "process_mem_max_rss": "121452", "process_out_blocks": "2110", "process_user_time": 1.012021}
[0m23:12:35.896210 [debug] [MainThread]: Command `dbt test` succeeded at 23:12:35.896170 after 0.53 seconds
[0m23:12:35.896382 [debug] [MainThread]: Sending event: {'category': 'dbt', 'action': 'invocation', 'label': 'end', 'context': [<snowplow_tracker.self_describing_json.SelfDescribingJson object at 0xffff99c53130>, <snowplow_tracker.self_describing_json.SelfDescribingJson object at 0xffff97b9fac0>, <snowplow_tracker.self_describing_json.SelfDescribingJson object at 0xffff98d4e7d0>]}
[0m23:12:35.896592 [debug] [MainThread]: Flushing usage events
[0m23:12:36.057337 [debug] [MainThread]: An error was encountered while trying to flush usage events
[0m23:12:47.501272 [debug] [MainThread]: Sending event: {'category': 'dbt', 'action': 'invocation', 'label': 'start', 'context': [<snowplow_tracker.self_describing_json.SelfDescribingJson object at 0xffffb1b4b3d0>, <snowplow_tracker.self_describing_json.SelfDescribingJson object at 0xffffb0cf0c70>, <snowplow_tracker.self_describing_json.SelfDescribingJson object at 0xffffb0cf23e0>]}


============================== 23:12:47.504726 | d3e64dcd-1041-4dd1-a01a-4b7b9decfddf ==============================
[0m23:12:47.504726 [info ] [MainThread]: Running with dbt=1.9.1
[0m23:12:47.505082 [debug] [MainThread]: running dbt with arguments {'printer_width': '80', 'indirect_selection': 'eager', 'log_cache_events': 'False', 'write_json': 'True', 'partial_parse': 'True', 'cache_selected_only': 'False', 'profiles_dir': '/dbt', 'fail_fast': 'False', 'debug': 'False', 'log_path': '/dbt/logs', 'version_check': 'True', 'warn_error': 'None', 'use_colors': 'True', 'use_experimental_parser': 'False', 'empty': 'None', 'quiet': 'False', 'no_print': 'None', 'warn_error_options': 'WarnErrorOptions(include=[], exclude=[])', 'static_parser': 'True', 'introspect': 'True', 'invocation_command': 'dbt deps', 'target_path': 'None', 'log_format': 'default', 'send_anonymous_usage_stats': 'True'}
[0m23:12:47.549782 [debug] [MainThread]: Sending event: {'category': 'dbt', 'action': 'project_id', 'label': 'd3e64dcd-1041-4dd1-a01a-4b7b9decfddf', 'context': [<snowplow_tracker.self_describing_json.SelfDescribingJson object at 0xffffb0bc9d20>]}
[0m23:12:47.553686 [info ] [MainThread]: Warning: No packages were found in packages.yml
[0m23:12:47.554556 [info ] [MainThread]: Warning: No packages were found in packages.yml
[0m23:12:47.555065 [debug] [MainThread]: Resource report: {"command_name": "deps", "command_success": true, "command_wall_clock_time": 0.07633167, "process_in_blocks": "0", "process_kernel_time": 0.045099, "process_mem_max_rss": "95720", "process_out_blocks": "2131", "process_user_time": 0.650437}
[0m23:12:47.555322 [debug] [MainThread]: Command `dbt deps` succeeded at 23:12:47.555272 after 0.08 seconds
[0m23:12:47.555520 [debug] [MainThread]: Sending event: {'category': 'dbt', 'action': 'invocation', 'label': 'end', 'context': [<snowplow_tracker.self_describing_json.SelfDescribingJson object at 0xffffb1b4b3d0>, <snowplow_tracker.self_describing_json.SelfDescribingJson object at 0xffffb0bc9d20>, <snowplow_tracker.self_describing_json.SelfDescribingJson object at 0xffffb0bc9ed0>]}
[0m23:12:47.555710 [debug] [MainThread]: Flushing usage events
[0m23:12:47.712496 [debug] [MainThread]: An error was encountered while trying to flush usage events
[0m23:12:48.363650 [debug] [MainThread]: Sending event: {'category': 'dbt', 'action': 'invocation', 'label': 'start', 'context': [<snowplow_tracker.self_describing_json.SelfDescribingJson object at 0xffff9b9a3190>, <snowplow_tracker.self_describing_json.SelfDescribingJson object at 0xffff9ade5c00>, <snowplow_tracker.self_describing_json.SelfDescribingJson object at 0xffff9ade6590>]}


============================== 23:12:48.364880 | 64d13220-1d3f-45a6-b101-1d8610abd0a3 ==============================
[0m23:12:48.364880 [info ] [MainThread]: Running with dbt=1.9.1
[0m23:12:48.365207 [debug] [MainThread]: running dbt with arguments {'printer_width': '80', 'indirect_selection': 'eager', 'write_json': 'True', 'log_cache_events': 'False', 'partial_parse': 'True', 'cache_selected_only': 'False', 'warn_error': 'None', 'fail_fast': 'False', 'version_check': 'True', 'log_path': '/dbt/logs', 'profiles_dir': '/dbt', 'debug': 'False', 'use_colors': 'True', 'use_experimental_parser': 'False', 'empty': 'None', 'quiet': 'False', 'no_print': 'None', 'log_format': 'default', 'introspect': 'True', 'invocation_command': 'dbt docs generate', 'static_parser': 'True', 'target_path': 'None', 'warn_error_options': 'WarnErrorOptions(include=[], exclude=[])', 'send_anonymous_usage_stats': 'True'}
[0m23:12:48.428311 [debug] [MainThread]: Sending event: {'category': 'dbt', 'action': 'project_id', 'label': '64d13220-1d3f-45a6-b101-1d8610abd0a3', 'context': [<snowplow_tracker.self_describing_json.SelfDescribingJson object at 0xffff9aab3400>]}
[0m23:12:48.451645 [debug] [MainThread]: Sending event: {'category': 'dbt', 'action': 'adapter_info', 'label': '64d13220-1d3f-45a6-b101-1d8610abd0a3', 'context': [<snowplow_tracker.self_describing_json.SelfDescribingJson object at 0xffff9aab00d0>]}
[0m23:12:48.451997 [info ] [MainThread]: Registered adapter: postgres=1.9.1
[0m23:12:48.481207 [debug] [MainThread]: checksum: 5e8d1596cf4eae33c11286bbb248a722d21b9f00d8a7ced8137c642517055418, vars: {}, profile: , target: , version: 1.9.1
[0m23:12:48.543216 [debug] [MainThread]: Partial parsing enabled: 0 files deleted, 0 files added, 0 files changed.
[0m23:12:48.543441 [debug] [MainThread]: Partial parsing enabled, no changes found, skipping parsing
[0m23:12:48.566717 [debug] [MainThread]: Sending event: {'category': 'dbt', 'action': 'load_project', 'label': '64d13220-1d3f-45a6-b101-1d8610abd0a3', 'context': [<snowplow_tracker.self_describing_json.SelfDescribingJson object at 0xffff99784130>]}
[0m23:12:48.574375 [debug] [MainThread]: Sending event: {'category': 'dbt', 'action': 'resource_counts', 'label': '64d13220-1d3f-45a6-b101-1d8610abd0a3', 'context': [<snowplow_tracker.self_describing_json.SelfDescribingJson object at 0xffff99735ae0>]}
[0m23:12:48.574630 [info ] [MainThread]: Found 6 models, 17 data tests, 1 source, 434 macros
[0m23:12:48.574852 [debug] [MainThread]: Sending event: {'category': 'dbt', 'action': 'runnable_timing', 'label': '64d13220-1d3f-45a6-b101-1d8610abd0a3', 'context': [<snowplow_tracker.self_describing_json.SelfDescribingJson object at 0xffff99735a20>]}
[0m23:12:48.575988 [info ] [MainThread]: 
[0m23:12:48.576196 [info ] [MainThread]: Concurrency: 4 threads (target='local')
[0m23:12:48.576388 [info ] [MainThread]: 
[0m23:12:48.576680 [debug] [MainThread]: Acquiring new postgres connection 'master'
[0m23:12:48.578770 [debug] [ThreadPool]: Acquiring new postgres connection 'list_data_processing_public_staging'
[0m23:12:48.579043 [debug] [ThreadPool]: Acquiring new postgres connection 'list_data_processing_public_analytics'
[0m23:12:48.596731 [debug] [ThreadPool]: Using postgres connection "list_data_processing_public_staging"
[0m23:12:48.596927 [debug] [ThreadPool]: Using postgres connection "list_data_processing_public_analytics"
[0m23:12:48.597112 [debug] [ThreadPool]: On list_data_processing_public_staging: BEGIN
[0m23:12:48.597321 [debug] [ThreadPool]: On list_data_processing_public_analytics: BEGIN
[0m23:12:48.597478 [debug] [ThreadPool]: Opening a new connection, currently in state init
[0m23:12:48.597664 [debug] [ThreadPool]: Opening a new connection, currently in state init
[0m23:12:48.603268 [debug] [ThreadPool]: SQL status: BEGIN in 0.006 seconds
[0m23:12:48.603470 [debug] [ThreadPool]: SQL status: BEGIN in 0.006 seconds
[0m23:12:48.603676 [debug] [ThreadPool]: Using postgres connection "list_data_processing_public_analytics"
[0m23:12:48.603853 [debug] [ThreadPool]: Using postgres connection "list_data_processing_public_staging"
[0m23:12:48.604060 [debug] [ThreadPool]: On list_data_processing_public_analytics: /* {"app": "dbt", "dbt_version": "1.9.1", "profile_name": "data_processing", "target_name": "local", "connection_name": "list_data_processing_public_analytics"} */
select
      'data_processing' as database,
      tablename as name,
      schemaname as schema,
      'table' as type
    from pg_tables
    where schemaname ilike 'public_analytics'
    union all
    select
      'data_processing' as database,
      viewname as name,
      schemaname as schema,
      'view' as type
    from pg_views
    where schemaname ilike 'public_analytics'
    union all
    select
      'data_processing' as database,
      matviewname as name,
      schemaname as schema,
      'materialized_view' as type
    from pg_matviews
    where schemaname ilike 'public_analytics'
  
[0m23:12:48.604255 [debug] [ThreadPool]: On list_data_processing_public_staging: /* {"app": "dbt", "dbt_version": "1.9.1", "profile_name": "data_processing", "target_name": "local", "connection_name": "list_data_processing_public_staging"} */
select
      'data_processing' as database,
      tablename as name,
      schemaname as schema,
      'table' as type
    from pg_tables
    where schemaname ilike 'public_staging'
    union all
    select
      'data_processing' as database,
      viewname as name,
      schemaname as schema,
      'view' as type
    from pg_views
    where schemaname ilike 'public_staging'
    union all
    select
      'data_processing' as database,
      matviewname as name,
      schemaname as schema,
      'materialized_view' as type
    from pg_matviews
    where schemaname ilike 'public_staging'
  
[0m23:12:48.605474 [debug] [ThreadPool]: SQL status: SELECT 1 in 0.001 seconds
[0m23:12:48.605604 [debug] [ThreadPool]: SQL status: SELECT 5 in 0.001 seconds
[0m23:12:48.606184 [debug] [ThreadPool]: On list_data_processing_public_staging: ROLLBACK
[0m23:12:48.606748 [debug] [ThreadPool]: On list_data_processing_public_analytics: ROLLBACK
[0m23:12:48.606959 [debug] [ThreadPool]: On list_data_processing_public_staging: Close
[0m23:12:48.607111 [debug] [ThreadPool]: On list_data_processing_public_analytics: Close
[0m23:12:48.609931 [debug] [MainThread]: Using postgres connection "master"
[0m23:12:48.610119 [debug] [MainThread]: On master: BEGIN
[0m23:12:48.610269 [debug] [MainThread]: Opening a new connection, currently in state init
[0m23:12:48.613408 [debug] [MainThread]: SQL status: BEGIN in 0.003 seconds
[0m23:12:48.613559 [debug] [MainThread]: Using postgres connection "master"
[0m23:12:48.613767 [debug] [MainThread]: On master: /* {"app": "dbt", "dbt_version": "1.9.1", "profile_name": "data_processing", "target_name": "local", "connection_name": "master"} */
select distinct
        dependent_namespace.nspname as dependent_schema,
        dependent_class.relname as dependent_name,
        referenced_namespace.nspname as referenced_schema,
        referenced_class.relname as referenced_name

    -- Query for views: views are entries in pg_class with an entry in pg_rewrite, but we avoid
    -- a seq scan on pg_rewrite by leveraging the fact there is an "internal" row in pg_depend for
    -- the view...
    from pg_class as dependent_class
    join pg_namespace as dependent_namespace on dependent_namespace.oid = dependent_class.relnamespace
    join pg_depend as dependent_depend on dependent_depend.refobjid = dependent_class.oid
        and dependent_depend.classid = 'pg_rewrite'::regclass
        and dependent_depend.refclassid = 'pg_class'::regclass
        and dependent_depend.deptype = 'i'

    -- ... and via pg_depend (that has a row per column, hence the need for "distinct" above, and
    -- making sure to exclude the internal row to avoid a view appearing to depend on itself)...
    join pg_depend as joining_depend on joining_depend.objid = dependent_depend.objid
        and joining_depend.classid = 'pg_rewrite'::regclass
        and joining_depend.refclassid = 'pg_class'::regclass
        and joining_depend.refobjid != dependent_depend.refobjid

    -- ... we can find the tables they query from in pg_class, but excluding system tables. Note we
    -- don't need need to exclude _dependent_ system tables, because they only query from other
    -- system tables, and so are automatically excluded by excluding _referenced_ system tables
    join pg_class as referenced_class on referenced_class.oid = joining_depend.refobjid
    join pg_namespace as referenced_namespace on referenced_namespace.oid = referenced_class.relnamespace
        and referenced_namespace.nspname != 'information_schema'
        and referenced_namespace.nspname not like 'pg\_%'

    order by
        dependent_schema, dependent_name, referenced_schema, referenced_name;
[0m23:12:48.615000 [debug] [MainThread]: SQL status: SELECT 1 in 0.001 seconds
[0m23:12:48.615461 [debug] [MainThread]: Sending event: {'category': 'dbt', 'action': 'runnable_timing', 'label': '64d13220-1d3f-45a6-b101-1d8610abd0a3', 'context': [<snowplow_tracker.self_describing_json.SelfDescribingJson object at 0xffff99762e60>]}
[0m23:12:48.615671 [debug] [MainThread]: On master: ROLLBACK
[0m23:12:48.615889 [debug] [MainThread]: On master: Close
[0m23:12:48.619643 [debug] [Thread-1 (]: Began running node model.data_processing_analytics.stg_impressions
[0m23:12:48.619809 [debug] [Thread-2 (]: Began running node test.data_processing_analytics.source_accepted_values_raw_impressions_event_type__a__b__c__d__e__f.0048e71c39
[0m23:12:48.619953 [debug] [Thread-3 (]: Began running node test.data_processing_analytics.source_accepted_values_raw_impressions_page_type__1__2__3.10e87cab6d
[0m23:12:48.620133 [debug] [Thread-4 (]: Began running node test.data_processing_analytics.source_not_null_raw_impressions_date.f99b4db4ba
[0m23:12:48.620292 [debug] [Thread-1 (]: Re-using an available connection from the pool (formerly list_data_processing_public_staging, now model.data_processing_analytics.stg_impressions)
[0m23:12:48.620535 [debug] [Thread-2 (]: Re-using an available connection from the pool (formerly list_data_processing_public_analytics, now test.data_processing_analytics.source_accepted_values_raw_impressions_event_type__a__b__c__d__e__f.0048e71c39)
[0m23:12:48.620810 [debug] [Thread-3 (]: Acquiring new postgres connection 'test.data_processing_analytics.source_accepted_values_raw_impressions_page_type__1__2__3.10e87cab6d'
[0m23:12:48.621063 [debug] [Thread-4 (]: Acquiring new postgres connection 'test.data_processing_analytics.source_not_null_raw_impressions_date.f99b4db4ba'
[0m23:12:48.621246 [debug] [Thread-1 (]: Began compiling node model.data_processing_analytics.stg_impressions
[0m23:12:48.621453 [debug] [Thread-2 (]: Began compiling node test.data_processing_analytics.source_accepted_values_raw_impressions_event_type__a__b__c__d__e__f.0048e71c39
[0m23:12:48.621671 [debug] [Thread-3 (]: Began compiling node test.data_processing_analytics.source_accepted_values_raw_impressions_page_type__1__2__3.10e87cab6d
[0m23:12:48.621864 [debug] [Thread-4 (]: Began compiling node test.data_processing_analytics.source_not_null_raw_impressions_date.f99b4db4ba
[0m23:12:48.625440 [debug] [Thread-1 (]: Writing injected SQL for node "model.data_processing_analytics.stg_impressions"
[0m23:12:48.631826 [debug] [Thread-2 (]: Writing injected SQL for node "test.data_processing_analytics.source_accepted_values_raw_impressions_event_type__a__b__c__d__e__f.0048e71c39"
[0m23:12:48.655158 [debug] [Thread-3 (]: Writing injected SQL for node "test.data_processing_analytics.source_accepted_values_raw_impressions_page_type__1__2__3.10e87cab6d"
[0m23:12:48.659036 [debug] [Thread-4 (]: Writing injected SQL for node "test.data_processing_analytics.source_not_null_raw_impressions_date.f99b4db4ba"
[0m23:12:48.660232 [debug] [Thread-1 (]: Began executing node model.data_processing_analytics.stg_impressions
[0m23:12:48.660423 [debug] [Thread-2 (]: Began executing node test.data_processing_analytics.source_accepted_values_raw_impressions_event_type__a__b__c__d__e__f.0048e71c39
[0m23:12:48.660703 [debug] [Thread-3 (]: Began executing node test.data_processing_analytics.source_accepted_values_raw_impressions_page_type__1__2__3.10e87cab6d
[0m23:12:48.660993 [debug] [Thread-1 (]: Finished running node model.data_processing_analytics.stg_impressions
[0m23:12:48.661187 [debug] [Thread-4 (]: Began executing node test.data_processing_analytics.source_not_null_raw_impressions_date.f99b4db4ba
[0m23:12:48.662438 [debug] [Thread-4 (]: Finished running node test.data_processing_analytics.source_not_null_raw_impressions_date.f99b4db4ba
[0m23:12:48.661835 [debug] [Thread-3 (]: Finished running node test.data_processing_analytics.source_accepted_values_raw_impressions_page_type__1__2__3.10e87cab6d
[0m23:12:48.662042 [debug] [Thread-1 (]: Began running node test.data_processing_analytics.source_not_null_raw_impressions_event_type.af77bebbbd
[0m23:12:48.661489 [debug] [Thread-2 (]: Finished running node test.data_processing_analytics.source_accepted_values_raw_impressions_event_type__a__b__c__d__e__f.0048e71c39
[0m23:12:48.663256 [debug] [Thread-2 (]: Began running node test.data_processing_analytics.source_not_null_raw_impressions_page_type.c42d24e3ac
[0m23:12:48.663451 [debug] [Thread-2 (]: Re-using an available connection from the pool (formerly test.data_processing_analytics.source_accepted_values_raw_impressions_event_type__a__b__c__d__e__f.0048e71c39, now test.data_processing_analytics.source_not_null_raw_impressions_page_type.c42d24e3ac)
[0m23:12:48.663060 [debug] [Thread-1 (]: Re-using an available connection from the pool (formerly model.data_processing_analytics.stg_impressions, now test.data_processing_analytics.source_not_null_raw_impressions_event_type.af77bebbbd)
[0m23:12:48.662620 [debug] [Thread-4 (]: Began running node test.data_processing_analytics.source_not_null_raw_impressions_hour.0d8b85a8de
[0m23:12:48.662828 [debug] [Thread-3 (]: Began running node test.data_processing_analytics.source_not_null_raw_impressions_impression_id.90e58090a3
[0m23:12:48.663627 [debug] [Thread-2 (]: Began compiling node test.data_processing_analytics.source_not_null_raw_impressions_page_type.c42d24e3ac
[0m23:12:48.663814 [debug] [Thread-1 (]: Began compiling node test.data_processing_analytics.source_not_null_raw_impressions_event_type.af77bebbbd
[0m23:12:48.663998 [debug] [Thread-4 (]: Re-using an available connection from the pool (formerly test.data_processing_analytics.source_not_null_raw_impressions_date.f99b4db4ba, now test.data_processing_analytics.source_not_null_raw_impressions_hour.0d8b85a8de)
[0m23:12:48.664200 [debug] [Thread-3 (]: Re-using an available connection from the pool (formerly test.data_processing_analytics.source_accepted_values_raw_impressions_page_type__1__2__3.10e87cab6d, now test.data_processing_analytics.source_not_null_raw_impressions_impression_id.90e58090a3)
[0m23:12:48.665940 [debug] [Thread-2 (]: Writing injected SQL for node "test.data_processing_analytics.source_not_null_raw_impressions_page_type.c42d24e3ac"
[0m23:12:48.667648 [debug] [Thread-1 (]: Writing injected SQL for node "test.data_processing_analytics.source_not_null_raw_impressions_event_type.af77bebbbd"
[0m23:12:48.667856 [debug] [Thread-4 (]: Began compiling node test.data_processing_analytics.source_not_null_raw_impressions_hour.0d8b85a8de
[0m23:12:48.668052 [debug] [Thread-3 (]: Began compiling node test.data_processing_analytics.source_not_null_raw_impressions_impression_id.90e58090a3
[0m23:12:48.670024 [debug] [Thread-4 (]: Writing injected SQL for node "test.data_processing_analytics.source_not_null_raw_impressions_hour.0d8b85a8de"
[0m23:12:48.670295 [debug] [Thread-2 (]: Began executing node test.data_processing_analytics.source_not_null_raw_impressions_page_type.c42d24e3ac
[0m23:12:48.671909 [debug] [Thread-3 (]: Writing injected SQL for node "test.data_processing_analytics.source_not_null_raw_impressions_impression_id.90e58090a3"
[0m23:12:48.672253 [debug] [Thread-1 (]: Began executing node test.data_processing_analytics.source_not_null_raw_impressions_event_type.af77bebbbd
[0m23:12:48.672834 [debug] [Thread-2 (]: Finished running node test.data_processing_analytics.source_not_null_raw_impressions_page_type.c42d24e3ac
[0m23:12:48.673073 [debug] [Thread-4 (]: Began executing node test.data_processing_analytics.source_not_null_raw_impressions_hour.0d8b85a8de
[0m23:12:48.674276 [debug] [Thread-4 (]: Finished running node test.data_processing_analytics.source_not_null_raw_impressions_hour.0d8b85a8de
[0m23:12:48.673704 [debug] [Thread-2 (]: Began running node test.data_processing_analytics.source_not_null_raw_impressions_user_id.bf76fbf5eb
[0m23:12:48.673918 [debug] [Thread-3 (]: Began executing node test.data_processing_analytics.source_not_null_raw_impressions_impression_id.90e58090a3
[0m23:12:48.673477 [debug] [Thread-1 (]: Finished running node test.data_processing_analytics.source_not_null_raw_impressions_event_type.af77bebbbd
[0m23:12:48.674462 [debug] [Thread-4 (]: Began running node model.data_processing_analytics.funnel_analysis
[0m23:12:48.675404 [debug] [Thread-4 (]: Re-using an available connection from the pool (formerly test.data_processing_analytics.source_not_null_raw_impressions_hour.0d8b85a8de, now model.data_processing_analytics.funnel_analysis)
[0m23:12:48.674997 [debug] [Thread-3 (]: Finished running node test.data_processing_analytics.source_not_null_raw_impressions_impression_id.90e58090a3
[0m23:12:48.675203 [debug] [Thread-1 (]: Began running node model.data_processing_analytics.int_impressions_aggregated
[0m23:12:48.674684 [debug] [Thread-2 (]: Re-using an available connection from the pool (formerly test.data_processing_analytics.source_not_null_raw_impressions_page_type.c42d24e3ac, now test.data_processing_analytics.source_not_null_raw_impressions_user_id.bf76fbf5eb)
[0m23:12:48.676152 [debug] [Thread-2 (]: Began compiling node test.data_processing_analytics.source_not_null_raw_impressions_user_id.bf76fbf5eb
[0m23:12:48.675752 [debug] [Thread-3 (]: Began running node test.data_processing_analytics.not_null_stg_impressions_impression_id.f19dc666d8
[0m23:12:48.675978 [debug] [Thread-1 (]: Re-using an available connection from the pool (formerly test.data_processing_analytics.source_not_null_raw_impressions_event_type.af77bebbbd, now model.data_processing_analytics.int_impressions_aggregated)
[0m23:12:48.675560 [debug] [Thread-4 (]: Began compiling node model.data_processing_analytics.funnel_analysis
[0m23:12:48.678462 [debug] [Thread-2 (]: Writing injected SQL for node "test.data_processing_analytics.source_not_null_raw_impressions_user_id.bf76fbf5eb"
[0m23:12:48.678681 [debug] [Thread-3 (]: Re-using an available connection from the pool (formerly test.data_processing_analytics.source_not_null_raw_impressions_impression_id.90e58090a3, now test.data_processing_analytics.not_null_stg_impressions_impression_id.f19dc666d8)
[0m23:12:48.678881 [debug] [Thread-1 (]: Began compiling node model.data_processing_analytics.int_impressions_aggregated
[0m23:12:48.680070 [debug] [Thread-4 (]: Writing injected SQL for node "model.data_processing_analytics.funnel_analysis"
[0m23:12:48.680371 [debug] [Thread-3 (]: Began compiling node test.data_processing_analytics.not_null_stg_impressions_impression_id.f19dc666d8
[0m23:12:48.680555 [debug] [Thread-2 (]: Began executing node test.data_processing_analytics.source_not_null_raw_impressions_user_id.bf76fbf5eb
[0m23:12:48.681694 [debug] [Thread-1 (]: Writing injected SQL for node "model.data_processing_analytics.int_impressions_aggregated"
[0m23:12:48.683331 [debug] [Thread-3 (]: Writing injected SQL for node "test.data_processing_analytics.not_null_stg_impressions_impression_id.f19dc666d8"
[0m23:12:48.683769 [debug] [Thread-2 (]: Finished running node test.data_processing_analytics.source_not_null_raw_impressions_user_id.bf76fbf5eb
[0m23:12:48.683980 [debug] [Thread-4 (]: Began executing node model.data_processing_analytics.funnel_analysis
[0m23:12:48.684500 [debug] [Thread-2 (]: Began running node test.data_processing_analytics.not_null_stg_impressions_user_id.1e82def6e9
[0m23:12:48.684789 [debug] [Thread-3 (]: Began executing node test.data_processing_analytics.not_null_stg_impressions_impression_id.f19dc666d8
[0m23:12:48.685056 [debug] [Thread-4 (]: Finished running node model.data_processing_analytics.funnel_analysis
[0m23:12:48.685180 [debug] [Thread-1 (]: Began executing node model.data_processing_analytics.int_impressions_aggregated
[0m23:12:48.685402 [debug] [Thread-2 (]: Re-using an available connection from the pool (formerly test.data_processing_analytics.source_not_null_raw_impressions_user_id.bf76fbf5eb, now test.data_processing_analytics.not_null_stg_impressions_user_id.1e82def6e9)
[0m23:12:48.685776 [debug] [Thread-3 (]: Finished running node test.data_processing_analytics.not_null_stg_impressions_impression_id.f19dc666d8
[0m23:12:48.686124 [debug] [Thread-4 (]: Began running node test.data_processing_analytics.not_null_funnel_analysis_event_type.3c35ba5f6e
[0m23:12:48.686387 [debug] [Thread-1 (]: Finished running node model.data_processing_analytics.int_impressions_aggregated
[0m23:12:48.686573 [debug] [Thread-2 (]: Began compiling node test.data_processing_analytics.not_null_stg_impressions_user_id.1e82def6e9
[0m23:12:48.686758 [debug] [Thread-3 (]: Began running node test.data_processing_analytics.not_null_funnel_analysis_page_type.cc723b2075
[0m23:12:48.686965 [debug] [Thread-4 (]: Re-using an available connection from the pool (formerly model.data_processing_analytics.funnel_analysis, now test.data_processing_analytics.not_null_funnel_analysis_event_type.3c35ba5f6e)
[0m23:12:48.687270 [debug] [Thread-1 (]: Began running node model.data_processing_analytics.hourly_traffic
[0m23:12:48.689408 [debug] [Thread-1 (]: Re-using an available connection from the pool (formerly model.data_processing_analytics.int_impressions_aggregated, now model.data_processing_analytics.hourly_traffic)
[0m23:12:48.689028 [debug] [Thread-3 (]: Re-using an available connection from the pool (formerly test.data_processing_analytics.not_null_stg_impressions_impression_id.f19dc666d8, now test.data_processing_analytics.not_null_funnel_analysis_page_type.cc723b2075)
[0m23:12:48.689225 [debug] [Thread-4 (]: Began compiling node test.data_processing_analytics.not_null_funnel_analysis_event_type.3c35ba5f6e
[0m23:12:48.688823 [debug] [Thread-2 (]: Writing injected SQL for node "test.data_processing_analytics.not_null_stg_impressions_user_id.1e82def6e9"
[0m23:12:48.689570 [debug] [Thread-1 (]: Began compiling node model.data_processing_analytics.hourly_traffic
[0m23:12:48.689737 [debug] [Thread-3 (]: Began compiling node test.data_processing_analytics.not_null_funnel_analysis_page_type.cc723b2075
[0m23:12:48.691297 [debug] [Thread-4 (]: Writing injected SQL for node "test.data_processing_analytics.not_null_funnel_analysis_event_type.3c35ba5f6e"
[0m23:12:48.692608 [debug] [Thread-1 (]: Writing injected SQL for node "model.data_processing_analytics.hourly_traffic"
[0m23:12:48.692831 [debug] [Thread-2 (]: Began executing node test.data_processing_analytics.not_null_stg_impressions_user_id.1e82def6e9
[0m23:12:48.694325 [debug] [Thread-3 (]: Writing injected SQL for node "test.data_processing_analytics.not_null_funnel_analysis_page_type.cc723b2075"
[0m23:12:48.695007 [debug] [Thread-2 (]: Finished running node test.data_processing_analytics.not_null_stg_impressions_user_id.1e82def6e9
[0m23:12:48.695250 [debug] [Thread-4 (]: Began executing node test.data_processing_analytics.not_null_funnel_analysis_event_type.3c35ba5f6e
[0m23:12:48.695523 [debug] [Thread-1 (]: Began executing node model.data_processing_analytics.hourly_traffic
[0m23:12:48.695838 [debug] [Thread-2 (]: Began running node model.data_processing_analytics.page_type_summary
[0m23:12:48.696056 [debug] [Thread-3 (]: Began executing node test.data_processing_analytics.not_null_funnel_analysis_page_type.cc723b2075
[0m23:12:48.696304 [debug] [Thread-4 (]: Finished running node test.data_processing_analytics.not_null_funnel_analysis_event_type.3c35ba5f6e
[0m23:12:48.698060 [debug] [Thread-4 (]: Began running node model.data_processing_analytics.user_engagement
[0m23:12:48.697594 [debug] [Thread-2 (]: Re-using an available connection from the pool (formerly test.data_processing_analytics.not_null_stg_impressions_user_id.1e82def6e9, now model.data_processing_analytics.page_type_summary)
[0m23:12:48.697895 [debug] [Thread-3 (]: Finished running node test.data_processing_analytics.not_null_funnel_analysis_page_type.cc723b2075
[0m23:12:48.697375 [debug] [Thread-1 (]: Finished running node model.data_processing_analytics.hourly_traffic
[0m23:12:48.698237 [debug] [Thread-4 (]: Re-using an available connection from the pool (formerly test.data_processing_analytics.not_null_funnel_analysis_event_type.3c35ba5f6e, now model.data_processing_analytics.user_engagement)
[0m23:12:48.698927 [debug] [Thread-4 (]: Began compiling node model.data_processing_analytics.user_engagement
[0m23:12:48.698773 [debug] [Thread-3 (]: Began running node test.data_processing_analytics.not_null_hourly_traffic_event_date.bf9938d75e
[0m23:12:48.698417 [debug] [Thread-2 (]: Began compiling node model.data_processing_analytics.page_type_summary
[0m23:12:48.700084 [debug] [Thread-4 (]: Writing injected SQL for node "model.data_processing_analytics.user_engagement"
[0m23:12:48.700307 [debug] [Thread-3 (]: Re-using an available connection from the pool (formerly test.data_processing_analytics.not_null_funnel_analysis_page_type.cc723b2075, now test.data_processing_analytics.not_null_hourly_traffic_event_date.bf9938d75e)
[0m23:12:48.701502 [debug] [Thread-2 (]: Writing injected SQL for node "model.data_processing_analytics.page_type_summary"
[0m23:12:48.701794 [debug] [Thread-3 (]: Began compiling node test.data_processing_analytics.not_null_hourly_traffic_event_date.bf9938d75e
[0m23:12:48.702023 [debug] [Thread-4 (]: Began executing node model.data_processing_analytics.user_engagement
[0m23:12:48.703987 [debug] [Thread-4 (]: Finished running node model.data_processing_analytics.user_engagement
[0m23:12:48.703757 [debug] [Thread-2 (]: Began executing node model.data_processing_analytics.page_type_summary
[0m23:12:48.703546 [debug] [Thread-3 (]: Writing injected SQL for node "test.data_processing_analytics.not_null_hourly_traffic_event_date.bf9938d75e"
[0m23:12:48.704277 [debug] [Thread-1 (]: Began running node test.data_processing_analytics.not_null_user_engagement_user_id.9946ab275f
[0m23:12:48.705067 [debug] [Thread-1 (]: Re-using an available connection from the pool (formerly model.data_processing_analytics.hourly_traffic, now test.data_processing_analytics.not_null_user_engagement_user_id.9946ab275f)
[0m23:12:48.704715 [debug] [Thread-2 (]: Finished running node model.data_processing_analytics.page_type_summary
[0m23:12:48.704414 [debug] [Thread-4 (]: Began running node test.data_processing_analytics.unique_user_engagement_user_id.3479fa49b6
[0m23:12:48.705247 [debug] [Thread-1 (]: Began compiling node test.data_processing_analytics.not_null_user_engagement_user_id.9946ab275f
[0m23:12:48.705416 [debug] [Thread-3 (]: Began executing node test.data_processing_analytics.not_null_hourly_traffic_event_date.bf9938d75e
[0m23:12:48.707841 [debug] [Thread-3 (]: Finished running node test.data_processing_analytics.not_null_hourly_traffic_event_date.bf9938d75e
[0m23:12:48.705858 [debug] [Thread-4 (]: Re-using an available connection from the pool (formerly model.data_processing_analytics.user_engagement, now test.data_processing_analytics.unique_user_engagement_user_id.3479fa49b6)
[0m23:12:48.707498 [debug] [Thread-1 (]: Writing injected SQL for node "test.data_processing_analytics.not_null_user_engagement_user_id.9946ab275f"
[0m23:12:48.705709 [debug] [Thread-2 (]: Began running node test.data_processing_analytics.not_null_page_type_summary_page_type.ba086379d4
[0m23:12:48.708019 [debug] [Thread-3 (]: Began running node test.data_processing_analytics.unique_page_type_summary_page_type.32ffefcb6b
[0m23:12:48.708737 [debug] [Thread-3 (]: Re-using an available connection from the pool (formerly test.data_processing_analytics.not_null_hourly_traffic_event_date.bf9938d75e, now test.data_processing_analytics.unique_page_type_summary_page_type.32ffefcb6b)
[0m23:12:48.708531 [debug] [Thread-2 (]: Re-using an available connection from the pool (formerly model.data_processing_analytics.page_type_summary, now test.data_processing_analytics.not_null_page_type_summary_page_type.ba086379d4)
[0m23:12:48.708215 [debug] [Thread-4 (]: Began compiling node test.data_processing_analytics.unique_user_engagement_user_id.3479fa49b6
[0m23:12:48.708897 [debug] [Thread-3 (]: Began compiling node test.data_processing_analytics.unique_page_type_summary_page_type.32ffefcb6b
[0m23:12:48.709030 [debug] [Thread-1 (]: Began executing node test.data_processing_analytics.not_null_user_engagement_user_id.9946ab275f
[0m23:12:48.709226 [debug] [Thread-2 (]: Began compiling node test.data_processing_analytics.not_null_page_type_summary_page_type.ba086379d4
[0m23:12:48.711727 [debug] [Thread-4 (]: Writing injected SQL for node "test.data_processing_analytics.unique_user_engagement_user_id.3479fa49b6"
[0m23:12:48.713334 [debug] [Thread-3 (]: Writing injected SQL for node "test.data_processing_analytics.unique_page_type_summary_page_type.32ffefcb6b"
[0m23:12:48.713658 [debug] [Thread-1 (]: Finished running node test.data_processing_analytics.not_null_user_engagement_user_id.9946ab275f
[0m23:12:48.715820 [debug] [Thread-2 (]: Writing injected SQL for node "test.data_processing_analytics.not_null_page_type_summary_page_type.ba086379d4"
[0m23:12:48.716348 [debug] [Thread-4 (]: Began executing node test.data_processing_analytics.unique_user_engagement_user_id.3479fa49b6
[0m23:12:48.716594 [debug] [Thread-3 (]: Began executing node test.data_processing_analytics.unique_page_type_summary_page_type.32ffefcb6b
[0m23:12:48.716924 [debug] [Thread-4 (]: Finished running node test.data_processing_analytics.unique_user_engagement_user_id.3479fa49b6
[0m23:12:48.717241 [debug] [Thread-3 (]: Finished running node test.data_processing_analytics.unique_page_type_summary_page_type.32ffefcb6b
[0m23:12:48.717362 [debug] [Thread-2 (]: Began executing node test.data_processing_analytics.not_null_page_type_summary_page_type.ba086379d4
[0m23:12:48.717845 [debug] [Thread-2 (]: Finished running node test.data_processing_analytics.not_null_page_type_summary_page_type.ba086379d4
[0m23:12:48.718349 [debug] [MainThread]: Connection 'master' was properly closed.
[0m23:12:48.718507 [debug] [MainThread]: Connection 'test.data_processing_analytics.not_null_user_engagement_user_id.9946ab275f' was properly closed.
[0m23:12:48.718662 [debug] [MainThread]: Connection 'test.data_processing_analytics.not_null_page_type_summary_page_type.ba086379d4' was properly closed.
[0m23:12:48.718786 [debug] [MainThread]: Connection 'test.data_processing_analytics.unique_page_type_summary_page_type.32ffefcb6b' was properly closed.
[0m23:12:48.718905 [debug] [MainThread]: Connection 'test.data_processing_analytics.unique_user_engagement_user_id.3479fa49b6' was properly closed.
[0m23:12:48.720129 [debug] [MainThread]: Command end result
[0m23:12:48.765695 [debug] [MainThread]: Wrote artifact WritableManifest to /dbt/target/manifest.json
[0m23:12:48.779948 [debug] [MainThread]: Wrote artifact SemanticManifest to /dbt/target/semantic_manifest.json
[0m23:12:48.783661 [debug] [MainThread]: Wrote artifact RunExecutionResult to /dbt/target/run_results.json
[0m23:12:48.785291 [debug] [MainThread]: Acquiring new postgres connection 'generate_catalog'
[0m23:12:48.785452 [info ] [MainThread]: Building catalog
[0m23:12:48.790105 [debug] [ThreadPool]: Acquiring new postgres connection 'data_processing.information_schema'
[0m23:12:48.793666 [debug] [ThreadPool]: Using postgres connection "data_processing.information_schema"
[0m23:12:48.793841 [debug] [ThreadPool]: On data_processing.information_schema: BEGIN
[0m23:12:48.793970 [debug] [ThreadPool]: Opening a new connection, currently in state init
[0m23:12:48.797233 [debug] [ThreadPool]: SQL status: BEGIN in 0.003 seconds
[0m23:12:48.797374 [debug] [ThreadPool]: Using postgres connection "data_processing.information_schema"
[0m23:12:48.797572 [debug] [ThreadPool]: On data_processing.information_schema: /* {"app": "dbt", "dbt_version": "1.9.1", "profile_name": "data_processing", "target_name": "local", "connection_name": "data_processing.information_schema"} */

    
    

    select
        'data_processing' as table_database,
        sch.nspname as table_schema,
        tbl.relname as table_name,
        case tbl.relkind
            when 'v' then 'VIEW'
            when 'm' then 'MATERIALIZED VIEW'
            else 'BASE TABLE'
        end as table_type,
        tbl_desc.description as table_comment,
        col.attname as column_name,
        col.attnum as column_index,
        pg_catalog.format_type(col.atttypid, col.atttypmod) as column_type,
        col_desc.description as column_comment,
        pg_get_userbyid(tbl.relowner) as table_owner

    from pg_catalog.pg_namespace sch
    join pg_catalog.pg_class tbl on tbl.relnamespace = sch.oid
    join pg_catalog.pg_attribute col on col.attrelid = tbl.oid
    left outer join pg_catalog.pg_description tbl_desc on (tbl_desc.objoid = tbl.oid and tbl_desc.objsubid = 0)
    left outer join pg_catalog.pg_description col_desc on (col_desc.objoid = tbl.oid and col_desc.objsubid = col.attnum)
    where ((upper(sch.nspname) = upper('public_analytics') and
           upper(tbl.relname) = upper('int_impressions_aggregated')) or (upper(sch.nspname) = upper('public_analytics') and
           upper(tbl.relname) = upper('hourly_traffic')) or (upper(sch.nspname) = upper('raw') and
           upper(tbl.relname) = upper('impressions')) or (upper(sch.nspname) = upper('public_analytics') and
           upper(tbl.relname) = upper('user_engagement')) or (upper(sch.nspname) = upper('public_staging') and
           upper(tbl.relname) = upper('stg_impressions')) or (upper(sch.nspname) = upper('public_analytics') and
           upper(tbl.relname) = upper('funnel_analysis')) or (upper(sch.nspname) = upper('public_analytics') and
           upper(tbl.relname) = upper('page_type_summary')))
      and not pg_is_other_temp_schema(sch.oid) -- not a temporary schema belonging to another session
      and tbl.relpersistence in ('p', 'u') -- [p]ermanent table or [u]nlogged table. Exclude [t]emporary tables
      and tbl.relkind in ('r', 'v', 'f', 'p', 'm') -- o[r]dinary table, [v]iew, [f]oreign table, [p]artitioned table, [m]aterialized view. Other values are [i]ndex, [S]equence, [c]omposite type, [t]OAST table
      and col.attnum > 0 -- negative numbers are used for system columns such as oid
      and not col.attisdropped -- column as not been dropped

    order by
        sch.nspname,
        tbl.relname,
        col.attnum
[0m23:12:48.799278 [debug] [ThreadPool]: SQL status: SELECT 65 in 0.001 seconds
[0m23:12:48.801121 [debug] [ThreadPool]: On data_processing.information_schema: ROLLBACK
[0m23:12:48.801327 [debug] [ThreadPool]: On data_processing.information_schema: Close
[0m23:12:48.807984 [debug] [MainThread]: Wrote artifact CatalogArtifact to /dbt/target/catalog.json
[0m23:12:48.821066 [debug] [MainThread]: Wrote artifact WritableManifest to /dbt/target/manifest.json
[0m23:12:48.821894 [debug] [MainThread]: Wrote artifact SemanticManifest to /dbt/target/semantic_manifest.json
[0m23:12:48.822044 [info ] [MainThread]: Catalog written to /dbt/target/catalog.json
[0m23:12:48.822551 [debug] [MainThread]: Resource report: {"command_name": "generate", "command_success": true, "command_wall_clock_time": 0.4813569, "process_in_blocks": "0", "process_kernel_time": 0.042084, "process_mem_max_rss": "123160", "process_out_blocks": "5804", "process_user_time": 0.933881}
[0m23:12:48.822802 [debug] [MainThread]: Command `dbt docs generate` succeeded at 23:12:48.822760 after 0.48 seconds
[0m23:12:48.822976 [debug] [MainThread]: Connection 'generate_catalog' was properly closed.
[0m23:12:48.823132 [debug] [MainThread]: Connection 'data_processing.information_schema' was properly closed.
[0m23:12:48.823285 [debug] [MainThread]: Sending event: {'category': 'dbt', 'action': 'invocation', 'label': 'end', 'context': [<snowplow_tracker.self_describing_json.SelfDescribingJson object at 0xffff9b9a3190>, <snowplow_tracker.self_describing_json.SelfDescribingJson object at 0xffff98344850>, <snowplow_tracker.self_describing_json.SelfDescribingJson object at 0xffff9b7bc7f0>]}
[0m23:12:48.823459 [debug] [MainThread]: Flushing usage events
[0m23:12:48.988652 [debug] [MainThread]: An error was encountered while trying to flush usage events
[0m23:12:49.659240 [debug] [MainThread]: Sending event: {'category': 'dbt', 'action': 'invocation', 'label': 'start', 'context': [<snowplow_tracker.self_describing_json.SelfDescribingJson object at 0xffff9ccfb100>, <snowplow_tracker.self_describing_json.SelfDescribingJson object at 0xffff9be87a30>, <snowplow_tracker.self_describing_json.SelfDescribingJson object at 0xffff9be85d80>]}


============================== 23:12:49.660777 | 9e21f80e-3fd2-44f4-a23f-ebf594f01c25 ==============================
[0m23:12:49.660777 [info ] [MainThread]: Running with dbt=1.9.1
[0m23:12:49.661112 [debug] [MainThread]: running dbt with arguments {'printer_width': '80', 'indirect_selection': 'eager', 'log_cache_events': 'False', 'write_json': 'True', 'partial_parse': 'True', 'cache_selected_only': 'False', 'profiles_dir': '/dbt', 'debug': 'False', 'warn_error': 'None', 'log_path': '/dbt/logs', 'fail_fast': 'False', 'version_check': 'True', 'use_colors': 'True', 'use_experimental_parser': 'False', 'empty': 'None', 'quiet': 'False', 'no_print': 'None', 'log_format': 'default', 'invocation_command': 'dbt docs serve --port 8580 --host 0.0.0.0 --no-browser', 'introspect': 'True', 'static_parser': 'True', 'target_path': 'None', 'warn_error_options': 'WarnErrorOptions(include=[], exclude=[])', 'send_anonymous_usage_stats': 'True'}
[0m23:12:49.725360 [debug] [MainThread]: Sending event: {'category': 'dbt', 'action': 'project_id', 'label': '9e21f80e-3fd2-44f4-a23f-ebf594f01c25', 'context': [<snowplow_tracker.self_describing_json.SelfDescribingJson object at 0xffff9bec56c0>]}
[0m23:12:49.748795 [debug] [MainThread]: Sending event: {'category': 'dbt', 'action': 'adapter_info', 'label': '9e21f80e-3fd2-44f4-a23f-ebf594f01c25', 'context': [<snowplow_tracker.self_describing_json.SelfDescribingJson object at 0xffff9bdfc070>]}
[0m20:20:25.005306 [debug] [MainThread]: Sending event: {'category': 'dbt', 'action': 'invocation', 'label': 'start', 'context': [<snowplow_tracker.self_describing_json.SelfDescribingJson object at 0xffff93877400>, <snowplow_tracker.self_describing_json.SelfDescribingJson object at 0xffff92a21e40>, <snowplow_tracker.self_describing_json.SelfDescribingJson object at 0xffff92a22050>]}


============================== 20:20:25.009633 | b60a6839-d31f-426f-96bd-264cc6fe5fc4 ==============================
[0m20:20:25.009633 [info ] [MainThread]: Running with dbt=1.9.1
[0m20:20:25.009983 [debug] [MainThread]: running dbt with arguments {'printer_width': '80', 'indirect_selection': 'eager', 'write_json': 'True', 'log_cache_events': 'False', 'partial_parse': 'True', 'cache_selected_only': 'False', 'profiles_dir': '/dbt', 'debug': 'False', 'warn_error': 'None', 'log_path': '/dbt/logs', 'fail_fast': 'False', 'version_check': 'True', 'use_colors': 'True', 'use_experimental_parser': 'False', 'no_print': 'None', 'quiet': 'False', 'empty': 'None', 'warn_error_options': 'WarnErrorOptions(include=[], exclude=[])', 'introspect': 'True', 'invocation_command': 'dbt deps', 'static_parser': 'True', 'target_path': 'None', 'log_format': 'default', 'send_anonymous_usage_stats': 'True'}
[0m20:20:25.058980 [debug] [MainThread]: Sending event: {'category': 'dbt', 'action': 'project_id', 'label': 'b60a6839-d31f-426f-96bd-264cc6fe5fc4', 'context': [<snowplow_tracker.self_describing_json.SelfDescribingJson object at 0xffff92a71630>]}
[0m20:20:25.069376 [info ] [MainThread]: Warning: No packages were found in packages.yml
[0m20:20:25.071583 [info ] [MainThread]: Warning: No packages were found in packages.yml
[0m20:20:25.072516 [debug] [MainThread]: Resource report: {"command_name": "deps", "command_success": true, "command_wall_clock_time": 0.09554325, "process_in_blocks": "91056", "process_kernel_time": 0.417065, "process_mem_max_rss": "95140", "process_out_blocks": "2131", "process_user_time": 0.690072}
[0m20:20:25.072781 [debug] [MainThread]: Command `dbt deps` succeeded at 20:20:25.072722 after 0.10 seconds
[0m20:20:25.072998 [debug] [MainThread]: Sending event: {'category': 'dbt', 'action': 'invocation', 'label': 'end', 'context': [<snowplow_tracker.self_describing_json.SelfDescribingJson object at 0xffff93877400>, <snowplow_tracker.self_describing_json.SelfDescribingJson object at 0xffff92aa8280>, <snowplow_tracker.self_describing_json.SelfDescribingJson object at 0xffff92a71750>]}
[0m20:20:25.073233 [debug] [MainThread]: Flushing usage events
[0m20:20:25.332945 [debug] [MainThread]: An error was encountered while trying to flush usage events
[0m20:20:26.064107 [debug] [MainThread]: Sending event: {'category': 'dbt', 'action': 'invocation', 'label': 'start', 'context': [<snowplow_tracker.self_describing_json.SelfDescribingJson object at 0xffffaef67160>, <snowplow_tracker.self_describing_json.SelfDescribingJson object at 0xffffae0f4940>, <snowplow_tracker.self_describing_json.SelfDescribingJson object at 0xffffae0f6230>]}


============================== 20:20:26.065247 | e771288d-188d-4436-8fa0-e5c25b725e49 ==============================
[0m20:20:26.065247 [info ] [MainThread]: Running with dbt=1.9.1
[0m20:20:26.065632 [debug] [MainThread]: running dbt with arguments {'printer_width': '80', 'indirect_selection': 'eager', 'write_json': 'True', 'log_cache_events': 'False', 'partial_parse': 'True', 'cache_selected_only': 'False', 'warn_error': 'None', 'debug': 'False', 'profiles_dir': '/dbt', 'log_path': '/dbt/logs', 'fail_fast': 'False', 'version_check': 'True', 'use_colors': 'True', 'use_experimental_parser': 'False', 'no_print': 'None', 'quiet': 'False', 'empty': 'False', 'log_format': 'default', 'invocation_command': 'dbt run', 'static_parser': 'True', 'introspect': 'True', 'target_path': 'None', 'warn_error_options': 'WarnErrorOptions(include=[], exclude=[])', 'send_anonymous_usage_stats': 'True'}
[0m20:20:26.181579 [debug] [MainThread]: Sending event: {'category': 'dbt', 'action': 'project_id', 'label': 'e771288d-188d-4436-8fa0-e5c25b725e49', 'context': [<snowplow_tracker.self_describing_json.SelfDescribingJson object at 0xffffb0d46290>]}
[0m20:20:26.204697 [debug] [MainThread]: Sending event: {'category': 'dbt', 'action': 'adapter_info', 'label': 'e771288d-188d-4436-8fa0-e5c25b725e49', 'context': [<snowplow_tracker.self_describing_json.SelfDescribingJson object at 0xffffae80a110>]}
[0m20:20:26.205149 [info ] [MainThread]: Registered adapter: postgres=1.9.1
[0m20:20:26.241766 [debug] [MainThread]: checksum: 5e8d1596cf4eae33c11286bbb248a722d21b9f00d8a7ced8137c642517055418, vars: {}, profile: , target: , version: 1.9.1
[0m20:20:26.337402 [debug] [MainThread]: Partial parsing enabled: 0 files deleted, 2 files added, 3 files changed.
[0m20:20:26.337758 [debug] [MainThread]: Partial parsing: added file: data_processing_analytics://models/intermediate/schema.yml
[0m20:20:26.337990 [debug] [MainThread]: Partial parsing: added file: data_processing_analytics://macros/safe_casts.sql
[0m20:20:26.338279 [debug] [MainThread]: Partial parsing: updated file: data_processing_analytics://models/staging/schema.yml
[0m20:20:26.338643 [debug] [MainThread]: Partial parsing: updated file: data_processing_analytics://models/analysis/schema.yml
[0m20:20:26.338826 [debug] [MainThread]: Partial parsing: updated file: data_processing_analytics://models/staging/stg_impressions.sql
[0m20:20:26.623631 [debug] [MainThread]: Sending event: {'category': 'dbt', 'action': 'load_project', 'label': 'e771288d-188d-4436-8fa0-e5c25b725e49', 'context': [<snowplow_tracker.self_describing_json.SelfDescribingJson object at 0xffffa79325c0>]}
[0m20:20:26.672628 [debug] [MainThread]: Wrote artifact WritableManifest to /dbt/target/manifest.json
[0m20:20:26.715269 [debug] [MainThread]: Wrote artifact SemanticManifest to /dbt/target/semantic_manifest.json
[0m20:20:26.726422 [debug] [MainThread]: Sending event: {'category': 'dbt', 'action': 'resource_counts', 'label': 'e771288d-188d-4436-8fa0-e5c25b725e49', 'context': [<snowplow_tracker.self_describing_json.SelfDescribingJson object at 0xffffac1406d0>]}
[0m20:20:26.726700 [info ] [MainThread]: Found 6 models, 21 data tests, 1 source, 436 macros
[0m20:20:26.727042 [debug] [MainThread]: Sending event: {'category': 'dbt', 'action': 'runnable_timing', 'label': 'e771288d-188d-4436-8fa0-e5c25b725e49', 'context': [<snowplow_tracker.self_describing_json.SelfDescribingJson object at 0xffffac140df0>]}
[0m20:20:26.728075 [info ] [MainThread]: 
[0m20:20:26.728354 [info ] [MainThread]: Concurrency: 4 threads (target='local')
[0m20:20:26.728521 [info ] [MainThread]: 
[0m20:20:26.728847 [debug] [MainThread]: Acquiring new postgres connection 'master'
[0m20:20:26.731020 [debug] [ThreadPool]: Acquiring new postgres connection 'list_data_processing'
[0m20:20:26.731361 [debug] [ThreadPool]: Acquiring new postgres connection 'list_data_processing'
[0m20:20:26.761782 [debug] [ThreadPool]: Using postgres connection "list_data_processing"
[0m20:20:26.761966 [debug] [ThreadPool]: Using postgres connection "list_data_processing"
[0m20:20:26.762169 [debug] [ThreadPool]: On list_data_processing: /* {"app": "dbt", "dbt_version": "1.9.1", "profile_name": "data_processing", "target_name": "local", "connection_name": "list_data_processing"} */

    select distinct nspname from pg_namespace
  
[0m20:20:26.762365 [debug] [ThreadPool]: On list_data_processing: /* {"app": "dbt", "dbt_version": "1.9.1", "profile_name": "data_processing", "target_name": "local", "connection_name": "list_data_processing"} */

    select distinct nspname from pg_namespace
  
[0m20:20:26.762516 [debug] [ThreadPool]: Opening a new connection, currently in state init
[0m20:20:26.762667 [debug] [ThreadPool]: Opening a new connection, currently in state init
[0m20:20:26.788121 [debug] [ThreadPool]: SQL status: SELECT 8 in 0.026 seconds
[0m20:20:26.789431 [debug] [ThreadPool]: On list_data_processing: Close
[0m20:20:26.790967 [debug] [ThreadPool]: SQL status: SELECT 8 in 0.028 seconds
[0m20:20:26.791525 [debug] [ThreadPool]: On list_data_processing: Close
[0m20:20:26.792286 [debug] [ThreadPool]: Re-using an available connection from the pool (formerly list_data_processing, now list_data_processing_public_staging)
[0m20:20:26.792534 [debug] [ThreadPool]: Re-using an available connection from the pool (formerly list_data_processing, now list_data_processing_public_analytics)
[0m20:20:26.797908 [debug] [ThreadPool]: Using postgres connection "list_data_processing_public_staging"
[0m20:20:26.798864 [debug] [ThreadPool]: Using postgres connection "list_data_processing_public_analytics"
[0m20:20:26.799081 [debug] [ThreadPool]: On list_data_processing_public_staging: BEGIN
[0m20:20:26.799250 [debug] [ThreadPool]: On list_data_processing_public_analytics: BEGIN
[0m20:20:26.799385 [debug] [ThreadPool]: Opening a new connection, currently in state closed
[0m20:20:26.799531 [debug] [ThreadPool]: Opening a new connection, currently in state closed
[0m20:20:26.802944 [debug] [ThreadPool]: SQL status: BEGIN in 0.004 seconds
[0m20:20:26.803092 [debug] [ThreadPool]: Using postgres connection "list_data_processing_public_staging"
[0m20:20:26.803240 [debug] [ThreadPool]: On list_data_processing_public_staging: /* {"app": "dbt", "dbt_version": "1.9.1", "profile_name": "data_processing", "target_name": "local", "connection_name": "list_data_processing_public_staging"} */
select
      'data_processing' as database,
      tablename as name,
      schemaname as schema,
      'table' as type
    from pg_tables
    where schemaname ilike 'public_staging'
    union all
    select
      'data_processing' as database,
      viewname as name,
      schemaname as schema,
      'view' as type
    from pg_views
    where schemaname ilike 'public_staging'
    union all
    select
      'data_processing' as database,
      matviewname as name,
      schemaname as schema,
      'materialized_view' as type
    from pg_matviews
    where schemaname ilike 'public_staging'
  
[0m20:20:26.810520 [debug] [ThreadPool]: SQL status: BEGIN in 0.011 seconds
[0m20:20:26.810693 [debug] [ThreadPool]: Using postgres connection "list_data_processing_public_analytics"
[0m20:20:26.810856 [debug] [ThreadPool]: On list_data_processing_public_analytics: /* {"app": "dbt", "dbt_version": "1.9.1", "profile_name": "data_processing", "target_name": "local", "connection_name": "list_data_processing_public_analytics"} */
select
      'data_processing' as database,
      tablename as name,
      schemaname as schema,
      'table' as type
    from pg_tables
    where schemaname ilike 'public_analytics'
    union all
    select
      'data_processing' as database,
      viewname as name,
      schemaname as schema,
      'view' as type
    from pg_views
    where schemaname ilike 'public_analytics'
    union all
    select
      'data_processing' as database,
      matviewname as name,
      schemaname as schema,
      'materialized_view' as type
    from pg_matviews
    where schemaname ilike 'public_analytics'
  
[0m20:20:26.811485 [debug] [ThreadPool]: SQL status: SELECT 1 in 0.008 seconds
[0m20:20:26.812065 [debug] [ThreadPool]: On list_data_processing_public_staging: ROLLBACK
[0m20:20:26.812262 [debug] [ThreadPool]: On list_data_processing_public_staging: Close
[0m20:20:26.814815 [debug] [ThreadPool]: SQL status: SELECT 5 in 0.004 seconds
[0m20:20:26.815367 [debug] [ThreadPool]: On list_data_processing_public_analytics: ROLLBACK
[0m20:20:26.815577 [debug] [ThreadPool]: On list_data_processing_public_analytics: Close
[0m20:20:26.818514 [debug] [MainThread]: Using postgres connection "master"
[0m20:20:26.818673 [debug] [MainThread]: On master: BEGIN
[0m20:20:26.818830 [debug] [MainThread]: Opening a new connection, currently in state init
[0m20:20:26.821860 [debug] [MainThread]: SQL status: BEGIN in 0.003 seconds
[0m20:20:26.822000 [debug] [MainThread]: Using postgres connection "master"
[0m20:20:26.822180 [debug] [MainThread]: On master: /* {"app": "dbt", "dbt_version": "1.9.1", "profile_name": "data_processing", "target_name": "local", "connection_name": "master"} */
select distinct
        dependent_namespace.nspname as dependent_schema,
        dependent_class.relname as dependent_name,
        referenced_namespace.nspname as referenced_schema,
        referenced_class.relname as referenced_name

    -- Query for views: views are entries in pg_class with an entry in pg_rewrite, but we avoid
    -- a seq scan on pg_rewrite by leveraging the fact there is an "internal" row in pg_depend for
    -- the view...
    from pg_class as dependent_class
    join pg_namespace as dependent_namespace on dependent_namespace.oid = dependent_class.relnamespace
    join pg_depend as dependent_depend on dependent_depend.refobjid = dependent_class.oid
        and dependent_depend.classid = 'pg_rewrite'::regclass
        and dependent_depend.refclassid = 'pg_class'::regclass
        and dependent_depend.deptype = 'i'

    -- ... and via pg_depend (that has a row per column, hence the need for "distinct" above, and
    -- making sure to exclude the internal row to avoid a view appearing to depend on itself)...
    join pg_depend as joining_depend on joining_depend.objid = dependent_depend.objid
        and joining_depend.classid = 'pg_rewrite'::regclass
        and joining_depend.refclassid = 'pg_class'::regclass
        and joining_depend.refobjid != dependent_depend.refobjid

    -- ... we can find the tables they query from in pg_class, but excluding system tables. Note we
    -- don't need need to exclude _dependent_ system tables, because they only query from other
    -- system tables, and so are automatically excluded by excluding _referenced_ system tables
    join pg_class as referenced_class on referenced_class.oid = joining_depend.refobjid
    join pg_namespace as referenced_namespace on referenced_namespace.oid = referenced_class.relnamespace
        and referenced_namespace.nspname != 'information_schema'
        and referenced_namespace.nspname not like 'pg\_%'

    order by
        dependent_schema, dependent_name, referenced_schema, referenced_name;
[0m20:20:26.824676 [debug] [MainThread]: SQL status: SELECT 1 in 0.002 seconds
[0m20:20:26.825203 [debug] [MainThread]: Sending event: {'category': 'dbt', 'action': 'runnable_timing', 'label': 'e771288d-188d-4436-8fa0-e5c25b725e49', 'context': [<snowplow_tracker.self_describing_json.SelfDescribingJson object at 0xffffaceb55a0>]}
[0m20:20:26.825409 [debug] [MainThread]: On master: ROLLBACK
[0m20:20:26.825587 [debug] [MainThread]: Using postgres connection "master"
[0m20:20:26.825712 [debug] [MainThread]: On master: BEGIN
[0m20:20:26.825932 [debug] [MainThread]: SQL status: BEGIN in 0.000 seconds
[0m20:20:26.826071 [debug] [MainThread]: On master: COMMIT
[0m20:20:26.826196 [debug] [MainThread]: Using postgres connection "master"
[0m20:20:26.826316 [debug] [MainThread]: On master: COMMIT
[0m20:20:26.826470 [debug] [MainThread]: SQL status: COMMIT in 0.000 seconds
[0m20:20:26.826597 [debug] [MainThread]: On master: Close
[0m20:20:26.827531 [debug] [Thread-1 (]: Began running node model.data_processing_analytics.stg_impressions
[0m20:20:26.827832 [info ] [Thread-1 (]: 1 of 6 START sql view model public_staging.stg_impressions ..................... [RUN]
[0m20:20:26.828202 [debug] [Thread-1 (]: Re-using an available connection from the pool (formerly list_data_processing_public_staging, now model.data_processing_analytics.stg_impressions)
[0m20:20:26.828400 [debug] [Thread-1 (]: Began compiling node model.data_processing_analytics.stg_impressions
[0m20:20:26.833574 [debug] [Thread-1 (]: Writing injected SQL for node "model.data_processing_analytics.stg_impressions"
[0m20:20:26.834396 [debug] [Thread-1 (]: Began executing node model.data_processing_analytics.stg_impressions
[0m20:20:26.855161 [debug] [Thread-1 (]: Using postgres connection "model.data_processing_analytics.stg_impressions"
[0m20:20:26.855454 [debug] [Thread-1 (]: On model.data_processing_analytics.stg_impressions: /* {"app": "dbt", "dbt_version": "1.9.1", "profile_name": "data_processing", "target_name": "local", "node_id": "model.data_processing_analytics.stg_impressions"} */
select * from (
        with source as (
    select * from "data_processing"."raw"."impressions"
),

cleaned as (
    select
        user_id,
        impression_id,
        page_type,
        -- Safe casts: a malformed date/time yields NULL instead of aborting
        -- the whole model. NULLs are then caught by the not_null tests
        -- rather than crashing the run on a single bad row.
        
    case
        when date ~ '^\d{4}-\d{2}-\d{2}$'
            then to_date(date, 'YYYY-MM-DD')
        else null
    end
 as event_date,
        hour,
        min as minute,
        second,
        event_type,
        
    case
        when 
    case
        when date ~ '^\d{4}-\d{2}-\d{2}$'
            then to_date(date, 'YYYY-MM-DD')
        else null
    end
 is not null
            and hour between 0 and 23
            and min between 0 and 59
            and second between 0 and 59
        then make_timestamp(
            extract(year from 
    case
        when date ~ '^\d{4}-\d{2}-\d{2}$'
            then to_date(date, 'YYYY-MM-DD')
        else null
    end
)::int,
            extract(month from 
    case
        when date ~ '^\d{4}-\d{2}-\d{2}$'
            then to_date(date, 'YYYY-MM-DD')
        else null
    end
)::int,
            extract(day from 
    case
        when date ~ '^\d{4}-\d{2}-\d{2}$'
            then to_date(date, 'YYYY-MM-DD')
        else null
    end
)::int,
            hour,
            min,
            second
        )
        else null
    end

            as event_timestamp,
        loaded_at
    from source
)

select * from cleaned
    ) as __dbt_sbq
    where false
    limit 0

[0m20:20:26.855688 [debug] [Thread-1 (]: Opening a new connection, currently in state closed
[0m20:20:26.860961 [debug] [Thread-1 (]: SQL status: SELECT 0 in 0.005 seconds
[0m20:20:26.865909 [debug] [Thread-1 (]: Using postgres connection "model.data_processing_analytics.stg_impressions"
[0m20:20:26.866128 [debug] [Thread-1 (]: On model.data_processing_analytics.stg_impressions: /* {"app": "dbt", "dbt_version": "1.9.1", "profile_name": "data_processing", "target_name": "local", "node_id": "model.data_processing_analytics.stg_impressions"} */
select * from (
        select
    
      
    cast(null as varchar)
 as user_id, 
      
    cast(null as varchar)
 as impression_id, 
      
    cast(null as integer)
 as page_type, 
      
    cast(null as date)
 as event_date, 
      
    cast(null as integer)
 as hour, 
      
    cast(null as integer)
 as minute, 
      
    cast(null as integer)
 as second, 
      
    cast(null as varchar)
 as event_type, 
      
    cast(null as timestamp)
 as event_timestamp, 
      
    cast(null as timestamptz)
 as loaded_at
    ) as __dbt_sbq
    where false
    limit 0

[0m20:20:26.866425 [debug] [Thread-1 (]: SQL status: SELECT 0 in 0.000 seconds
[0m20:20:26.868792 [debug] [Thread-1 (]: Writing runtime sql for node "model.data_processing_analytics.stg_impressions"
[0m20:20:26.869693 [debug] [Thread-1 (]: Using postgres connection "model.data_processing_analytics.stg_impressions"
[0m20:20:26.869852 [debug] [Thread-1 (]: On model.data_processing_analytics.stg_impressions: BEGIN
[0m20:20:26.870071 [debug] [Thread-1 (]: SQL status: BEGIN in 0.000 seconds
[0m20:20:26.870238 [debug] [Thread-1 (]: Using postgres connection "model.data_processing_analytics.stg_impressions"
[0m20:20:26.870453 [debug] [Thread-1 (]: On model.data_processing_analytics.stg_impressions: /* {"app": "dbt", "dbt_version": "1.9.1", "profile_name": "data_processing", "target_name": "local", "node_id": "model.data_processing_analytics.stg_impressions"} */

  create view "data_processing"."public_staging"."stg_impressions__dbt_tmp"
    
    
      
  as (
    with source as (
    select * from "data_processing"."raw"."impressions"
),

cleaned as (
    select
        user_id,
        impression_id,
        page_type,
        -- Safe casts: a malformed date/time yields NULL instead of aborting
        -- the whole model. NULLs are then caught by the not_null tests
        -- rather than crashing the run on a single bad row.
        
    case
        when date ~ '^\d{4}-\d{2}-\d{2}$'
            then to_date(date, 'YYYY-MM-DD')
        else null
    end
 as event_date,
        hour,
        min as minute,
        second,
        event_type,
        
    case
        when 
    case
        when date ~ '^\d{4}-\d{2}-\d{2}$'
            then to_date(date, 'YYYY-MM-DD')
        else null
    end
 is not null
            and hour between 0 and 23
            and min between 0 and 59
            and second between 0 and 59
        then make_timestamp(
            extract(year from 
    case
        when date ~ '^\d{4}-\d{2}-\d{2}$'
            then to_date(date, 'YYYY-MM-DD')
        else null
    end
)::int,
            extract(month from 
    case
        when date ~ '^\d{4}-\d{2}-\d{2}$'
            then to_date(date, 'YYYY-MM-DD')
        else null
    end
)::int,
            extract(day from 
    case
        when date ~ '^\d{4}-\d{2}-\d{2}$'
            then to_date(date, 'YYYY-MM-DD')
        else null
    end
)::int,
            hour,
            min,
            second
        )
        else null
    end

            as event_timestamp,
        loaded_at
    from source
)

select * from cleaned
  );
[0m20:20:26.875546 [debug] [Thread-1 (]: SQL status: CREATE VIEW in 0.005 seconds
[0m20:20:26.878442 [debug] [Thread-1 (]: Using postgres connection "model.data_processing_analytics.stg_impressions"
[0m20:20:26.878620 [debug] [Thread-1 (]: On model.data_processing_analytics.stg_impressions: /* {"app": "dbt", "dbt_version": "1.9.1", "profile_name": "data_processing", "target_name": "local", "node_id": "model.data_processing_analytics.stg_impressions"} */
alter table "data_processing"."public_staging"."stg_impressions" rename to "stg_impressions__dbt_backup"
[0m20:20:26.879452 [debug] [Thread-1 (]: SQL status: ALTER TABLE in 0.001 seconds
[0m20:20:26.881438 [debug] [Thread-1 (]: Using postgres connection "model.data_processing_analytics.stg_impressions"
[0m20:20:26.881623 [debug] [Thread-1 (]: On model.data_processing_analytics.stg_impressions: /* {"app": "dbt", "dbt_version": "1.9.1", "profile_name": "data_processing", "target_name": "local", "node_id": "model.data_processing_analytics.stg_impressions"} */
alter table "data_processing"."public_staging"."stg_impressions__dbt_tmp" rename to "stg_impressions"
[0m20:20:26.881970 [debug] [Thread-1 (]: SQL status: ALTER TABLE in 0.000 seconds
[0m20:20:26.889007 [debug] [Thread-1 (]: On model.data_processing_analytics.stg_impressions: COMMIT
[0m20:20:26.889221 [debug] [Thread-1 (]: Using postgres connection "model.data_processing_analytics.stg_impressions"
[0m20:20:26.889381 [debug] [Thread-1 (]: On model.data_processing_analytics.stg_impressions: COMMIT
[0m20:20:26.890359 [debug] [Thread-1 (]: SQL status: COMMIT in 0.001 seconds
[0m20:20:26.892949 [debug] [Thread-1 (]: Applying DROP to: "data_processing"."public_staging"."stg_impressions__dbt_backup"
[0m20:20:26.894695 [debug] [Thread-1 (]: Using postgres connection "model.data_processing_analytics.stg_impressions"
[0m20:20:26.894888 [debug] [Thread-1 (]: On model.data_processing_analytics.stg_impressions: /* {"app": "dbt", "dbt_version": "1.9.1", "profile_name": "data_processing", "target_name": "local", "node_id": "model.data_processing_analytics.stg_impressions"} */
drop view if exists "data_processing"."public_staging"."stg_impressions__dbt_backup" cascade
[0m20:20:26.898257 [debug] [Thread-1 (]: SQL status: DROP VIEW in 0.003 seconds
[0m20:20:26.899382 [debug] [Thread-1 (]: On model.data_processing_analytics.stg_impressions: Close
[0m20:20:26.900584 [debug] [Thread-1 (]: Sending event: {'category': 'dbt', 'action': 'run_model', 'label': 'e771288d-188d-4436-8fa0-e5c25b725e49', 'context': [<snowplow_tracker.self_describing_json.SelfDescribingJson object at 0xffffb0d1aaa0>]}
[0m20:20:26.900915 [info ] [Thread-1 (]: 1 of 6 OK created sql view model public_staging.stg_impressions ................ [[32mCREATE VIEW[0m in 0.07s]
[0m20:20:26.901196 [debug] [Thread-1 (]: Finished running node model.data_processing_analytics.stg_impressions
[0m20:20:26.901657 [debug] [Thread-3 (]: Began running node model.data_processing_analytics.funnel_analysis
[0m20:20:26.901842 [debug] [Thread-4 (]: Began running node model.data_processing_analytics.int_impressions_aggregated
[0m20:20:26.902108 [info ] [Thread-3 (]: 2 of 6 START sql table model public_analytics.funnel_analysis .................. [RUN]
[0m20:20:26.902411 [info ] [Thread-4 (]: 3 of 6 START sql table model public_analytics.int_impressions_aggregated ....... [RUN]
[0m20:20:26.902972 [debug] [Thread-4 (]: Acquiring new postgres connection 'model.data_processing_analytics.int_impressions_aggregated'
[0m20:20:26.902721 [debug] [Thread-3 (]: Acquiring new postgres connection 'model.data_processing_analytics.funnel_analysis'
[0m20:20:26.903310 [debug] [Thread-3 (]: Began compiling node model.data_processing_analytics.funnel_analysis
[0m20:20:26.903142 [debug] [Thread-4 (]: Began compiling node model.data_processing_analytics.int_impressions_aggregated
[0m20:20:26.905102 [debug] [Thread-3 (]: Writing injected SQL for node "model.data_processing_analytics.funnel_analysis"
[0m20:20:26.906354 [debug] [Thread-4 (]: Writing injected SQL for node "model.data_processing_analytics.int_impressions_aggregated"
[0m20:20:26.907310 [debug] [Thread-3 (]: Began executing node model.data_processing_analytics.funnel_analysis
[0m20:20:26.907461 [debug] [Thread-4 (]: Began executing node model.data_processing_analytics.int_impressions_aggregated
[0m20:20:26.917571 [debug] [Thread-3 (]: Using postgres connection "model.data_processing_analytics.funnel_analysis"
[0m20:20:26.919992 [debug] [Thread-3 (]: On model.data_processing_analytics.funnel_analysis: /* {"app": "dbt", "dbt_version": "1.9.1", "profile_name": "data_processing", "target_name": "local", "node_id": "model.data_processing_analytics.funnel_analysis"} */
select * from (
        /*
    Funnel conversion analysis by page type.
    Shows how many impressions reach each event stage and conversion rates.

    Expected patterns based on data generation:
      - Page 1: ~10% reach d, 0% reach e or f
      - Page 2: ~30% reach d, ~10% reach e, 0% reach f
      - Page 3: ~50% reach d, ~20% reach e, ~10% reach f
*/
with impressions as (
    select * from "data_processing"."public_staging"."stg_impressions"
),

total_impressions as (
    select
        page_type,
        count(distinct impression_id) as total_impressions
    from impressions
    group by page_type
),

event_counts as (
    select
        page_type,
        event_type,
        count(distinct impression_id) as impressions_at_stage
    from impressions
    group by page_type, event_type
),

funnel as (
    select
        ec.page_type,
        ec.event_type,
        ec.impressions_at_stage,
        ti.total_impressions,
        round(
            (ec.impressions_at_stage::numeric / ti.total_impressions) * 100, 2
        ) as pct_of_total,
        round(
            (ec.impressions_at_stage::numeric / lag(ec.impressions_at_stage) over (
                partition by ec.page_type order by ec.event_type
            )) * 100, 2
        ) as pct_from_previous_stage
    from event_counts ec
    join total_impressions ti on ec.page_type = ti.page_type
)

select * from funnel
order by page_type, event_type
    ) as __dbt_sbq
    where false
    limit 0

[0m20:20:26.919703 [debug] [Thread-4 (]: Using postgres connection "model.data_processing_analytics.int_impressions_aggregated"
[0m20:20:26.920419 [debug] [Thread-4 (]: On model.data_processing_analytics.int_impressions_aggregated: /* {"app": "dbt", "dbt_version": "1.9.1", "profile_name": "data_processing", "target_name": "local", "node_id": "model.data_processing_analytics.int_impressions_aggregated"} */
select * from (
        /*
    Aggregates impression events by user, impression, and page type.
    Mirrors the spark aggregation job in spark_applications/aggregation.py.
*/
with impressions as (
    select * from "data_processing"."public_staging"."stg_impressions"
),

aggregated as (
    select
        user_id,
        impression_id,
        page_type,
        event_date,
        hour,
        count(*) as event_count,
        count(distinct event_type) as distinct_events,
        min(second) as first_event_second,
        max(second) as last_event_second,
        min(event_timestamp) as first_event_at,
        max(event_timestamp) as last_event_at,
        max(event_type) as max_event_reached
    from impressions
    group by user_id, impression_id, page_type, event_date, hour
)

select * from aggregated
    ) as __dbt_sbq
    where false
    limit 0

[0m20:20:26.920218 [debug] [Thread-3 (]: Opening a new connection, currently in state init
[0m20:20:26.920613 [debug] [Thread-4 (]: Opening a new connection, currently in state init
[0m20:20:26.924891 [debug] [Thread-4 (]: SQL status: SELECT 0 in 0.004 seconds
[0m20:20:26.925715 [debug] [Thread-4 (]: Using postgres connection "model.data_processing_analytics.int_impressions_aggregated"
[0m20:20:26.925959 [debug] [Thread-4 (]: On model.data_processing_analytics.int_impressions_aggregated: /* {"app": "dbt", "dbt_version": "1.9.1", "profile_name": "data_processing", "target_name": "local", "node_id": "model.data_processing_analytics.int_impressions_aggregated"} */
select * from (
        select
    
      
    cast(null as varchar)
 as user_id, 
      
    cast(null as varchar)
 as impression_id, 
      
    cast(null as integer)
 as page_type, 
      
    cast(null as date)
 as event_date, 
      
    cast(null as integer)
 as hour, 
      
    cast(null as bigint)
 as event_count, 
      
    cast(null as bigint)
 as distinct_events, 
      
    cast(null as integer)
 as first_event_second, 
      
    cast(null as integer)
 as last_event_second, 
      
    cast(null as timestamp)
 as first_event_at, 
      
    cast(null as timestamp)
 as last_event_at, 
      
    cast(null as varchar)
 as max_event_reached
    ) as __dbt_sbq
    where false
    limit 0

[0m20:20:26.926282 [debug] [Thread-4 (]: SQL status: SELECT 0 in 0.000 seconds
[0m20:20:26.937587 [debug] [Thread-4 (]: Writing runtime sql for node "model.data_processing_analytics.int_impressions_aggregated"
[0m20:20:26.938479 [debug] [Thread-4 (]: Using postgres connection "model.data_processing_analytics.int_impressions_aggregated"
[0m20:20:26.938703 [debug] [Thread-4 (]: On model.data_processing_analytics.int_impressions_aggregated: BEGIN
[0m20:20:26.938966 [debug] [Thread-4 (]: SQL status: BEGIN in 0.000 seconds
[0m20:20:26.939240 [debug] [Thread-4 (]: Using postgres connection "model.data_processing_analytics.int_impressions_aggregated"
[0m20:20:26.939501 [debug] [Thread-4 (]: On model.data_processing_analytics.int_impressions_aggregated: /* {"app": "dbt", "dbt_version": "1.9.1", "profile_name": "data_processing", "target_name": "local", "node_id": "model.data_processing_analytics.int_impressions_aggregated"} */

  
    

  create  table "data_processing"."public_analytics"."int_impressions_aggregated__dbt_tmp"
  
  
    
  
  (
    user_id varchar,
    impression_id varchar,
    page_type integer,
    event_date date,
    hour integer,
    event_count bigint,
    distinct_events bigint,
    first_event_second integer,
    last_event_second integer,
    first_event_at timestamp,
    last_event_at timestamp,
    max_event_reached varchar
    
    )
 ;
    insert into "data_processing"."public_analytics"."int_impressions_aggregated__dbt_tmp" (
      user_id, impression_id, page_type, event_date, hour, event_count, distinct_events, first_event_second, last_event_second, first_event_at, last_event_at, max_event_reached
    )
  
  (
    
    select user_id, impression_id, page_type, event_date, hour, event_count, distinct_events, first_event_second, last_event_second, first_event_at, last_event_at, max_event_reached
    from (
        /*
    Aggregates impression events by user, impression, and page type.
    Mirrors the spark aggregation job in spark_applications/aggregation.py.
*/
with impressions as (
    select * from "data_processing"."public_staging"."stg_impressions"
),

aggregated as (
    select
        user_id,
        impression_id,
        page_type,
        event_date,
        hour,
        count(*) as event_count,
        count(distinct event_type) as distinct_events,
        min(second) as first_event_second,
        max(second) as last_event_second,
        min(event_timestamp) as first_event_at,
        max(event_timestamp) as last_event_at,
        max(event_type) as max_event_reached
    from impressions
    group by user_id, impression_id, page_type, event_date, hour
)

select * from aggregated
    ) as model_subq
  );
  
[0m20:20:26.943050 [debug] [Thread-3 (]: SQL status: SELECT 0 in 0.023 seconds
[0m20:20:26.943681 [warn ] [Thread-3 (]: Detected columns with numeric type and unspecified precision/scale, this can lead to unintended rounding: ['pct_of_total', 'pct_from_previous_stage']`
[0m20:20:26.944107 [debug] [Thread-3 (]: Using postgres connection "model.data_processing_analytics.funnel_analysis"
[0m20:20:26.944346 [debug] [Thread-3 (]: On model.data_processing_analytics.funnel_analysis: /* {"app": "dbt", "dbt_version": "1.9.1", "profile_name": "data_processing", "target_name": "local", "node_id": "model.data_processing_analytics.funnel_analysis"} */
select * from (
        select
    
      
    cast(null as integer)
 as page_type, 
      
    cast(null as varchar)
 as event_type, 
      
    cast(null as bigint)
 as impressions_at_stage, 
      
    cast(null as bigint)
 as total_impressions, 
      
    cast(null as numeric)
 as pct_of_total, 
      
    cast(null as numeric)
 as pct_from_previous_stage
    ) as __dbt_sbq
    where false
    limit 0

[0m20:20:26.944644 [debug] [Thread-3 (]: SQL status: SELECT 0 in 0.000 seconds
[0m20:20:26.945510 [debug] [Thread-3 (]: Writing runtime sql for node "model.data_processing_analytics.funnel_analysis"
[0m20:20:26.946067 [debug] [Thread-3 (]: Using postgres connection "model.data_processing_analytics.funnel_analysis"
[0m20:20:26.946241 [debug] [Thread-3 (]: On model.data_processing_analytics.funnel_analysis: BEGIN
[0m20:20:26.946476 [debug] [Thread-3 (]: SQL status: BEGIN in 0.000 seconds
[0m20:20:26.946698 [debug] [Thread-3 (]: Using postgres connection "model.data_processing_analytics.funnel_analysis"
[0m20:20:26.946952 [debug] [Thread-3 (]: On model.data_processing_analytics.funnel_analysis: /* {"app": "dbt", "dbt_version": "1.9.1", "profile_name": "data_processing", "target_name": "local", "node_id": "model.data_processing_analytics.funnel_analysis"} */

  
    

  create  table "data_processing"."public_analytics"."funnel_analysis__dbt_tmp"
  
  
    
  
  (
    page_type integer,
    event_type varchar,
    impressions_at_stage bigint,
    total_impressions bigint,
    pct_of_total numeric,
    pct_from_previous_stage numeric
    
    )
 ;
    insert into "data_processing"."public_analytics"."funnel_analysis__dbt_tmp" (
      page_type, event_type, impressions_at_stage, total_impressions, pct_of_total, pct_from_previous_stage
    )
  
  (
    
    select page_type, event_type, impressions_at_stage, total_impressions, pct_of_total, pct_from_previous_stage
    from (
        /*
    Funnel conversion analysis by page type.
    Shows how many impressions reach each event stage and conversion rates.

    Expected patterns based on data generation:
      - Page 1: ~10% reach d, 0% reach e or f
      - Page 2: ~30% reach d, ~10% reach e, 0% reach f
      - Page 3: ~50% reach d, ~20% reach e, ~10% reach f
*/
with impressions as (
    select * from "data_processing"."public_staging"."stg_impressions"
),

total_impressions as (
    select
        page_type,
        count(distinct impression_id) as total_impressions
    from impressions
    group by page_type
),

event_counts as (
    select
        page_type,
        event_type,
        count(distinct impression_id) as impressions_at_stage
    from impressions
    group by page_type, event_type
),

funnel as (
    select
        ec.page_type,
        ec.event_type,
        ec.impressions_at_stage,
        ti.total_impressions,
        round(
            (ec.impressions_at_stage::numeric / ti.total_impressions) * 100, 2
        ) as pct_of_total,
        round(
            (ec.impressions_at_stage::numeric / lag(ec.impressions_at_stage) over (
                partition by ec.page_type order by ec.event_type
            )) * 100, 2
        ) as pct_from_previous_stage
    from event_counts ec
    join total_impressions ti on ec.page_type = ti.page_type
)

select * from funnel
order by page_type, event_type
    ) as model_subq
  );
  
[0m20:20:26.961255 [debug] [Thread-4 (]: SQL status: INSERT 0 1201 in 0.021 seconds
[0m20:20:26.964612 [debug] [Thread-4 (]: Using postgres connection "model.data_processing_analytics.int_impressions_aggregated"
[0m20:20:26.964815 [debug] [Thread-4 (]: On model.data_processing_analytics.int_impressions_aggregated: /* {"app": "dbt", "dbt_version": "1.9.1", "profile_name": "data_processing", "target_name": "local", "node_id": "model.data_processing_analytics.int_impressions_aggregated"} */
alter table "data_processing"."public_analytics"."int_impressions_aggregated" rename to "int_impressions_aggregated__dbt_backup"
[0m20:20:26.965349 [debug] [Thread-4 (]: SQL status: ALTER TABLE in 0.000 seconds
[0m20:20:26.966682 [debug] [Thread-4 (]: Using postgres connection "model.data_processing_analytics.int_impressions_aggregated"
[0m20:20:26.966876 [debug] [Thread-4 (]: On model.data_processing_analytics.int_impressions_aggregated: /* {"app": "dbt", "dbt_version": "1.9.1", "profile_name": "data_processing", "target_name": "local", "node_id": "model.data_processing_analytics.int_impressions_aggregated"} */
alter table "data_processing"."public_analytics"."int_impressions_aggregated__dbt_tmp" rename to "int_impressions_aggregated"
[0m20:20:26.967161 [debug] [Thread-4 (]: SQL status: ALTER TABLE in 0.000 seconds
[0m20:20:26.967762 [debug] [Thread-4 (]: On model.data_processing_analytics.int_impressions_aggregated: COMMIT
[0m20:20:26.967958 [debug] [Thread-4 (]: Using postgres connection "model.data_processing_analytics.int_impressions_aggregated"
[0m20:20:26.968123 [debug] [Thread-4 (]: On model.data_processing_analytics.int_impressions_aggregated: COMMIT
[0m20:20:26.968777 [debug] [Thread-4 (]: SQL status: COMMIT in 0.000 seconds
[0m20:20:26.970134 [debug] [Thread-4 (]: Applying DROP to: "data_processing"."public_analytics"."int_impressions_aggregated__dbt_backup"
[0m20:20:26.971660 [debug] [Thread-4 (]: Using postgres connection "model.data_processing_analytics.int_impressions_aggregated"
[0m20:20:26.971899 [debug] [Thread-4 (]: On model.data_processing_analytics.int_impressions_aggregated: /* {"app": "dbt", "dbt_version": "1.9.1", "profile_name": "data_processing", "target_name": "local", "node_id": "model.data_processing_analytics.int_impressions_aggregated"} */
drop table if exists "data_processing"."public_analytics"."int_impressions_aggregated__dbt_backup" cascade
[0m20:20:26.973541 [debug] [Thread-4 (]: SQL status: DROP TABLE in 0.001 seconds
[0m20:20:26.974221 [debug] [Thread-4 (]: On model.data_processing_analytics.int_impressions_aggregated: Close
[0m20:20:26.974636 [debug] [Thread-4 (]: Sending event: {'category': 'dbt', 'action': 'run_model', 'label': 'e771288d-188d-4436-8fa0-e5c25b725e49', 'context': [<snowplow_tracker.self_describing_json.SelfDescribingJson object at 0xffffacd29690>]}
[0m20:20:26.975072 [info ] [Thread-4 (]: 3 of 6 OK created sql table model public_analytics.int_impressions_aggregated .. [[32mINSERT 0 1201[0m in 0.07s]
[0m20:20:26.975627 [debug] [Thread-4 (]: Finished running node model.data_processing_analytics.int_impressions_aggregated
[0m20:20:26.976145 [debug] [Thread-1 (]: Began running node model.data_processing_analytics.hourly_traffic
[0m20:20:26.976348 [debug] [Thread-2 (]: Began running node model.data_processing_analytics.page_type_summary
[0m20:20:26.976534 [debug] [Thread-4 (]: Began running node model.data_processing_analytics.user_engagement
[0m20:20:26.976861 [info ] [Thread-1 (]: 4 of 6 START sql table model public_analytics.hourly_traffic ................... [RUN]
[0m20:20:26.977302 [info ] [Thread-2 (]: 5 of 6 START sql table model public_analytics.page_type_summary ................ [RUN]
[0m20:20:26.977688 [info ] [Thread-4 (]: 6 of 6 START sql table model public_analytics.user_engagement .................. [RUN]
[0m20:20:26.978097 [debug] [Thread-1 (]: Re-using an available connection from the pool (formerly model.data_processing_analytics.stg_impressions, now model.data_processing_analytics.hourly_traffic)
[0m20:20:26.978391 [debug] [Thread-2 (]: Re-using an available connection from the pool (formerly list_data_processing_public_analytics, now model.data_processing_analytics.page_type_summary)
[0m20:20:26.978669 [debug] [Thread-4 (]: Re-using an available connection from the pool (formerly model.data_processing_analytics.int_impressions_aggregated, now model.data_processing_analytics.user_engagement)
[0m20:20:26.978929 [debug] [Thread-1 (]: Began compiling node model.data_processing_analytics.hourly_traffic
[0m20:20:26.979233 [debug] [Thread-2 (]: Began compiling node model.data_processing_analytics.page_type_summary
[0m20:20:26.979498 [debug] [Thread-4 (]: Began compiling node model.data_processing_analytics.user_engagement
[0m20:20:26.981645 [debug] [Thread-1 (]: Writing injected SQL for node "model.data_processing_analytics.hourly_traffic"
[0m20:20:26.983532 [debug] [Thread-2 (]: Writing injected SQL for node "model.data_processing_analytics.page_type_summary"
[0m20:20:26.985496 [debug] [Thread-4 (]: Writing injected SQL for node "model.data_processing_analytics.user_engagement"
[0m20:20:26.986668 [debug] [Thread-1 (]: Began executing node model.data_processing_analytics.hourly_traffic
[0m20:20:26.986842 [debug] [Thread-2 (]: Began executing node model.data_processing_analytics.page_type_summary
[0m20:20:26.987030 [debug] [Thread-4 (]: Began executing node model.data_processing_analytics.user_engagement
[0m20:20:26.988738 [debug] [Thread-1 (]: Using postgres connection "model.data_processing_analytics.hourly_traffic"
[0m20:20:26.990371 [debug] [Thread-2 (]: Using postgres connection "model.data_processing_analytics.page_type_summary"
[0m20:20:26.992412 [debug] [Thread-2 (]: On model.data_processing_analytics.page_type_summary: /* {"app": "dbt", "dbt_version": "1.9.1", "profile_name": "data_processing", "target_name": "local", "node_id": "model.data_processing_analytics.page_type_summary"} */
select * from (
        /*
    High-level summary statistics per page type.
    Provides an overview of impression volume, user engagement, and funnel depth.
*/
with aggregated as (
    select * from "data_processing"."public_analytics"."int_impressions_aggregated"
),

summary as (
    select
        page_type,
        count(distinct impression_id) as total_impressions,
        count(distinct user_id) as unique_users,
        round(avg(distinct_events), 2) as avg_funnel_depth,
        max(distinct_events) as max_funnel_depth,
        round(avg(last_event_second - first_event_second), 2) as avg_duration_seconds,
        sum(case when max_event_reached >= 'd' then 1 else 0 end) as impressions_reaching_d,
        sum(case when max_event_reached >= 'e' then 1 else 0 end) as impressions_reaching_e,
        sum(case when max_event_reached >= 'f' then 1 else 0 end) as impressions_reaching_f,
        round(
            sum(case when max_event_reached >= 'd' then 1 else 0 end)::numeric
            / count(distinct impression_id) * 100, 2
        ) as pct_reaching_d,
        round(
            sum(case when max_event_reached >= 'e' then 1 else 0 end)::numeric
            / count(distinct impression_id) * 100, 2
        ) as pct_reaching_e,
        round(
            sum(case when max_event_reached >= 'f' then 1 else 0 end)::numeric
            / count(distinct impression_id) * 100, 2
        ) as pct_reaching_f
    from aggregated
    group by page_type
)

select * from summary
order by page_type
    ) as __dbt_sbq
    where false
    limit 0

[0m20:20:26.992155 [debug] [Thread-1 (]: On model.data_processing_analytics.hourly_traffic: /* {"app": "dbt", "dbt_version": "1.9.1", "profile_name": "data_processing", "target_name": "local", "node_id": "model.data_processing_analytics.hourly_traffic"} */
select * from (
        /*
    Hourly traffic patterns by page type.
    Shows impression volume and engagement over time.
*/
with aggregated as (
    select * from "data_processing"."public_analytics"."int_impressions_aggregated"
),

hourly as (
    select
        event_date,
        hour,
        page_type,
        count(distinct impression_id) as total_impressions,
        count(distinct user_id) as unique_users,
        round(avg(distinct_events), 2) as avg_funnel_depth,
        sum(case when max_event_reached >= 'd' then 1 else 0 end) as impressions_reaching_d,
        round(
            sum(case when max_event_reached >= 'd' then 1 else 0 end)::numeric
            / nullif(count(distinct impression_id), 0) * 100, 2
        ) as pct_reaching_d
    from aggregated
    group by event_date, hour, page_type
)

select * from hourly
order by event_date, hour, page_type
    ) as __dbt_sbq
    where false
    limit 0

[0m20:20:26.991916 [debug] [Thread-4 (]: Using postgres connection "model.data_processing_analytics.user_engagement"
[0m20:20:26.992630 [debug] [Thread-3 (]: SQL status: INSERT 0 6 in 0.045 seconds
[0m20:20:26.992793 [debug] [Thread-2 (]: Opening a new connection, currently in state closed
[0m20:20:26.992992 [debug] [Thread-1 (]: Opening a new connection, currently in state closed
[0m20:20:26.993202 [debug] [Thread-4 (]: On model.data_processing_analytics.user_engagement: /* {"app": "dbt", "dbt_version": "1.9.1", "profile_name": "data_processing", "target_name": "local", "node_id": "model.data_processing_analytics.user_engagement"} */
select * from (
        /*
    User-level engagement metrics across all page types.
    Identifies user activity patterns and most-engaged page type.
*/
with aggregated as (
    select * from "data_processing"."public_analytics"."int_impressions_aggregated"
),

user_metrics as (
    select
        user_id,
        count(distinct impression_id) as total_impressions,
        count(distinct page_type) as page_types_visited,
        round(avg(distinct_events), 2) as avg_funnel_depth,
        max(distinct_events) as max_funnel_depth,
        sum(event_count) as total_events,
        min(first_event_at) as first_seen,
        max(last_event_at) as last_seen
    from aggregated
    group by user_id
),

most_engaged_page as (
    select distinct on (user_id)
        user_id,
        page_type as most_engaged_page_type,
        count(*) as impressions_on_page
    from aggregated
    group by user_id, page_type
    order by user_id, count(*) desc
)

select
    um.*,
    mep.most_engaged_page_type,
    mep.impressions_on_page as impressions_on_top_page
from user_metrics um
join most_engaged_page mep on um.user_id = mep.user_id
order by um.total_impressions desc
    ) as __dbt_sbq
    where false
    limit 0

[0m20:20:26.995111 [debug] [Thread-3 (]: Using postgres connection "model.data_processing_analytics.funnel_analysis"
[0m20:20:26.995636 [debug] [Thread-4 (]: Opening a new connection, currently in state closed
[0m20:20:26.995893 [debug] [Thread-3 (]: On model.data_processing_analytics.funnel_analysis: /* {"app": "dbt", "dbt_version": "1.9.1", "profile_name": "data_processing", "target_name": "local", "node_id": "model.data_processing_analytics.funnel_analysis"} */
alter table "data_processing"."public_analytics"."funnel_analysis" rename to "funnel_analysis__dbt_backup"
[0m20:20:26.996595 [debug] [Thread-3 (]: SQL status: ALTER TABLE in 0.000 seconds
[0m20:20:27.000589 [debug] [Thread-3 (]: Using postgres connection "model.data_processing_analytics.funnel_analysis"
[0m20:20:27.000843 [debug] [Thread-3 (]: On model.data_processing_analytics.funnel_analysis: /* {"app": "dbt", "dbt_version": "1.9.1", "profile_name": "data_processing", "target_name": "local", "node_id": "model.data_processing_analytics.funnel_analysis"} */
alter table "data_processing"."public_analytics"."funnel_analysis__dbt_tmp" rename to "funnel_analysis"
[0m20:20:27.001215 [debug] [Thread-3 (]: SQL status: ALTER TABLE in 0.000 seconds
[0m20:20:27.001858 [debug] [Thread-3 (]: On model.data_processing_analytics.funnel_analysis: COMMIT
[0m20:20:27.002039 [debug] [Thread-3 (]: Using postgres connection "model.data_processing_analytics.funnel_analysis"
[0m20:20:27.002218 [debug] [Thread-3 (]: On model.data_processing_analytics.funnel_analysis: COMMIT
[0m20:20:27.002590 [debug] [Thread-3 (]: SQL status: COMMIT in 0.000 seconds
[0m20:20:27.002753 [debug] [Thread-1 (]: SQL status: SELECT 0 in 0.010 seconds
[0m20:20:27.032446 [debug] [Thread-3 (]: Applying DROP to: "data_processing"."public_analytics"."funnel_analysis__dbt_backup"
[0m20:20:27.032662 [debug] [Thread-2 (]: SQL status: SELECT 0 in 0.040 seconds
[0m20:20:27.033395 [warn ] [Thread-1 (]: Detected columns with numeric type and unspecified precision/scale, this can lead to unintended rounding: ['avg_funnel_depth', 'pct_reaching_d']`
[0m20:20:27.033734 [debug] [Thread-4 (]: SQL status: SELECT 0 in 0.038 seconds
[0m20:20:27.034159 [debug] [Thread-3 (]: Using postgres connection "model.data_processing_analytics.funnel_analysis"
[0m20:20:27.034805 [warn ] [Thread-2 (]: Detected columns with numeric type and unspecified precision/scale, this can lead to unintended rounding: ['avg_funnel_depth', 'avg_duration_seconds', 'pct_reaching_d', 'pct_reaching_e', 'pct_reaching_f']`
[0m20:20:27.035272 [debug] [Thread-1 (]: Using postgres connection "model.data_processing_analytics.hourly_traffic"
[0m20:20:27.035871 [warn ] [Thread-4 (]: Detected columns with numeric type and unspecified precision/scale, this can lead to unintended rounding: ['avg_funnel_depth', 'total_events']`
[0m20:20:27.036239 [debug] [Thread-3 (]: On model.data_processing_analytics.funnel_analysis: /* {"app": "dbt", "dbt_version": "1.9.1", "profile_name": "data_processing", "target_name": "local", "node_id": "model.data_processing_analytics.funnel_analysis"} */
drop table if exists "data_processing"."public_analytics"."funnel_analysis__dbt_backup" cascade
[0m20:20:27.036507 [debug] [Thread-2 (]: Using postgres connection "model.data_processing_analytics.page_type_summary"
[0m20:20:27.036743 [debug] [Thread-1 (]: On model.data_processing_analytics.hourly_traffic: /* {"app": "dbt", "dbt_version": "1.9.1", "profile_name": "data_processing", "target_name": "local", "node_id": "model.data_processing_analytics.hourly_traffic"} */
select * from (
        select
    
      
    cast(null as date)
 as event_date, 
      
    cast(null as integer)
 as hour, 
      
    cast(null as integer)
 as page_type, 
      
    cast(null as bigint)
 as total_impressions, 
      
    cast(null as bigint)
 as unique_users, 
      
    cast(null as numeric)
 as avg_funnel_depth, 
      
    cast(null as bigint)
 as impressions_reaching_d, 
      
    cast(null as numeric)
 as pct_reaching_d
    ) as __dbt_sbq
    where false
    limit 0

[0m20:20:27.037023 [debug] [Thread-4 (]: Using postgres connection "model.data_processing_analytics.user_engagement"
[0m20:20:27.037363 [debug] [Thread-2 (]: On model.data_processing_analytics.page_type_summary: /* {"app": "dbt", "dbt_version": "1.9.1", "profile_name": "data_processing", "target_name": "local", "node_id": "model.data_processing_analytics.page_type_summary"} */
select * from (
        select
    
      
    cast(null as integer)
 as page_type, 
      
    cast(null as bigint)
 as total_impressions, 
      
    cast(null as bigint)
 as unique_users, 
      
    cast(null as numeric)
 as avg_funnel_depth, 
      
    cast(null as bigint)
 as max_funnel_depth, 
      
    cast(null as numeric)
 as avg_duration_seconds, 
      
    cast(null as bigint)
 as impressions_reaching_d, 
      
    cast(null as bigint)
 as impressions_reaching_e, 
      
    cast(null as bigint)
 as impressions_reaching_f, 
      
    cast(null as numeric)
 as pct_reaching_d, 
      
    cast(null as numeric)
 as pct_reaching_e, 
      
    cast(null as numeric)
 as pct_reaching_f
    ) as __dbt_sbq
    where false
    limit 0

[0m20:20:27.037729 [debug] [Thread-4 (]: On model.data_processing_analytics.user_engagement: /* {"app": "dbt", "dbt_version": "1.9.1", "profile_name": "data_processing", "target_name": "local", "node_id": "model.data_processing_analytics.user_engagement"} */
select * from (
        select
    
      
    cast(null as varchar)
 as user_id, 
      
    cast(null as bigint)
 as total_impressions, 
      
    cast(null as bigint)
 as page_types_visited, 
      
    cast(null as numeric)
 as avg_funnel_depth, 
      
    cast(null as bigint)
 as max_funnel_depth, 
      
    cast(null as numeric)
 as total_events, 
      
    cast(null as timestamp)
 as first_seen, 
      
    cast(null as timestamp)
 as last_seen, 
      
    cast(null as integer)
 as most_engaged_page_type, 
      
    cast(null as bigint)
 as impressions_on_top_page
    ) as __dbt_sbq
    where false
    limit 0

[0m20:20:27.037953 [debug] [Thread-1 (]: SQL status: SELECT 0 in 0.000 seconds
[0m20:20:27.038118 [debug] [Thread-3 (]: SQL status: DROP TABLE in 0.001 seconds
[0m20:20:27.038406 [debug] [Thread-2 (]: SQL status: SELECT 0 in 0.000 seconds
[0m20:20:27.038516 [debug] [Thread-4 (]: SQL status: SELECT 0 in 0.000 seconds
[0m20:20:27.039551 [debug] [Thread-1 (]: Writing runtime sql for node "model.data_processing_analytics.hourly_traffic"
[0m20:20:27.040194 [debug] [Thread-3 (]: On model.data_processing_analytics.funnel_analysis: Close
[0m20:20:27.041262 [debug] [Thread-2 (]: Writing runtime sql for node "model.data_processing_analytics.page_type_summary"
[0m20:20:27.042327 [debug] [Thread-4 (]: Writing runtime sql for node "model.data_processing_analytics.user_engagement"
[0m20:20:27.042861 [debug] [Thread-3 (]: Sending event: {'category': 'dbt', 'action': 'run_model', 'label': 'e771288d-188d-4436-8fa0-e5c25b725e49', 'context': [<snowplow_tracker.self_describing_json.SelfDescribingJson object at 0xffffa41b2a10>]}
[0m20:20:27.043219 [debug] [Thread-1 (]: Using postgres connection "model.data_processing_analytics.hourly_traffic"
[0m20:20:27.043926 [debug] [Thread-2 (]: Using postgres connection "model.data_processing_analytics.page_type_summary"
[0m20:20:27.043745 [info ] [Thread-3 (]: 2 of 6 OK created sql table model public_analytics.funnel_analysis ............. [[32mINSERT 0 6[0m in 0.14s]
[0m20:20:27.044202 [debug] [Thread-1 (]: On model.data_processing_analytics.hourly_traffic: BEGIN
[0m20:20:27.044353 [debug] [Thread-4 (]: Using postgres connection "model.data_processing_analytics.user_engagement"
[0m20:20:27.044503 [debug] [Thread-2 (]: On model.data_processing_analytics.page_type_summary: BEGIN
[0m20:20:27.044736 [debug] [Thread-3 (]: Finished running node model.data_processing_analytics.funnel_analysis
[0m20:20:27.045037 [debug] [Thread-4 (]: On model.data_processing_analytics.user_engagement: BEGIN
[0m20:20:27.045191 [debug] [Thread-1 (]: SQL status: BEGIN in 0.000 seconds
[0m20:20:27.045715 [debug] [Thread-1 (]: Using postgres connection "model.data_processing_analytics.hourly_traffic"
[0m20:20:27.045402 [debug] [Thread-2 (]: SQL status: BEGIN in 0.000 seconds
[0m20:20:27.045850 [debug] [Thread-4 (]: SQL status: BEGIN in 0.000 seconds
[0m20:20:27.046061 [debug] [Thread-1 (]: On model.data_processing_analytics.hourly_traffic: /* {"app": "dbt", "dbt_version": "1.9.1", "profile_name": "data_processing", "target_name": "local", "node_id": "model.data_processing_analytics.hourly_traffic"} */

  
    

  create  table "data_processing"."public_analytics"."hourly_traffic__dbt_tmp"
  
  
    
  
  (
    event_date date,
    hour integer,
    page_type integer,
    total_impressions bigint,
    unique_users bigint,
    avg_funnel_depth numeric,
    impressions_reaching_d bigint,
    pct_reaching_d numeric
    
    )
 ;
    insert into "data_processing"."public_analytics"."hourly_traffic__dbt_tmp" (
      event_date, hour, page_type, total_impressions, unique_users, avg_funnel_depth, impressions_reaching_d, pct_reaching_d
    )
  
  (
    
    select event_date, hour, page_type, total_impressions, unique_users, avg_funnel_depth, impressions_reaching_d, pct_reaching_d
    from (
        /*
    Hourly traffic patterns by page type.
    Shows impression volume and engagement over time.
*/
with aggregated as (
    select * from "data_processing"."public_analytics"."int_impressions_aggregated"
),

hourly as (
    select
        event_date,
        hour,
        page_type,
        count(distinct impression_id) as total_impressions,
        count(distinct user_id) as unique_users,
        round(avg(distinct_events), 2) as avg_funnel_depth,
        sum(case when max_event_reached >= 'd' then 1 else 0 end) as impressions_reaching_d,
        round(
            sum(case when max_event_reached >= 'd' then 1 else 0 end)::numeric
            / nullif(count(distinct impression_id), 0) * 100, 2
        ) as pct_reaching_d
    from aggregated
    group by event_date, hour, page_type
)

select * from hourly
order by event_date, hour, page_type
    ) as model_subq
  );
  
[0m20:20:27.046278 [debug] [Thread-2 (]: Using postgres connection "model.data_processing_analytics.page_type_summary"
[0m20:20:27.046452 [debug] [Thread-4 (]: Using postgres connection "model.data_processing_analytics.user_engagement"
[0m20:20:27.046795 [debug] [Thread-2 (]: On model.data_processing_analytics.page_type_summary: /* {"app": "dbt", "dbt_version": "1.9.1", "profile_name": "data_processing", "target_name": "local", "node_id": "model.data_processing_analytics.page_type_summary"} */

  
    

  create  table "data_processing"."public_analytics"."page_type_summary__dbt_tmp"
  
  
    
  
  (
    page_type integer,
    total_impressions bigint,
    unique_users bigint,
    avg_funnel_depth numeric,
    max_funnel_depth bigint,
    avg_duration_seconds numeric,
    impressions_reaching_d bigint,
    impressions_reaching_e bigint,
    impressions_reaching_f bigint,
    pct_reaching_d numeric,
    pct_reaching_e numeric,
    pct_reaching_f numeric
    
    )
 ;
    insert into "data_processing"."public_analytics"."page_type_summary__dbt_tmp" (
      page_type, total_impressions, unique_users, avg_funnel_depth, max_funnel_depth, avg_duration_seconds, impressions_reaching_d, impressions_reaching_e, impressions_reaching_f, pct_reaching_d, pct_reaching_e, pct_reaching_f
    )
  
  (
    
    select page_type, total_impressions, unique_users, avg_funnel_depth, max_funnel_depth, avg_duration_seconds, impressions_reaching_d, impressions_reaching_e, impressions_reaching_f, pct_reaching_d, pct_reaching_e, pct_reaching_f
    from (
        /*
    High-level summary statistics per page type.
    Provides an overview of impression volume, user engagement, and funnel depth.
*/
with aggregated as (
    select * from "data_processing"."public_analytics"."int_impressions_aggregated"
),

summary as (
    select
        page_type,
        count(distinct impression_id) as total_impressions,
        count(distinct user_id) as unique_users,
        round(avg(distinct_events), 2) as avg_funnel_depth,
        max(distinct_events) as max_funnel_depth,
        round(avg(last_event_second - first_event_second), 2) as avg_duration_seconds,
        sum(case when max_event_reached >= 'd' then 1 else 0 end) as impressions_reaching_d,
        sum(case when max_event_reached >= 'e' then 1 else 0 end) as impressions_reaching_e,
        sum(case when max_event_reached >= 'f' then 1 else 0 end) as impressions_reaching_f,
        round(
            sum(case when max_event_reached >= 'd' then 1 else 0 end)::numeric
            / count(distinct impression_id) * 100, 2
        ) as pct_reaching_d,
        round(
            sum(case when max_event_reached >= 'e' then 1 else 0 end)::numeric
            / count(distinct impression_id) * 100, 2
        ) as pct_reaching_e,
        round(
            sum(case when max_event_reached >= 'f' then 1 else 0 end)::numeric
            / count(distinct impression_id) * 100, 2
        ) as pct_reaching_f
    from aggregated
    group by page_type
)

select * from summary
order by page_type
    ) as model_subq
  );
  
[0m20:20:27.047161 [debug] [Thread-4 (]: On model.data_processing_analytics.user_engagement: /* {"app": "dbt", "dbt_version": "1.9.1", "profile_name": "data_processing", "target_name": "local", "node_id": "model.data_processing_analytics.user_engagement"} */

  
    

  create  table "data_processing"."public_analytics"."user_engagement__dbt_tmp"
  
  
    
  
  (
    user_id varchar,
    total_impressions bigint,
    page_types_visited bigint,
    avg_funnel_depth numeric,
    max_funnel_depth bigint,
    total_events numeric,
    first_seen timestamp,
    last_seen timestamp,
    most_engaged_page_type integer,
    impressions_on_top_page bigint
    
    )
 ;
    insert into "data_processing"."public_analytics"."user_engagement__dbt_tmp" (
      user_id, total_impressions, page_types_visited, avg_funnel_depth, max_funnel_depth, total_events, first_seen, last_seen, most_engaged_page_type, impressions_on_top_page
    )
  
  (
    
    select user_id, total_impressions, page_types_visited, avg_funnel_depth, max_funnel_depth, total_events, first_seen, last_seen, most_engaged_page_type, impressions_on_top_page
    from (
        /*
    User-level engagement metrics across all page types.
    Identifies user activity patterns and most-engaged page type.
*/
with aggregated as (
    select * from "data_processing"."public_analytics"."int_impressions_aggregated"
),

user_metrics as (
    select
        user_id,
        count(distinct impression_id) as total_impressions,
        count(distinct page_type) as page_types_visited,
        round(avg(distinct_events), 2) as avg_funnel_depth,
        max(distinct_events) as max_funnel_depth,
        sum(event_count) as total_events,
        min(first_event_at) as first_seen,
        max(last_event_at) as last_seen
    from aggregated
    group by user_id
),

most_engaged_page as (
    select distinct on (user_id)
        user_id,
        page_type as most_engaged_page_type,
        count(*) as impressions_on_page
    from aggregated
    group by user_id, page_type
    order by user_id, count(*) desc
)

select
    um.*,
    mep.most_engaged_page_type,
    mep.impressions_on_page as impressions_on_top_page
from user_metrics um
join most_engaged_page mep on um.user_id = mep.user_id
order by um.total_impressions desc
    ) as model_subq
  );
  
[0m20:20:27.050026 [debug] [Thread-1 (]: SQL status: INSERT 0 4 in 0.003 seconds
[0m20:20:27.051765 [debug] [Thread-1 (]: Using postgres connection "model.data_processing_analytics.hourly_traffic"
[0m20:20:27.052075 [debug] [Thread-1 (]: On model.data_processing_analytics.hourly_traffic: /* {"app": "dbt", "dbt_version": "1.9.1", "profile_name": "data_processing", "target_name": "local", "node_id": "model.data_processing_analytics.hourly_traffic"} */
alter table "data_processing"."public_analytics"."hourly_traffic" rename to "hourly_traffic__dbt_backup"
[0m20:20:27.051918 [debug] [Thread-2 (]: SQL status: INSERT 0 3 in 0.005 seconds
[0m20:20:27.053503 [debug] [Thread-2 (]: Using postgres connection "model.data_processing_analytics.page_type_summary"
[0m20:20:27.053652 [debug] [Thread-4 (]: SQL status: INSERT 0 51 in 0.006 seconds
[0m20:20:27.053791 [debug] [Thread-1 (]: SQL status: ALTER TABLE in 0.002 seconds
[0m20:20:27.053978 [debug] [Thread-2 (]: On model.data_processing_analytics.page_type_summary: /* {"app": "dbt", "dbt_version": "1.9.1", "profile_name": "data_processing", "target_name": "local", "node_id": "model.data_processing_analytics.page_type_summary"} */
alter table "data_processing"."public_analytics"."page_type_summary" rename to "page_type_summary__dbt_backup"
[0m20:20:27.055482 [debug] [Thread-4 (]: Using postgres connection "model.data_processing_analytics.user_engagement"
[0m20:20:27.056766 [debug] [Thread-1 (]: Using postgres connection "model.data_processing_analytics.hourly_traffic"
[0m20:20:27.057062 [debug] [Thread-4 (]: On model.data_processing_analytics.user_engagement: /* {"app": "dbt", "dbt_version": "1.9.1", "profile_name": "data_processing", "target_name": "local", "node_id": "model.data_processing_analytics.user_engagement"} */
alter table "data_processing"."public_analytics"."user_engagement" rename to "user_engagement__dbt_backup"
[0m20:20:27.057233 [debug] [Thread-2 (]: SQL status: ALTER TABLE in 0.000 seconds
[0m20:20:27.057416 [debug] [Thread-1 (]: On model.data_processing_analytics.hourly_traffic: /* {"app": "dbt", "dbt_version": "1.9.1", "profile_name": "data_processing", "target_name": "local", "node_id": "model.data_processing_analytics.hourly_traffic"} */
alter table "data_processing"."public_analytics"."hourly_traffic__dbt_tmp" rename to "hourly_traffic"
[0m20:20:27.059148 [debug] [Thread-2 (]: Using postgres connection "model.data_processing_analytics.page_type_summary"
[0m20:20:27.059308 [debug] [Thread-4 (]: SQL status: ALTER TABLE in 0.002 seconds
[0m20:20:27.059544 [debug] [Thread-2 (]: On model.data_processing_analytics.page_type_summary: /* {"app": "dbt", "dbt_version": "1.9.1", "profile_name": "data_processing", "target_name": "local", "node_id": "model.data_processing_analytics.page_type_summary"} */
alter table "data_processing"."public_analytics"."page_type_summary__dbt_tmp" rename to "page_type_summary"
[0m20:20:27.059687 [debug] [Thread-1 (]: SQL status: ALTER TABLE in 0.000 seconds
[0m20:20:27.060896 [debug] [Thread-4 (]: Using postgres connection "model.data_processing_analytics.user_engagement"
[0m20:20:27.061182 [debug] [Thread-2 (]: SQL status: ALTER TABLE in 0.000 seconds
[0m20:20:27.061709 [debug] [Thread-1 (]: On model.data_processing_analytics.hourly_traffic: COMMIT
[0m20:20:27.061954 [debug] [Thread-4 (]: On model.data_processing_analytics.user_engagement: /* {"app": "dbt", "dbt_version": "1.9.1", "profile_name": "data_processing", "target_name": "local", "node_id": "model.data_processing_analytics.user_engagement"} */
alter table "data_processing"."public_analytics"."user_engagement__dbt_tmp" rename to "user_engagement"
[0m20:20:27.062562 [debug] [Thread-2 (]: On model.data_processing_analytics.page_type_summary: COMMIT
[0m20:20:27.062770 [debug] [Thread-1 (]: Using postgres connection "model.data_processing_analytics.hourly_traffic"
[0m20:20:27.063057 [debug] [Thread-2 (]: Using postgres connection "model.data_processing_analytics.page_type_summary"
[0m20:20:27.063205 [debug] [Thread-4 (]: SQL status: ALTER TABLE in 0.000 seconds
[0m20:20:27.063376 [debug] [Thread-1 (]: On model.data_processing_analytics.hourly_traffic: COMMIT
[0m20:20:27.063553 [debug] [Thread-2 (]: On model.data_processing_analytics.page_type_summary: COMMIT
[0m20:20:27.064129 [debug] [Thread-4 (]: On model.data_processing_analytics.user_engagement: COMMIT
[0m20:20:27.064489 [debug] [Thread-4 (]: Using postgres connection "model.data_processing_analytics.user_engagement"
[0m20:20:27.064643 [debug] [Thread-1 (]: SQL status: COMMIT in 0.000 seconds
[0m20:20:27.064764 [debug] [Thread-2 (]: SQL status: COMMIT in 0.000 seconds
[0m20:20:27.064927 [debug] [Thread-4 (]: On model.data_processing_analytics.user_engagement: COMMIT
[0m20:20:27.065958 [debug] [Thread-1 (]: Applying DROP to: "data_processing"."public_analytics"."hourly_traffic__dbt_backup"
[0m20:20:27.067349 [debug] [Thread-1 (]: Using postgres connection "model.data_processing_analytics.hourly_traffic"
[0m20:20:27.066982 [debug] [Thread-2 (]: Applying DROP to: "data_processing"."public_analytics"."page_type_summary__dbt_backup"
[0m20:20:27.067506 [debug] [Thread-4 (]: SQL status: COMMIT in 0.000 seconds
[0m20:20:27.067670 [debug] [Thread-1 (]: On model.data_processing_analytics.hourly_traffic: /* {"app": "dbt", "dbt_version": "1.9.1", "profile_name": "data_processing", "target_name": "local", "node_id": "model.data_processing_analytics.hourly_traffic"} */
drop table if exists "data_processing"."public_analytics"."hourly_traffic__dbt_backup" cascade
[0m20:20:27.067936 [debug] [Thread-2 (]: Using postgres connection "model.data_processing_analytics.page_type_summary"
[0m20:20:27.069017 [debug] [Thread-4 (]: Applying DROP to: "data_processing"."public_analytics"."user_engagement__dbt_backup"
[0m20:20:27.069281 [debug] [Thread-2 (]: On model.data_processing_analytics.page_type_summary: /* {"app": "dbt", "dbt_version": "1.9.1", "profile_name": "data_processing", "target_name": "local", "node_id": "model.data_processing_analytics.page_type_summary"} */
drop table if exists "data_processing"."public_analytics"."page_type_summary__dbt_backup" cascade
[0m20:20:27.069582 [debug] [Thread-4 (]: Using postgres connection "model.data_processing_analytics.user_engagement"
[0m20:20:27.069868 [debug] [Thread-4 (]: On model.data_processing_analytics.user_engagement: /* {"app": "dbt", "dbt_version": "1.9.1", "profile_name": "data_processing", "target_name": "local", "node_id": "model.data_processing_analytics.user_engagement"} */
drop table if exists "data_processing"."public_analytics"."user_engagement__dbt_backup" cascade
[0m20:20:27.070039 [debug] [Thread-1 (]: SQL status: DROP TABLE in 0.001 seconds
[0m20:20:27.070192 [debug] [Thread-2 (]: SQL status: DROP TABLE in 0.000 seconds
[0m20:20:27.070790 [debug] [Thread-1 (]: On model.data_processing_analytics.hourly_traffic: Close
[0m20:20:27.070942 [debug] [Thread-4 (]: SQL status: DROP TABLE in 0.001 seconds
[0m20:20:27.071492 [debug] [Thread-2 (]: On model.data_processing_analytics.page_type_summary: Close
[0m20:20:27.071871 [debug] [Thread-1 (]: Sending event: {'category': 'dbt', 'action': 'run_model', 'label': 'e771288d-188d-4436-8fa0-e5c25b725e49', 'context': [<snowplow_tracker.self_describing_json.SelfDescribingJson object at 0xffffa4174e80>]}
[0m20:20:27.072408 [debug] [Thread-4 (]: On model.data_processing_analytics.user_engagement: Close
[0m20:20:27.072701 [debug] [Thread-2 (]: Sending event: {'category': 'dbt', 'action': 'run_model', 'label': 'e771288d-188d-4436-8fa0-e5c25b725e49', 'context': [<snowplow_tracker.self_describing_json.SelfDescribingJson object at 0xffffa6354610>]}
[0m20:20:27.073042 [info ] [Thread-1 (]: 4 of 6 OK created sql table model public_analytics.hourly_traffic .............. [[32mINSERT 0 4[0m in 0.09s]
[0m20:20:27.073397 [debug] [Thread-4 (]: Sending event: {'category': 'dbt', 'action': 'run_model', 'label': 'e771288d-188d-4436-8fa0-e5c25b725e49', 'context': [<snowplow_tracker.self_describing_json.SelfDescribingJson object at 0xffffa41a7f10>]}
[0m20:20:27.073710 [info ] [Thread-2 (]: 5 of 6 OK created sql table model public_analytics.page_type_summary ........... [[32mINSERT 0 3[0m in 0.09s]
[0m20:20:27.074097 [debug] [Thread-1 (]: Finished running node model.data_processing_analytics.hourly_traffic
[0m20:20:27.074415 [info ] [Thread-4 (]: 6 of 6 OK created sql table model public_analytics.user_engagement ............. [[32mINSERT 0 51[0m in 0.09s]
[0m20:20:27.074747 [debug] [Thread-2 (]: Finished running node model.data_processing_analytics.page_type_summary
[0m20:20:27.075161 [debug] [Thread-4 (]: Finished running node model.data_processing_analytics.user_engagement
[0m20:20:27.075900 [debug] [MainThread]: Using postgres connection "master"
[0m20:20:27.076061 [debug] [MainThread]: On master: BEGIN
[0m20:20:27.076219 [debug] [MainThread]: Opening a new connection, currently in state closed
[0m20:20:27.080120 [debug] [MainThread]: SQL status: BEGIN in 0.004 seconds
[0m20:20:27.080330 [debug] [MainThread]: On master: COMMIT
[0m20:20:27.080503 [debug] [MainThread]: Using postgres connection "master"
[0m20:20:27.080656 [debug] [MainThread]: On master: COMMIT
[0m20:20:27.080852 [debug] [MainThread]: SQL status: COMMIT in 0.000 seconds
[0m20:20:27.080991 [debug] [MainThread]: On master: Close
[0m20:20:27.081183 [debug] [MainThread]: Connection 'master' was properly closed.
[0m20:20:27.081314 [debug] [MainThread]: Connection 'model.data_processing_analytics.page_type_summary' was properly closed.
[0m20:20:27.081444 [debug] [MainThread]: Connection 'model.data_processing_analytics.hourly_traffic' was properly closed.
[0m20:20:27.081585 [debug] [MainThread]: Connection 'model.data_processing_analytics.funnel_analysis' was properly closed.
[0m20:20:27.081715 [debug] [MainThread]: Connection 'model.data_processing_analytics.user_engagement' was properly closed.
[0m20:20:27.081907 [info ] [MainThread]: 
[0m20:20:27.082100 [info ] [MainThread]: Finished running 5 table models, 1 view model in 0 hours 0 minutes and 0.35 seconds (0.35s).
[0m20:20:27.082734 [debug] [MainThread]: Command end result
[0m20:20:27.098284 [debug] [MainThread]: Wrote artifact WritableManifest to /dbt/target/manifest.json
[0m20:20:27.099417 [debug] [MainThread]: Wrote artifact SemanticManifest to /dbt/target/semantic_manifest.json
[0m20:20:27.102899 [debug] [MainThread]: Wrote artifact RunExecutionResult to /dbt/target/run_results.json
[0m20:20:27.103282 [info ] [MainThread]: 
[0m20:20:27.103474 [info ] [MainThread]: [32mCompleted successfully[0m
[0m20:20:27.103681 [info ] [MainThread]: 
[0m20:20:27.103887 [info ] [MainThread]: Done. PASS=6 WARN=0 ERROR=0 SKIP=0 TOTAL=6
[0m20:20:27.104372 [debug] [MainThread]: Resource report: {"command_name": "run", "command_success": true, "command_wall_clock_time": 1.0631223, "process_in_blocks": "26384", "process_kernel_time": 0.263232, "process_mem_max_rss": "128372", "process_out_blocks": "3517", "process_user_time": 1.249102}
[0m20:20:27.104598 [debug] [MainThread]: Command `dbt run` succeeded at 20:20:27.104558 after 1.06 seconds
[0m20:20:27.104775 [debug] [MainThread]: Sending event: {'category': 'dbt', 'action': 'invocation', 'label': 'end', 'context': [<snowplow_tracker.self_describing_json.SelfDescribingJson object at 0xffffaef67160>, <snowplow_tracker.self_describing_json.SelfDescribingJson object at 0xffffa78f5060>, <snowplow_tracker.self_describing_json.SelfDescribingJson object at 0xffffaeef06d0>]}
[0m20:20:27.104958 [debug] [MainThread]: Flushing usage events
[0m20:20:27.195992 [debug] [MainThread]: An error was encountered while trying to flush usage events
[0m20:21:10.588237 [debug] [MainThread]: Sending event: {'category': 'dbt', 'action': 'invocation', 'label': 'start', 'context': [<snowplow_tracker.self_describing_json.SelfDescribingJson object at 0xffff8e4eb3a0>, <snowplow_tracker.self_describing_json.SelfDescribingJson object at 0xffff8d692e30>, <snowplow_tracker.self_describing_json.SelfDescribingJson object at 0xffff8d691de0>]}


============================== 20:21:10.592453 | d138aae3-aa83-4438-9e2f-7772041031a4 ==============================
[0m20:21:10.592453 [info ] [MainThread]: Running with dbt=1.9.1
[0m20:21:10.592848 [debug] [MainThread]: running dbt with arguments {'printer_width': '80', 'indirect_selection': 'eager', 'log_cache_events': 'False', 'write_json': 'True', 'partial_parse': 'True', 'cache_selected_only': 'False', 'profiles_dir': '/dbt', 'version_check': 'True', 'fail_fast': 'False', 'log_path': '/dbt/logs', 'debug': 'False', 'warn_error': 'None', 'use_colors': 'True', 'use_experimental_parser': 'False', 'empty': 'None', 'quiet': 'False', 'no_print': 'None', 'log_format': 'default', 'static_parser': 'True', 'invocation_command': 'dbt deps', 'warn_error_options': 'WarnErrorOptions(include=[], exclude=[])', 'target_path': 'None', 'introspect': 'True', 'send_anonymous_usage_stats': 'True'}
[0m20:21:10.647167 [debug] [MainThread]: Sending event: {'category': 'dbt', 'action': 'project_id', 'label': 'd138aae3-aa83-4438-9e2f-7772041031a4', 'context': [<snowplow_tracker.self_describing_json.SelfDescribingJson object at 0xffff901fdb40>]}
[0m20:21:10.655811 [info ] [MainThread]: Warning: No packages were found in packages.yml
[0m20:21:10.657081 [info ] [MainThread]: Warning: No packages were found in packages.yml
[0m20:21:10.658075 [debug] [MainThread]: Resource report: {"command_name": "deps", "command_success": true, "command_wall_clock_time": 0.09681525, "process_in_blocks": "0", "process_kernel_time": 0.175256, "process_mem_max_rss": "95564", "process_out_blocks": "2131", "process_user_time": 0.771127}
[0m20:21:10.658321 [debug] [MainThread]: Command `dbt deps` succeeded at 20:21:10.658276 after 0.10 seconds
[0m20:21:10.658545 [debug] [MainThread]: Sending event: {'category': 'dbt', 'action': 'invocation', 'label': 'end', 'context': [<snowplow_tracker.self_describing_json.SelfDescribingJson object at 0xffff8e4eb3a0>, <snowplow_tracker.self_describing_json.SelfDescribingJson object at 0xffff901fdb40>, <snowplow_tracker.self_describing_json.SelfDescribingJson object at 0xffff8d565c60>]}
[0m20:21:10.658839 [debug] [MainThread]: Flushing usage events
[0m20:21:10.731787 [debug] [MainThread]: An error was encountered while trying to flush usage events
[0m20:21:11.471185 [debug] [MainThread]: Sending event: {'category': 'dbt', 'action': 'invocation', 'label': 'start', 'context': [<snowplow_tracker.self_describing_json.SelfDescribingJson object at 0xffff91c330a0>, <snowplow_tracker.self_describing_json.SelfDescribingJson object at 0xffff90dc7df0>, <snowplow_tracker.self_describing_json.SelfDescribingJson object at 0xffff90dc5d20>]}


============================== 20:21:11.472570 | 56b30592-d470-4539-8ff8-8800d608db17 ==============================
[0m20:21:11.472570 [info ] [MainThread]: Running with dbt=1.9.1
[0m20:21:11.472974 [debug] [MainThread]: running dbt with arguments {'printer_width': '80', 'indirect_selection': 'eager', 'log_cache_events': 'False', 'write_json': 'True', 'partial_parse': 'True', 'cache_selected_only': 'False', 'profiles_dir': '/dbt', 'debug': 'False', 'fail_fast': 'False', 'log_path': '/dbt/logs', 'warn_error': 'None', 'version_check': 'True', 'use_colors': 'True', 'use_experimental_parser': 'False', 'no_print': 'None', 'quiet': 'False', 'empty': 'None', 'log_format': 'default', 'static_parser': 'True', 'invocation_command': 'dbt test', 'introspect': 'True', 'target_path': 'None', 'warn_error_options': 'WarnErrorOptions(include=[], exclude=[])', 'send_anonymous_usage_stats': 'True'}
[0m20:21:11.539768 [debug] [MainThread]: Sending event: {'category': 'dbt', 'action': 'project_id', 'label': '56b30592-d470-4539-8ff8-8800d608db17', 'context': [<snowplow_tracker.self_describing_json.SelfDescribingJson object at 0xffff93a161d0>]}
[0m20:21:11.563771 [debug] [MainThread]: Sending event: {'category': 'dbt', 'action': 'adapter_info', 'label': '56b30592-d470-4539-8ff8-8800d608db17', 'context': [<snowplow_tracker.self_describing_json.SelfDescribingJson object at 0xffff91a32590>]}
[0m20:21:11.564309 [info ] [MainThread]: Registered adapter: postgres=1.9.1
[0m20:21:11.597905 [debug] [MainThread]: checksum: 5e8d1596cf4eae33c11286bbb248a722d21b9f00d8a7ced8137c642517055418, vars: {}, profile: , target: , version: 1.9.1
[0m20:21:11.675636 [debug] [MainThread]: Partial parsing enabled: 0 files deleted, 0 files added, 0 files changed.
[0m20:21:11.675947 [debug] [MainThread]: Partial parsing enabled, no changes found, skipping parsing
[0m20:21:11.700527 [debug] [MainThread]: Sending event: {'category': 'dbt', 'action': 'load_project', 'label': '56b30592-d470-4539-8ff8-8800d608db17', 'context': [<snowplow_tracker.self_describing_json.SelfDescribingJson object at 0xffff8fa2d7e0>]}
[0m20:21:11.748754 [debug] [MainThread]: Wrote artifact WritableManifest to /dbt/target/manifest.json
[0m20:21:11.764128 [debug] [MainThread]: Wrote artifact SemanticManifest to /dbt/target/semantic_manifest.json
[0m20:21:11.781212 [debug] [MainThread]: Sending event: {'category': 'dbt', 'action': 'resource_counts', 'label': '56b30592-d470-4539-8ff8-8800d608db17', 'context': [<snowplow_tracker.self_describing_json.SelfDescribingJson object at 0xffff8fa8e0e0>]}
[0m20:21:11.781511 [info ] [MainThread]: Found 6 models, 21 data tests, 1 source, 436 macros
[0m20:21:11.781775 [debug] [MainThread]: Sending event: {'category': 'dbt', 'action': 'runnable_timing', 'label': '56b30592-d470-4539-8ff8-8800d608db17', 'context': [<snowplow_tracker.self_describing_json.SelfDescribingJson object at 0xffff8fa8f970>]}
[0m20:21:11.804805 [info ] [MainThread]: 
[0m20:21:11.805270 [info ] [MainThread]: Concurrency: 4 threads (target='local')
[0m20:21:11.805558 [info ] [MainThread]: 
[0m20:21:11.805954 [debug] [MainThread]: Acquiring new postgres connection 'master'
[0m20:21:11.808287 [debug] [ThreadPool]: Acquiring new postgres connection 'list_data_processing_public_analytics'
[0m20:21:11.808569 [debug] [ThreadPool]: Acquiring new postgres connection 'list_data_processing_public_staging'
[0m20:21:11.828780 [debug] [ThreadPool]: Using postgres connection "list_data_processing_public_analytics"
[0m20:21:11.829027 [debug] [ThreadPool]: Using postgres connection "list_data_processing_public_staging"
[0m20:21:11.829317 [debug] [ThreadPool]: On list_data_processing_public_analytics: BEGIN
[0m20:21:11.829630 [debug] [ThreadPool]: On list_data_processing_public_staging: BEGIN
[0m20:21:11.830041 [debug] [ThreadPool]: Opening a new connection, currently in state init
[0m20:21:11.830272 [debug] [ThreadPool]: Opening a new connection, currently in state init
[0m20:21:11.838271 [debug] [ThreadPool]: SQL status: BEGIN in 0.008 seconds
[0m20:21:11.838503 [debug] [ThreadPool]: SQL status: BEGIN in 0.008 seconds
[0m20:21:11.838750 [debug] [ThreadPool]: Using postgres connection "list_data_processing_public_analytics"
[0m20:21:11.839035 [debug] [ThreadPool]: Using postgres connection "list_data_processing_public_staging"
[0m20:21:11.839269 [debug] [ThreadPool]: On list_data_processing_public_analytics: /* {"app": "dbt", "dbt_version": "1.9.1", "profile_name": "data_processing", "target_name": "local", "connection_name": "list_data_processing_public_analytics"} */
select
      'data_processing' as database,
      tablename as name,
      schemaname as schema,
      'table' as type
    from pg_tables
    where schemaname ilike 'public_analytics'
    union all
    select
      'data_processing' as database,
      viewname as name,
      schemaname as schema,
      'view' as type
    from pg_views
    where schemaname ilike 'public_analytics'
    union all
    select
      'data_processing' as database,
      matviewname as name,
      schemaname as schema,
      'materialized_view' as type
    from pg_matviews
    where schemaname ilike 'public_analytics'
  
[0m20:21:11.839527 [debug] [ThreadPool]: On list_data_processing_public_staging: /* {"app": "dbt", "dbt_version": "1.9.1", "profile_name": "data_processing", "target_name": "local", "connection_name": "list_data_processing_public_staging"} */
select
      'data_processing' as database,
      tablename as name,
      schemaname as schema,
      'table' as type
    from pg_tables
    where schemaname ilike 'public_staging'
    union all
    select
      'data_processing' as database,
      viewname as name,
      schemaname as schema,
      'view' as type
    from pg_views
    where schemaname ilike 'public_staging'
    union all
    select
      'data_processing' as database,
      matviewname as name,
      schemaname as schema,
      'materialized_view' as type
    from pg_matviews
    where schemaname ilike 'public_staging'
  
[0m20:21:11.841949 [debug] [ThreadPool]: SQL status: SELECT 1 in 0.002 seconds
[0m20:21:11.842134 [debug] [ThreadPool]: SQL status: SELECT 5 in 0.002 seconds
[0m20:21:11.842928 [debug] [ThreadPool]: On list_data_processing_public_staging: ROLLBACK
[0m20:21:11.843668 [debug] [ThreadPool]: On list_data_processing_public_analytics: ROLLBACK
[0m20:21:11.844024 [debug] [ThreadPool]: On list_data_processing_public_staging: Close
[0m20:21:11.844244 [debug] [ThreadPool]: On list_data_processing_public_analytics: Close
[0m20:21:11.847687 [debug] [MainThread]: Using postgres connection "master"
[0m20:21:11.847900 [debug] [MainThread]: On master: BEGIN
[0m20:21:11.848082 [debug] [MainThread]: Opening a new connection, currently in state init
[0m20:21:11.851775 [debug] [MainThread]: SQL status: BEGIN in 0.004 seconds
[0m20:21:11.852003 [debug] [MainThread]: Using postgres connection "master"
[0m20:21:11.852264 [debug] [MainThread]: On master: /* {"app": "dbt", "dbt_version": "1.9.1", "profile_name": "data_processing", "target_name": "local", "connection_name": "master"} */
select distinct
        dependent_namespace.nspname as dependent_schema,
        dependent_class.relname as dependent_name,
        referenced_namespace.nspname as referenced_schema,
        referenced_class.relname as referenced_name

    -- Query for views: views are entries in pg_class with an entry in pg_rewrite, but we avoid
    -- a seq scan on pg_rewrite by leveraging the fact there is an "internal" row in pg_depend for
    -- the view...
    from pg_class as dependent_class
    join pg_namespace as dependent_namespace on dependent_namespace.oid = dependent_class.relnamespace
    join pg_depend as dependent_depend on dependent_depend.refobjid = dependent_class.oid
        and dependent_depend.classid = 'pg_rewrite'::regclass
        and dependent_depend.refclassid = 'pg_class'::regclass
        and dependent_depend.deptype = 'i'

    -- ... and via pg_depend (that has a row per column, hence the need for "distinct" above, and
    -- making sure to exclude the internal row to avoid a view appearing to depend on itself)...
    join pg_depend as joining_depend on joining_depend.objid = dependent_depend.objid
        and joining_depend.classid = 'pg_rewrite'::regclass
        and joining_depend.refclassid = 'pg_class'::regclass
        and joining_depend.refobjid != dependent_depend.refobjid

    -- ... we can find the tables they query from in pg_class, but excluding system tables. Note we
    -- don't need need to exclude _dependent_ system tables, because they only query from other
    -- system tables, and so are automatically excluded by excluding _referenced_ system tables
    join pg_class as referenced_class on referenced_class.oid = joining_depend.refobjid
    join pg_namespace as referenced_namespace on referenced_namespace.oid = referenced_class.relnamespace
        and referenced_namespace.nspname != 'information_schema'
        and referenced_namespace.nspname not like 'pg\_%'

    order by
        dependent_schema, dependent_name, referenced_schema, referenced_name;
[0m20:21:11.854059 [debug] [MainThread]: SQL status: SELECT 1 in 0.002 seconds
[0m20:21:11.854793 [debug] [MainThread]: Sending event: {'category': 'dbt', 'action': 'runnable_timing', 'label': '56b30592-d470-4539-8ff8-8800d608db17', 'context': [<snowplow_tracker.self_describing_json.SelfDescribingJson object at 0xffff93d47c40>]}
[0m20:21:11.855074 [debug] [MainThread]: On master: ROLLBACK
[0m20:21:11.855336 [debug] [MainThread]: Using postgres connection "master"
[0m20:21:11.855534 [debug] [MainThread]: On master: BEGIN
[0m20:21:11.855826 [debug] [MainThread]: SQL status: BEGIN in 0.000 seconds
[0m20:21:11.856013 [debug] [MainThread]: On master: COMMIT
[0m20:21:11.856190 [debug] [MainThread]: Using postgres connection "master"
[0m20:21:11.856365 [debug] [MainThread]: On master: COMMIT
[0m20:21:11.856599 [debug] [MainThread]: SQL status: COMMIT in 0.000 seconds
[0m20:21:11.856799 [debug] [MainThread]: On master: Close
[0m20:21:11.858192 [debug] [Thread-1 (]: Began running node test.data_processing_analytics.not_null_funnel_analysis_event_type.3c35ba5f6e
[0m20:21:11.858376 [debug] [Thread-2 (]: Began running node test.data_processing_analytics.not_null_funnel_analysis_page_type.cc723b2075
[0m20:21:11.858560 [debug] [Thread-3 (]: Began running node test.data_processing_analytics.not_null_hourly_traffic_event_date.bf9938d75e
[0m20:21:11.858829 [debug] [Thread-4 (]: Began running node test.data_processing_analytics.not_null_int_impressions_aggregated_impression_id.9168c78c5b
[0m20:21:11.859002 [info ] [Thread-1 (]: 1 of 21 START test not_null_funnel_analysis_event_type ......................... [RUN]
[0m20:21:11.859311 [info ] [Thread-2 (]: 2 of 21 START test not_null_funnel_analysis_page_type .......................... [RUN]
[0m20:21:11.859579 [info ] [Thread-3 (]: 3 of 21 START test not_null_hourly_traffic_event_date .......................... [RUN]
[0m20:21:11.859981 [info ] [Thread-4 (]: 4 of 21 START test not_null_int_impressions_aggregated_impression_id ........... [RUN]
[0m20:21:11.860297 [debug] [Thread-1 (]: Re-using an available connection from the pool (formerly list_data_processing_public_analytics, now test.data_processing_analytics.not_null_funnel_analysis_event_type.3c35ba5f6e)
[0m20:21:11.860597 [debug] [Thread-2 (]: Re-using an available connection from the pool (formerly list_data_processing_public_staging, now test.data_processing_analytics.not_null_funnel_analysis_page_type.cc723b2075)
[0m20:21:11.860917 [debug] [Thread-3 (]: Acquiring new postgres connection 'test.data_processing_analytics.not_null_hourly_traffic_event_date.bf9938d75e'
[0m20:21:11.861235 [debug] [Thread-4 (]: Acquiring new postgres connection 'test.data_processing_analytics.not_null_int_impressions_aggregated_impression_id.9168c78c5b'
[0m20:21:11.861469 [debug] [Thread-1 (]: Began compiling node test.data_processing_analytics.not_null_funnel_analysis_event_type.3c35ba5f6e
[0m20:21:11.861720 [debug] [Thread-2 (]: Began compiling node test.data_processing_analytics.not_null_funnel_analysis_page_type.cc723b2075
[0m20:21:11.861941 [debug] [Thread-3 (]: Began compiling node test.data_processing_analytics.not_null_hourly_traffic_event_date.bf9938d75e
[0m20:21:11.862188 [debug] [Thread-4 (]: Began compiling node test.data_processing_analytics.not_null_int_impressions_aggregated_impression_id.9168c78c5b
[0m20:21:11.870848 [debug] [Thread-1 (]: Writing injected SQL for node "test.data_processing_analytics.not_null_funnel_analysis_event_type.3c35ba5f6e"
[0m20:21:11.872840 [debug] [Thread-2 (]: Writing injected SQL for node "test.data_processing_analytics.not_null_funnel_analysis_page_type.cc723b2075"
[0m20:21:11.874693 [debug] [Thread-3 (]: Writing injected SQL for node "test.data_processing_analytics.not_null_hourly_traffic_event_date.bf9938d75e"
[0m20:21:11.876499 [debug] [Thread-4 (]: Writing injected SQL for node "test.data_processing_analytics.not_null_int_impressions_aggregated_impression_id.9168c78c5b"
[0m20:21:11.879471 [debug] [Thread-1 (]: Began executing node test.data_processing_analytics.not_null_funnel_analysis_event_type.3c35ba5f6e
[0m20:21:11.879774 [debug] [Thread-2 (]: Began executing node test.data_processing_analytics.not_null_funnel_analysis_page_type.cc723b2075
[0m20:21:11.887650 [debug] [Thread-1 (]: Writing runtime sql for node "test.data_processing_analytics.not_null_funnel_analysis_event_type.3c35ba5f6e"
[0m20:21:11.887852 [debug] [Thread-3 (]: Began executing node test.data_processing_analytics.not_null_hourly_traffic_event_date.bf9938d75e
[0m20:21:11.888955 [debug] [Thread-2 (]: Writing runtime sql for node "test.data_processing_analytics.not_null_funnel_analysis_page_type.cc723b2075"
[0m20:21:11.889234 [debug] [Thread-4 (]: Began executing node test.data_processing_analytics.not_null_int_impressions_aggregated_impression_id.9168c78c5b
[0m20:21:11.891235 [debug] [Thread-3 (]: Writing runtime sql for node "test.data_processing_analytics.not_null_hourly_traffic_event_date.bf9938d75e"
[0m20:21:11.892804 [debug] [Thread-4 (]: Writing runtime sql for node "test.data_processing_analytics.not_null_int_impressions_aggregated_impression_id.9168c78c5b"
[0m20:21:11.893083 [debug] [Thread-1 (]: Using postgres connection "test.data_processing_analytics.not_null_funnel_analysis_event_type.3c35ba5f6e"
[0m20:21:11.893295 [debug] [Thread-2 (]: Using postgres connection "test.data_processing_analytics.not_null_funnel_analysis_page_type.cc723b2075"
[0m20:21:11.893815 [debug] [Thread-3 (]: Using postgres connection "test.data_processing_analytics.not_null_hourly_traffic_event_date.bf9938d75e"
[0m20:21:11.893970 [debug] [Thread-1 (]: On test.data_processing_analytics.not_null_funnel_analysis_event_type.3c35ba5f6e: BEGIN
[0m20:21:11.894202 [debug] [Thread-2 (]: On test.data_processing_analytics.not_null_funnel_analysis_page_type.cc723b2075: BEGIN
[0m20:21:11.895024 [debug] [Thread-2 (]: Opening a new connection, currently in state closed
[0m20:21:11.894701 [debug] [Thread-1 (]: Opening a new connection, currently in state closed
[0m20:21:11.894863 [debug] [Thread-4 (]: Using postgres connection "test.data_processing_analytics.not_null_int_impressions_aggregated_impression_id.9168c78c5b"
[0m20:21:11.894486 [debug] [Thread-3 (]: On test.data_processing_analytics.not_null_hourly_traffic_event_date.bf9938d75e: BEGIN
[0m20:21:11.895519 [debug] [Thread-4 (]: On test.data_processing_analytics.not_null_int_impressions_aggregated_impression_id.9168c78c5b: BEGIN
[0m20:21:11.895753 [debug] [Thread-3 (]: Opening a new connection, currently in state init
[0m20:21:11.896055 [debug] [Thread-4 (]: Opening a new connection, currently in state init
[0m20:21:11.900173 [debug] [Thread-1 (]: SQL status: BEGIN in 0.005 seconds
[0m20:21:11.900480 [debug] [Thread-2 (]: SQL status: BEGIN in 0.005 seconds
[0m20:21:11.900666 [debug] [Thread-1 (]: Using postgres connection "test.data_processing_analytics.not_null_funnel_analysis_event_type.3c35ba5f6e"
[0m20:21:11.900837 [debug] [Thread-3 (]: SQL status: BEGIN in 0.005 seconds
[0m20:21:11.901548 [debug] [Thread-2 (]: Using postgres connection "test.data_processing_analytics.not_null_funnel_analysis_page_type.cc723b2075"
[0m20:21:11.901805 [debug] [Thread-1 (]: On test.data_processing_analytics.not_null_funnel_analysis_event_type.3c35ba5f6e: /* {"app": "dbt", "dbt_version": "1.9.1", "profile_name": "data_processing", "target_name": "local", "node_id": "test.data_processing_analytics.not_null_funnel_analysis_event_type.3c35ba5f6e"} */

    select
      count(*) as failures,
      count(*) != 0 as should_warn,
      count(*) != 0 as should_error
    from (
      
    
  
    
    



select event_type
from "data_processing"."public_analytics"."funnel_analysis"
where event_type is null



  
  
      
    ) dbt_internal_test
[0m20:21:11.902061 [debug] [Thread-3 (]: Using postgres connection "test.data_processing_analytics.not_null_hourly_traffic_event_date.bf9938d75e"
[0m20:21:11.902222 [debug] [Thread-4 (]: SQL status: BEGIN in 0.006 seconds
[0m20:21:11.902995 [debug] [Thread-4 (]: Using postgres connection "test.data_processing_analytics.not_null_int_impressions_aggregated_impression_id.9168c78c5b"
[0m20:21:11.902755 [debug] [Thread-3 (]: On test.data_processing_analytics.not_null_hourly_traffic_event_date.bf9938d75e: /* {"app": "dbt", "dbt_version": "1.9.1", "profile_name": "data_processing", "target_name": "local", "node_id": "test.data_processing_analytics.not_null_hourly_traffic_event_date.bf9938d75e"} */

    select
      count(*) as failures,
      count(*) != 0 as should_warn,
      count(*) != 0 as should_error
    from (
      
    
  
    
    



select event_date
from "data_processing"."public_analytics"."hourly_traffic"
where event_date is null



  
  
      
    ) dbt_internal_test
[0m20:21:11.902394 [debug] [Thread-2 (]: On test.data_processing_analytics.not_null_funnel_analysis_page_type.cc723b2075: /* {"app": "dbt", "dbt_version": "1.9.1", "profile_name": "data_processing", "target_name": "local", "node_id": "test.data_processing_analytics.not_null_funnel_analysis_page_type.cc723b2075"} */

    select
      count(*) as failures,
      count(*) != 0 as should_warn,
      count(*) != 0 as should_error
    from (
      
    
  
    
    



select page_type
from "data_processing"."public_analytics"."funnel_analysis"
where page_type is null



  
  
      
    ) dbt_internal_test
[0m20:21:11.903204 [debug] [Thread-1 (]: SQL status: SELECT 1 in 0.001 seconds
[0m20:21:11.903529 [debug] [Thread-4 (]: On test.data_processing_analytics.not_null_int_impressions_aggregated_impression_id.9168c78c5b: /* {"app": "dbt", "dbt_version": "1.9.1", "profile_name": "data_processing", "target_name": "local", "node_id": "test.data_processing_analytics.not_null_int_impressions_aggregated_impression_id.9168c78c5b"} */

    select
      count(*) as failures,
      count(*) != 0 as should_warn,
      count(*) != 0 as should_error
    from (
      
    
  
    
    



select impression_id
from "data_processing"."public_analytics"."int_impressions_aggregated"
where impression_id is null



  
  
      
    ) dbt_internal_test
[0m20:21:11.904297 [debug] [Thread-3 (]: SQL status: SELECT 1 in 0.000 seconds
[0m20:21:11.906726 [debug] [Thread-1 (]: On test.data_processing_analytics.not_null_funnel_analysis_event_type.3c35ba5f6e: ROLLBACK
[0m20:21:11.906906 [debug] [Thread-2 (]: SQL status: SELECT 1 in 0.003 seconds
[0m20:21:11.907684 [debug] [Thread-3 (]: On test.data_processing_analytics.not_null_hourly_traffic_event_date.bf9938d75e: ROLLBACK
[0m20:21:11.907882 [debug] [Thread-4 (]: SQL status: SELECT 1 in 0.001 seconds
[0m20:21:11.908113 [debug] [Thread-1 (]: On test.data_processing_analytics.not_null_funnel_analysis_event_type.3c35ba5f6e: Close
[0m20:21:11.908718 [debug] [Thread-2 (]: On test.data_processing_analytics.not_null_funnel_analysis_page_type.cc723b2075: ROLLBACK
[0m20:21:11.908983 [debug] [Thread-3 (]: On test.data_processing_analytics.not_null_hourly_traffic_event_date.bf9938d75e: Close
[0m20:21:11.909512 [debug] [Thread-4 (]: On test.data_processing_analytics.not_null_int_impressions_aggregated_impression_id.9168c78c5b: ROLLBACK
[0m20:21:11.909891 [info ] [Thread-1 (]: 1 of 21 PASS not_null_funnel_analysis_event_type ............................... [[32mPASS[0m in 0.05s]
[0m20:21:11.910334 [debug] [Thread-2 (]: On test.data_processing_analytics.not_null_funnel_analysis_page_type.cc723b2075: Close
[0m20:21:11.910664 [error] [Thread-3 (]: 3 of 21 FAIL 1 not_null_hourly_traffic_event_date .............................. [[31mFAIL 1[0m in 0.05s]
[0m20:21:11.911096 [debug] [Thread-4 (]: On test.data_processing_analytics.not_null_int_impressions_aggregated_impression_id.9168c78c5b: Close
[0m20:21:11.911337 [debug] [Thread-1 (]: Finished running node test.data_processing_analytics.not_null_funnel_analysis_event_type.3c35ba5f6e
[0m20:21:11.911651 [info ] [Thread-2 (]: 2 of 21 PASS not_null_funnel_analysis_page_type ................................ [[32mPASS[0m in 0.05s]
[0m20:21:11.912112 [debug] [Thread-3 (]: Finished running node test.data_processing_analytics.not_null_hourly_traffic_event_date.bf9938d75e
[0m20:21:11.912433 [info ] [Thread-4 (]: 4 of 21 PASS not_null_int_impressions_aggregated_impression_id ................. [[32mPASS[0m in 0.05s]
[0m20:21:11.912861 [debug] [Thread-1 (]: Began running node test.data_processing_analytics.not_null_int_impressions_aggregated_user_id.b331574930
[0m20:21:11.913193 [debug] [Thread-2 (]: Finished running node test.data_processing_analytics.not_null_funnel_analysis_page_type.cc723b2075
[0m20:21:11.913445 [debug] [Thread-3 (]: Began running node test.data_processing_analytics.not_null_page_type_summary_page_type.ba086379d4
[0m20:21:11.913753 [debug] [Thread-4 (]: Finished running node test.data_processing_analytics.not_null_int_impressions_aggregated_impression_id.9168c78c5b
[0m20:21:11.913996 [info ] [Thread-1 (]: 5 of 21 START test not_null_int_impressions_aggregated_user_id ................. [RUN]
[0m20:21:11.914286 [debug] [Thread-2 (]: Began running node test.data_processing_analytics.not_null_stg_impressions_event_date.52d635828b
[0m20:21:11.914560 [info ] [Thread-3 (]: 6 of 21 START test not_null_page_type_summary_page_type ........................ [RUN]
[0m20:21:11.914854 [debug] [Thread-4 (]: Began running node test.data_processing_analytics.not_null_stg_impressions_impression_id.f19dc666d8
[0m20:21:11.915143 [debug] [Thread-1 (]: Re-using an available connection from the pool (formerly test.data_processing_analytics.not_null_funnel_analysis_event_type.3c35ba5f6e, now test.data_processing_analytics.not_null_int_impressions_aggregated_user_id.b331574930)
[0m20:21:11.915359 [info ] [Thread-2 (]: 7 of 21 START test not_null_stg_impressions_event_date ......................... [RUN]
[0m20:21:11.915693 [debug] [Thread-3 (]: Re-using an available connection from the pool (formerly test.data_processing_analytics.not_null_hourly_traffic_event_date.bf9938d75e, now test.data_processing_analytics.not_null_page_type_summary_page_type.ba086379d4)
[0m20:21:11.915894 [info ] [Thread-4 (]: 8 of 21 START test not_null_stg_impressions_impression_id ...................... [RUN]
[0m20:21:11.916171 [debug] [Thread-1 (]: Began compiling node test.data_processing_analytics.not_null_int_impressions_aggregated_user_id.b331574930
[0m20:21:11.916365 [debug] [Thread-2 (]: Re-using an available connection from the pool (formerly test.data_processing_analytics.not_null_funnel_analysis_page_type.cc723b2075, now test.data_processing_analytics.not_null_stg_impressions_event_date.52d635828b)
[0m20:21:11.916573 [debug] [Thread-3 (]: Began compiling node test.data_processing_analytics.not_null_page_type_summary_page_type.ba086379d4
[0m20:21:11.916783 [debug] [Thread-4 (]: Re-using an available connection from the pool (formerly test.data_processing_analytics.not_null_int_impressions_aggregated_impression_id.9168c78c5b, now test.data_processing_analytics.not_null_stg_impressions_impression_id.f19dc666d8)
[0m20:21:11.918815 [debug] [Thread-1 (]: Writing injected SQL for node "test.data_processing_analytics.not_null_int_impressions_aggregated_user_id.b331574930"
[0m20:21:11.919024 [debug] [Thread-2 (]: Began compiling node test.data_processing_analytics.not_null_stg_impressions_event_date.52d635828b
[0m20:21:11.920785 [debug] [Thread-3 (]: Writing injected SQL for node "test.data_processing_analytics.not_null_page_type_summary_page_type.ba086379d4"
[0m20:21:11.920986 [debug] [Thread-4 (]: Began compiling node test.data_processing_analytics.not_null_stg_impressions_impression_id.f19dc666d8
[0m20:21:11.923071 [debug] [Thread-2 (]: Writing injected SQL for node "test.data_processing_analytics.not_null_stg_impressions_event_date.52d635828b"
[0m20:21:11.925327 [debug] [Thread-4 (]: Writing injected SQL for node "test.data_processing_analytics.not_null_stg_impressions_impression_id.f19dc666d8"
[0m20:21:11.925529 [debug] [Thread-1 (]: Began executing node test.data_processing_analytics.not_null_int_impressions_aggregated_user_id.b331574930
[0m20:21:11.925752 [debug] [Thread-3 (]: Began executing node test.data_processing_analytics.not_null_page_type_summary_page_type.ba086379d4
[0m20:21:11.927268 [debug] [Thread-1 (]: Writing runtime sql for node "test.data_processing_analytics.not_null_int_impressions_aggregated_user_id.b331574930"
[0m20:21:11.929094 [debug] [Thread-3 (]: Writing runtime sql for node "test.data_processing_analytics.not_null_page_type_summary_page_type.ba086379d4"
[0m20:21:11.929309 [debug] [Thread-4 (]: Began executing node test.data_processing_analytics.not_null_stg_impressions_impression_id.f19dc666d8
[0m20:21:11.929449 [debug] [Thread-2 (]: Began executing node test.data_processing_analytics.not_null_stg_impressions_event_date.52d635828b
[0m20:21:11.932129 [debug] [Thread-2 (]: Writing runtime sql for node "test.data_processing_analytics.not_null_stg_impressions_event_date.52d635828b"
[0m20:21:11.931103 [debug] [Thread-3 (]: Using postgres connection "test.data_processing_analytics.not_null_page_type_summary_page_type.ba086379d4"
[0m20:21:11.930768 [debug] [Thread-4 (]: Writing runtime sql for node "test.data_processing_analytics.not_null_stg_impressions_impression_id.f19dc666d8"
[0m20:21:11.932300 [debug] [Thread-1 (]: Using postgres connection "test.data_processing_analytics.not_null_int_impressions_aggregated_user_id.b331574930"
[0m20:21:11.932599 [debug] [Thread-3 (]: On test.data_processing_analytics.not_null_page_type_summary_page_type.ba086379d4: BEGIN
[0m20:21:11.933192 [debug] [Thread-1 (]: On test.data_processing_analytics.not_null_int_impressions_aggregated_user_id.b331574930: BEGIN
[0m20:21:11.933888 [debug] [Thread-1 (]: Opening a new connection, currently in state closed
[0m20:21:11.933549 [debug] [Thread-3 (]: Opening a new connection, currently in state closed
[0m20:21:11.933764 [debug] [Thread-4 (]: Using postgres connection "test.data_processing_analytics.not_null_stg_impressions_impression_id.f19dc666d8"
[0m20:21:11.933366 [debug] [Thread-2 (]: Using postgres connection "test.data_processing_analytics.not_null_stg_impressions_event_date.52d635828b"
[0m20:21:11.935148 [debug] [Thread-2 (]: On test.data_processing_analytics.not_null_stg_impressions_event_date.52d635828b: BEGIN
[0m20:21:11.934840 [debug] [Thread-4 (]: On test.data_processing_analytics.not_null_stg_impressions_impression_id.f19dc666d8: BEGIN
[0m20:21:11.935596 [debug] [Thread-4 (]: Opening a new connection, currently in state closed
[0m20:21:11.935382 [debug] [Thread-2 (]: Opening a new connection, currently in state closed
[0m20:21:11.938693 [debug] [Thread-3 (]: SQL status: BEGIN in 0.005 seconds
[0m20:21:11.938988 [debug] [Thread-3 (]: Using postgres connection "test.data_processing_analytics.not_null_page_type_summary_page_type.ba086379d4"
[0m20:21:11.939146 [debug] [Thread-1 (]: SQL status: BEGIN in 0.005 seconds
[0m20:21:11.939354 [debug] [Thread-3 (]: On test.data_processing_analytics.not_null_page_type_summary_page_type.ba086379d4: /* {"app": "dbt", "dbt_version": "1.9.1", "profile_name": "data_processing", "target_name": "local", "node_id": "test.data_processing_analytics.not_null_page_type_summary_page_type.ba086379d4"} */

    select
      count(*) as failures,
      count(*) != 0 as should_warn,
      count(*) != 0 as should_error
    from (
      
    
  
    
    



select page_type
from "data_processing"."public_analytics"."page_type_summary"
where page_type is null



  
  
      
    ) dbt_internal_test
[0m20:21:11.939588 [debug] [Thread-1 (]: Using postgres connection "test.data_processing_analytics.not_null_int_impressions_aggregated_user_id.b331574930"
[0m20:21:11.940198 [debug] [Thread-1 (]: On test.data_processing_analytics.not_null_int_impressions_aggregated_user_id.b331574930: /* {"app": "dbt", "dbt_version": "1.9.1", "profile_name": "data_processing", "target_name": "local", "node_id": "test.data_processing_analytics.not_null_int_impressions_aggregated_user_id.b331574930"} */

    select
      count(*) as failures,
      count(*) != 0 as should_warn,
      count(*) != 0 as should_error
    from (
      
    
  
    
    



select user_id
from "data_processing"."public_analytics"."int_impressions_aggregated"
where user_id is null



  
  
      
    ) dbt_internal_test
[0m20:21:11.940393 [debug] [Thread-3 (]: SQL status: SELECT 1 in 0.000 seconds
[0m20:21:11.940591 [debug] [Thread-2 (]: SQL status: BEGIN in 0.005 seconds
[0m20:21:11.941879 [debug] [Thread-2 (]: Using postgres connection "test.data_processing_analytics.not_null_stg_impressions_event_date.52d635828b"
[0m20:21:11.941518 [debug] [Thread-3 (]: On test.data_processing_analytics.not_null_page_type_summary_page_type.ba086379d4: ROLLBACK
[0m20:21:11.941709 [debug] [Thread-1 (]: SQL status: SELECT 1 in 0.001 seconds
[0m20:21:11.940752 [debug] [Thread-4 (]: SQL status: BEGIN in 0.005 seconds
[0m20:21:11.943133 [debug] [Thread-4 (]: Using postgres connection "test.data_processing_analytics.not_null_stg_impressions_impression_id.f19dc666d8"
[0m20:21:11.942323 [debug] [Thread-3 (]: On test.data_processing_analytics.not_null_page_type_summary_page_type.ba086379d4: Close
[0m20:21:11.942933 [debug] [Thread-1 (]: On test.data_processing_analytics.not_null_int_impressions_aggregated_user_id.b331574930: ROLLBACK
[0m20:21:11.942048 [debug] [Thread-2 (]: On test.data_processing_analytics.not_null_stg_impressions_event_date.52d635828b: /* {"app": "dbt", "dbt_version": "1.9.1", "profile_name": "data_processing", "target_name": "local", "node_id": "test.data_processing_analytics.not_null_stg_impressions_event_date.52d635828b"} */

    select
      count(*) as failures,
      count(*) != 0 as should_warn,
      count(*) != 0 as should_error
    from (
      
    
  
    
    



select event_date
from "data_processing"."public_staging"."stg_impressions"
where event_date is null



  
  
      
    ) dbt_internal_test
[0m20:21:11.943323 [debug] [Thread-4 (]: On test.data_processing_analytics.not_null_stg_impressions_impression_id.f19dc666d8: /* {"app": "dbt", "dbt_version": "1.9.1", "profile_name": "data_processing", "target_name": "local", "node_id": "test.data_processing_analytics.not_null_stg_impressions_impression_id.f19dc666d8"} */

    select
      count(*) as failures,
      count(*) != 0 as should_warn,
      count(*) != 0 as should_error
    from (
      
    
  
    
    



select impression_id
from "data_processing"."public_staging"."stg_impressions"
where impression_id is null



  
  
      
    ) dbt_internal_test
[0m20:21:11.943667 [info ] [Thread-3 (]: 6 of 21 PASS not_null_page_type_summary_page_type .............................. [[32mPASS[0m in 0.03s]
[0m20:21:11.944033 [debug] [Thread-1 (]: On test.data_processing_analytics.not_null_int_impressions_aggregated_user_id.b331574930: Close
[0m20:21:11.944505 [debug] [Thread-3 (]: Finished running node test.data_processing_analytics.not_null_page_type_summary_page_type.ba086379d4
[0m20:21:11.945037 [info ] [Thread-1 (]: 5 of 21 PASS not_null_int_impressions_aggregated_user_id ....................... [[32mPASS[0m in 0.03s]
[0m20:21:11.945220 [debug] [Thread-4 (]: SQL status: SELECT 1 in 0.001 seconds
[0m20:21:11.945599 [debug] [Thread-3 (]: Began running node test.data_processing_analytics.not_null_stg_impressions_user_id.1e82def6e9
[0m20:21:11.946037 [debug] [Thread-1 (]: Finished running node test.data_processing_analytics.not_null_int_impressions_aggregated_user_id.b331574930
[0m20:21:11.946644 [debug] [Thread-4 (]: On test.data_processing_analytics.not_null_stg_impressions_impression_id.f19dc666d8: ROLLBACK
[0m20:21:11.946784 [debug] [Thread-2 (]: SQL status: SELECT 1 in 0.003 seconds
[0m20:21:11.947000 [info ] [Thread-3 (]: 9 of 21 START test not_null_stg_impressions_user_id ............................ [RUN]
[0m20:21:11.947345 [debug] [Thread-1 (]: Began running node test.data_processing_analytics.not_null_user_engagement_user_id.9946ab275f
[0m20:21:11.947598 [debug] [Thread-4 (]: On test.data_processing_analytics.not_null_stg_impressions_impression_id.f19dc666d8: Close
[0m20:21:11.949059 [info ] [Thread-4 (]: 8 of 21 PASS not_null_stg_impressions_impression_id ............................ [[32mPASS[0m in 0.03s]
[0m20:21:11.948459 [debug] [Thread-3 (]: Re-using an available connection from the pool (formerly test.data_processing_analytics.not_null_page_type_summary_page_type.ba086379d4, now test.data_processing_analytics.not_null_stg_impressions_user_id.1e82def6e9)
[0m20:21:11.948693 [info ] [Thread-1 (]: 10 of 21 START test not_null_user_engagement_user_id ........................... [RUN]
[0m20:21:11.948177 [debug] [Thread-2 (]: On test.data_processing_analytics.not_null_stg_impressions_event_date.52d635828b: ROLLBACK
[0m20:21:11.949384 [debug] [Thread-4 (]: Finished running node test.data_processing_analytics.not_null_stg_impressions_impression_id.f19dc666d8
[0m20:21:11.949634 [debug] [Thread-3 (]: Began compiling node test.data_processing_analytics.not_null_stg_impressions_user_id.1e82def6e9
[0m20:21:11.949915 [debug] [Thread-1 (]: Re-using an available connection from the pool (formerly test.data_processing_analytics.not_null_int_impressions_aggregated_user_id.b331574930, now test.data_processing_analytics.not_null_user_engagement_user_id.9946ab275f)
[0m20:21:11.950171 [debug] [Thread-2 (]: On test.data_processing_analytics.not_null_stg_impressions_event_date.52d635828b: Close
[0m20:21:11.952940 [warn ] [Thread-2 (]: 7 of 21 WARN 1 not_null_stg_impressions_event_date ............................. [[33mWARN 1[0m in 0.04s]
[0m20:21:11.952384 [debug] [Thread-3 (]: Writing injected SQL for node "test.data_processing_analytics.not_null_stg_impressions_user_id.1e82def6e9"
[0m20:21:11.952627 [debug] [Thread-1 (]: Began compiling node test.data_processing_analytics.not_null_user_engagement_user_id.9946ab275f
[0m20:21:11.950315 [debug] [Thread-4 (]: Began running node test.data_processing_analytics.source_accepted_values_raw_impressions_event_type__a__b__c__d__e__f.0048e71c39
[0m20:21:11.953248 [debug] [Thread-2 (]: Finished running node test.data_processing_analytics.not_null_stg_impressions_event_date.52d635828b
[0m20:21:11.955396 [debug] [Thread-1 (]: Writing injected SQL for node "test.data_processing_analytics.not_null_user_engagement_user_id.9946ab275f"
[0m20:21:11.955669 [info ] [Thread-4 (]: 11 of 21 START test source_accepted_values_raw_impressions_event_type__a__b__c__d__e__f  [RUN]
[0m20:21:11.956018 [debug] [Thread-2 (]: Began running node test.data_processing_analytics.source_accepted_values_raw_impressions_page_type__1__2__3.10e87cab6d
[0m20:21:11.956183 [debug] [Thread-3 (]: Began executing node test.data_processing_analytics.not_null_stg_impressions_user_id.1e82def6e9
[0m20:21:11.956662 [debug] [Thread-4 (]: Re-using an available connection from the pool (formerly test.data_processing_analytics.not_null_stg_impressions_impression_id.f19dc666d8, now test.data_processing_analytics.source_accepted_values_raw_impressions_event_type__a__b__c__d__e__f.0048e71c39)
[0m20:21:11.956925 [debug] [Thread-1 (]: Began executing node test.data_processing_analytics.not_null_user_engagement_user_id.9946ab275f
[0m20:21:11.957100 [info ] [Thread-2 (]: 12 of 21 START test source_accepted_values_raw_impressions_page_type__1__2__3 .. [RUN]
[0m20:21:11.958282 [debug] [Thread-3 (]: Writing runtime sql for node "test.data_processing_analytics.not_null_stg_impressions_user_id.1e82def6e9"
[0m20:21:11.958483 [debug] [Thread-4 (]: Began compiling node test.data_processing_analytics.source_accepted_values_raw_impressions_event_type__a__b__c__d__e__f.0048e71c39
[0m20:21:11.959595 [debug] [Thread-1 (]: Writing runtime sql for node "test.data_processing_analytics.not_null_user_engagement_user_id.9946ab275f"
[0m20:21:11.959839 [debug] [Thread-2 (]: Re-using an available connection from the pool (formerly test.data_processing_analytics.not_null_stg_impressions_event_date.52d635828b, now test.data_processing_analytics.source_accepted_values_raw_impressions_page_type__1__2__3.10e87cab6d)
[0m20:21:11.965370 [debug] [Thread-4 (]: Writing injected SQL for node "test.data_processing_analytics.source_accepted_values_raw_impressions_event_type__a__b__c__d__e__f.0048e71c39"
[0m20:21:11.965773 [debug] [Thread-3 (]: Using postgres connection "test.data_processing_analytics.not_null_stg_impressions_user_id.1e82def6e9"
[0m20:21:11.966031 [debug] [Thread-2 (]: Began compiling node test.data_processing_analytics.source_accepted_values_raw_impressions_page_type__1__2__3.10e87cab6d
[0m20:21:11.966176 [debug] [Thread-1 (]: Using postgres connection "test.data_processing_analytics.not_null_user_engagement_user_id.9946ab275f"
[0m20:21:11.966922 [debug] [Thread-3 (]: On test.data_processing_analytics.not_null_stg_impressions_user_id.1e82def6e9: BEGIN
[0m20:21:11.967123 [debug] [Thread-4 (]: Began executing node test.data_processing_analytics.source_accepted_values_raw_impressions_event_type__a__b__c__d__e__f.0048e71c39
[0m20:21:11.968885 [debug] [Thread-2 (]: Writing injected SQL for node "test.data_processing_analytics.source_accepted_values_raw_impressions_page_type__1__2__3.10e87cab6d"
[0m20:21:11.969094 [debug] [Thread-1 (]: On test.data_processing_analytics.not_null_user_engagement_user_id.9946ab275f: BEGIN
[0m20:21:11.970755 [debug] [Thread-1 (]: Opening a new connection, currently in state closed
[0m20:21:11.970397 [debug] [Thread-4 (]: Writing runtime sql for node "test.data_processing_analytics.source_accepted_values_raw_impressions_event_type__a__b__c__d__e__f.0048e71c39"
[0m20:21:11.969288 [debug] [Thread-3 (]: Opening a new connection, currently in state closed
[0m20:21:11.971128 [debug] [Thread-2 (]: Began executing node test.data_processing_analytics.source_accepted_values_raw_impressions_page_type__1__2__3.10e87cab6d
[0m20:21:11.973597 [debug] [Thread-2 (]: Writing runtime sql for node "test.data_processing_analytics.source_accepted_values_raw_impressions_page_type__1__2__3.10e87cab6d"
[0m20:21:11.974670 [debug] [Thread-4 (]: Using postgres connection "test.data_processing_analytics.source_accepted_values_raw_impressions_event_type__a__b__c__d__e__f.0048e71c39"
[0m20:21:11.975142 [debug] [Thread-1 (]: SQL status: BEGIN in 0.004 seconds
[0m20:21:11.975305 [debug] [Thread-3 (]: SQL status: BEGIN in 0.006 seconds
[0m20:21:11.975522 [debug] [Thread-4 (]: On test.data_processing_analytics.source_accepted_values_raw_impressions_event_type__a__b__c__d__e__f.0048e71c39: BEGIN
[0m20:21:11.975747 [debug] [Thread-2 (]: Using postgres connection "test.data_processing_analytics.source_accepted_values_raw_impressions_page_type__1__2__3.10e87cab6d"
[0m20:21:11.976584 [debug] [Thread-2 (]: On test.data_processing_analytics.source_accepted_values_raw_impressions_page_type__1__2__3.10e87cab6d: BEGIN
[0m20:21:11.976204 [debug] [Thread-3 (]: Using postgres connection "test.data_processing_analytics.not_null_stg_impressions_user_id.1e82def6e9"
[0m20:21:11.976410 [debug] [Thread-4 (]: Opening a new connection, currently in state closed
[0m20:21:11.976008 [debug] [Thread-1 (]: Using postgres connection "test.data_processing_analytics.not_null_user_engagement_user_id.9946ab275f"
[0m20:21:11.977353 [debug] [Thread-1 (]: On test.data_processing_analytics.not_null_user_engagement_user_id.9946ab275f: /* {"app": "dbt", "dbt_version": "1.9.1", "profile_name": "data_processing", "target_name": "local", "node_id": "test.data_processing_analytics.not_null_user_engagement_user_id.9946ab275f"} */

    select
      count(*) as failures,
      count(*) != 0 as should_warn,
      count(*) != 0 as should_error
    from (
      
    
  
    
    



select user_id
from "data_processing"."public_analytics"."user_engagement"
where user_id is null



  
  
      
    ) dbt_internal_test
[0m20:21:11.976938 [debug] [Thread-3 (]: On test.data_processing_analytics.not_null_stg_impressions_user_id.1e82def6e9: /* {"app": "dbt", "dbt_version": "1.9.1", "profile_name": "data_processing", "target_name": "local", "node_id": "test.data_processing_analytics.not_null_stg_impressions_user_id.1e82def6e9"} */

    select
      count(*) as failures,
      count(*) != 0 as should_warn,
      count(*) != 0 as should_error
    from (
      
    
  
    
    



select user_id
from "data_processing"."public_staging"."stg_impressions"
where user_id is null



  
  
      
    ) dbt_internal_test
[0m20:21:11.976750 [debug] [Thread-2 (]: Opening a new connection, currently in state closed
[0m20:21:11.978285 [debug] [Thread-1 (]: SQL status: SELECT 1 in 0.001 seconds
[0m20:21:11.979587 [debug] [Thread-1 (]: On test.data_processing_analytics.not_null_user_engagement_user_id.9946ab275f: ROLLBACK
[0m20:21:11.978785 [debug] [Thread-3 (]: SQL status: SELECT 1 in 0.001 seconds
[0m20:21:11.980835 [debug] [Thread-1 (]: On test.data_processing_analytics.not_null_user_engagement_user_id.9946ab275f: Close
[0m20:21:11.981377 [debug] [Thread-3 (]: On test.data_processing_analytics.not_null_stg_impressions_user_id.1e82def6e9: ROLLBACK
[0m20:21:11.981534 [debug] [Thread-4 (]: SQL status: BEGIN in 0.005 seconds
[0m20:21:11.982476 [info ] [Thread-1 (]: 10 of 21 PASS not_null_user_engagement_user_id ................................. [[32mPASS[0m in 0.03s]
[0m20:21:11.983516 [debug] [Thread-1 (]: Finished running node test.data_processing_analytics.not_null_user_engagement_user_id.9946ab275f
[0m20:21:11.983077 [debug] [Thread-2 (]: SQL status: BEGIN in 0.006 seconds
[0m20:21:11.983266 [debug] [Thread-4 (]: Using postgres connection "test.data_processing_analytics.source_accepted_values_raw_impressions_event_type__a__b__c__d__e__f.0048e71c39"
[0m20:21:11.982921 [debug] [Thread-3 (]: On test.data_processing_analytics.not_null_stg_impressions_user_id.1e82def6e9: Close
[0m20:21:11.984472 [info ] [Thread-3 (]: 9 of 21 PASS not_null_stg_impressions_user_id .................................. [[32mPASS[0m in 0.04s]
[0m20:21:11.983955 [debug] [Thread-2 (]: Using postgres connection "test.data_processing_analytics.source_accepted_values_raw_impressions_page_type__1__2__3.10e87cab6d"
[0m20:21:11.984180 [debug] [Thread-4 (]: On test.data_processing_analytics.source_accepted_values_raw_impressions_event_type__a__b__c__d__e__f.0048e71c39: /* {"app": "dbt", "dbt_version": "1.9.1", "profile_name": "data_processing", "target_name": "local", "node_id": "test.data_processing_analytics.source_accepted_values_raw_impressions_event_type__a__b__c__d__e__f.0048e71c39"} */

    select
      count(*) as failures,
      count(*) != 0 as should_warn,
      count(*) != 0 as should_error
    from (
      
    
  
    
    

with all_values as (

    select
        event_type as value_field,
        count(*) as n_records

    from "data_processing"."raw"."impressions"
    group by event_type

)

select *
from all_values
where value_field not in (
    'a','b','c','d','e','f'
)



  
  
      
    ) dbt_internal_test
[0m20:21:11.983708 [debug] [Thread-1 (]: Began running node test.data_processing_analytics.source_not_null_raw_impressions_date.f99b4db4ba
[0m20:21:11.985462 [info ] [Thread-1 (]: 13 of 21 START test source_not_null_raw_impressions_date ....................... [RUN]
[0m20:21:11.985158 [debug] [Thread-2 (]: On test.data_processing_analytics.source_accepted_values_raw_impressions_page_type__1__2__3.10e87cab6d: /* {"app": "dbt", "dbt_version": "1.9.1", "profile_name": "data_processing", "target_name": "local", "node_id": "test.data_processing_analytics.source_accepted_values_raw_impressions_page_type__1__2__3.10e87cab6d"} */

    select
      count(*) as failures,
      count(*) != 0 as should_warn,
      count(*) != 0 as should_error
    from (
      
    
  
    
    

with all_values as (

    select
        page_type as value_field,
        count(*) as n_records

    from "data_processing"."raw"."impressions"
    group by page_type

)

select *
from all_values
where value_field not in (
    '1','2','3'
)



  
  
      
    ) dbt_internal_test
[0m20:21:11.984915 [debug] [Thread-3 (]: Finished running node test.data_processing_analytics.not_null_stg_impressions_user_id.1e82def6e9
[0m20:21:11.986060 [debug] [Thread-3 (]: Began running node test.data_processing_analytics.source_not_null_raw_impressions_event_type.af77bebbbd
[0m20:21:11.985712 [debug] [Thread-1 (]: Re-using an available connection from the pool (formerly test.data_processing_analytics.not_null_user_engagement_user_id.9946ab275f, now test.data_processing_analytics.source_not_null_raw_impressions_date.f99b4db4ba)
[0m20:21:11.986435 [debug] [Thread-2 (]: SQL status: SELECT 1 in 0.000 seconds
[0m20:21:11.986293 [info ] [Thread-3 (]: 14 of 21 START test source_not_null_raw_impressions_event_type ................. [RUN]
[0m20:21:11.986652 [debug] [Thread-4 (]: SQL status: SELECT 1 in 0.001 seconds
[0m20:21:11.986801 [debug] [Thread-1 (]: Began compiling node test.data_processing_analytics.source_not_null_raw_impressions_date.f99b4db4ba
[0m20:21:11.987424 [debug] [Thread-2 (]: On test.data_processing_analytics.source_accepted_values_raw_impressions_page_type__1__2__3.10e87cab6d: ROLLBACK
[0m20:21:11.987645 [debug] [Thread-3 (]: Re-using an available connection from the pool (formerly test.data_processing_analytics.not_null_stg_impressions_user_id.1e82def6e9, now test.data_processing_analytics.source_not_null_raw_impressions_event_type.af77bebbbd)
[0m20:21:11.988274 [debug] [Thread-4 (]: On test.data_processing_analytics.source_accepted_values_raw_impressions_event_type__a__b__c__d__e__f.0048e71c39: ROLLBACK
[0m20:21:11.990278 [debug] [Thread-1 (]: Writing injected SQL for node "test.data_processing_analytics.source_not_null_raw_impressions_date.f99b4db4ba"
[0m20:21:11.990556 [debug] [Thread-3 (]: Began compiling node test.data_processing_analytics.source_not_null_raw_impressions_event_type.af77bebbbd
[0m20:21:11.990698 [debug] [Thread-2 (]: On test.data_processing_analytics.source_accepted_values_raw_impressions_page_type__1__2__3.10e87cab6d: Close
[0m20:21:11.990990 [debug] [Thread-4 (]: On test.data_processing_analytics.source_accepted_values_raw_impressions_event_type__a__b__c__d__e__f.0048e71c39: Close
[0m20:21:11.992796 [debug] [Thread-3 (]: Writing injected SQL for node "test.data_processing_analytics.source_not_null_raw_impressions_event_type.af77bebbbd"
[0m20:21:11.992977 [debug] [Thread-1 (]: Began executing node test.data_processing_analytics.source_not_null_raw_impressions_date.f99b4db4ba
[0m20:21:11.993465 [info ] [Thread-2 (]: 12 of 21 PASS source_accepted_values_raw_impressions_page_type__1__2__3 ........ [[32mPASS[0m in 0.03s]
[0m20:21:11.995841 [debug] [Thread-2 (]: Finished running node test.data_processing_analytics.source_accepted_values_raw_impressions_page_type__1__2__3.10e87cab6d
[0m20:21:11.995549 [debug] [Thread-1 (]: Writing runtime sql for node "test.data_processing_analytics.source_not_null_raw_impressions_date.f99b4db4ba"
[0m20:21:11.993855 [info ] [Thread-4 (]: 11 of 21 PASS source_accepted_values_raw_impressions_event_type__a__b__c__d__e__f  [[32mPASS[0m in 0.04s]
[0m20:21:11.996035 [debug] [Thread-2 (]: Began running node test.data_processing_analytics.source_not_null_raw_impressions_hour.0d8b85a8de
[0m20:21:11.996177 [debug] [Thread-3 (]: Began executing node test.data_processing_analytics.source_not_null_raw_impressions_event_type.af77bebbbd
[0m20:21:11.996636 [debug] [Thread-4 (]: Finished running node test.data_processing_analytics.source_accepted_values_raw_impressions_event_type__a__b__c__d__e__f.0048e71c39
[0m20:21:11.996854 [info ] [Thread-2 (]: 15 of 21 START test source_not_null_raw_impressions_hour ....................... [RUN]
[0m20:21:11.997048 [debug] [Thread-1 (]: Using postgres connection "test.data_processing_analytics.source_not_null_raw_impressions_date.f99b4db4ba"
[0m20:21:11.999456 [debug] [Thread-1 (]: On test.data_processing_analytics.source_not_null_raw_impressions_date.f99b4db4ba: BEGIN
[0m20:21:11.999038 [debug] [Thread-4 (]: Began running node test.data_processing_analytics.source_not_null_raw_impressions_impression_id.90e58090a3
[0m20:21:11.999270 [debug] [Thread-2 (]: Re-using an available connection from the pool (formerly test.data_processing_analytics.source_accepted_values_raw_impressions_page_type__1__2__3.10e87cab6d, now test.data_processing_analytics.source_not_null_raw_impressions_hour.0d8b85a8de)
[0m20:21:11.998828 [debug] [Thread-3 (]: Writing runtime sql for node "test.data_processing_analytics.source_not_null_raw_impressions_event_type.af77bebbbd"
[0m20:21:11.999632 [debug] [Thread-1 (]: Opening a new connection, currently in state closed
[0m20:21:11.999838 [info ] [Thread-4 (]: 16 of 21 START test source_not_null_raw_impressions_impression_id .............. [RUN]
[0m20:21:12.000184 [debug] [Thread-2 (]: Began compiling node test.data_processing_analytics.source_not_null_raw_impressions_hour.0d8b85a8de
[0m20:21:12.000664 [debug] [Thread-4 (]: Re-using an available connection from the pool (formerly test.data_processing_analytics.source_accepted_values_raw_impressions_event_type__a__b__c__d__e__f.0048e71c39, now test.data_processing_analytics.source_not_null_raw_impressions_impression_id.90e58090a3)
[0m20:21:12.000838 [debug] [Thread-3 (]: Using postgres connection "test.data_processing_analytics.source_not_null_raw_impressions_event_type.af77bebbbd"
[0m20:21:12.003709 [debug] [Thread-2 (]: Writing injected SQL for node "test.data_processing_analytics.source_not_null_raw_impressions_hour.0d8b85a8de"
[0m20:21:12.004848 [debug] [Thread-4 (]: Began compiling node test.data_processing_analytics.source_not_null_raw_impressions_impression_id.90e58090a3
[0m20:21:12.005104 [debug] [Thread-3 (]: On test.data_processing_analytics.source_not_null_raw_impressions_event_type.af77bebbbd: BEGIN
[0m20:21:12.005407 [debug] [Thread-1 (]: SQL status: BEGIN in 0.006 seconds
[0m20:21:12.007283 [debug] [Thread-4 (]: Writing injected SQL for node "test.data_processing_analytics.source_not_null_raw_impressions_impression_id.90e58090a3"
[0m20:21:12.007522 [debug] [Thread-3 (]: Opening a new connection, currently in state closed
[0m20:21:12.007752 [debug] [Thread-2 (]: Began executing node test.data_processing_analytics.source_not_null_raw_impressions_hour.0d8b85a8de
[0m20:21:12.007889 [debug] [Thread-1 (]: Using postgres connection "test.data_processing_analytics.source_not_null_raw_impressions_date.f99b4db4ba"
[0m20:21:12.009265 [debug] [Thread-2 (]: Writing runtime sql for node "test.data_processing_analytics.source_not_null_raw_impressions_hour.0d8b85a8de"
[0m20:21:12.009447 [debug] [Thread-4 (]: Began executing node test.data_processing_analytics.source_not_null_raw_impressions_impression_id.90e58090a3
[0m20:21:12.009616 [debug] [Thread-1 (]: On test.data_processing_analytics.source_not_null_raw_impressions_date.f99b4db4ba: /* {"app": "dbt", "dbt_version": "1.9.1", "profile_name": "data_processing", "target_name": "local", "node_id": "test.data_processing_analytics.source_not_null_raw_impressions_date.f99b4db4ba"} */

    select
      count(*) as failures,
      count(*) != 0 as should_warn,
      count(*) != 0 as should_error
    from (
      
    
  
    
    



select date
from "data_processing"."raw"."impressions"
where date is null



  
  
      
    ) dbt_internal_test
[0m20:21:12.011016 [debug] [Thread-4 (]: Writing runtime sql for node "test.data_processing_analytics.source_not_null_raw_impressions_impression_id.90e58090a3"
[0m20:21:12.011349 [debug] [Thread-2 (]: Using postgres connection "test.data_processing_analytics.source_not_null_raw_impressions_hour.0d8b85a8de"
[0m20:21:12.011502 [debug] [Thread-3 (]: SQL status: BEGIN in 0.004 seconds
[0m20:21:12.011747 [debug] [Thread-1 (]: SQL status: SELECT 1 in 0.000 seconds
[0m20:21:12.011977 [debug] [Thread-2 (]: On test.data_processing_analytics.source_not_null_raw_impressions_hour.0d8b85a8de: BEGIN
[0m20:21:12.012187 [debug] [Thread-3 (]: Using postgres connection "test.data_processing_analytics.source_not_null_raw_impressions_event_type.af77bebbbd"
[0m20:21:12.012339 [debug] [Thread-4 (]: Using postgres connection "test.data_processing_analytics.source_not_null_raw_impressions_impression_id.90e58090a3"
[0m20:21:12.013050 [debug] [Thread-1 (]: On test.data_processing_analytics.source_not_null_raw_impressions_date.f99b4db4ba: ROLLBACK
[0m20:21:12.013261 [debug] [Thread-2 (]: Opening a new connection, currently in state closed
[0m20:21:12.013463 [debug] [Thread-3 (]: On test.data_processing_analytics.source_not_null_raw_impressions_event_type.af77bebbbd: /* {"app": "dbt", "dbt_version": "1.9.1", "profile_name": "data_processing", "target_name": "local", "node_id": "test.data_processing_analytics.source_not_null_raw_impressions_event_type.af77bebbbd"} */

    select
      count(*) as failures,
      count(*) != 0 as should_warn,
      count(*) != 0 as should_error
    from (
      
    
  
    
    



select event_type
from "data_processing"."raw"."impressions"
where event_type is null



  
  
      
    ) dbt_internal_test
[0m20:21:12.013668 [debug] [Thread-4 (]: On test.data_processing_analytics.source_not_null_raw_impressions_impression_id.90e58090a3: BEGIN
[0m20:21:12.014352 [debug] [Thread-4 (]: Opening a new connection, currently in state closed
[0m20:21:12.013899 [debug] [Thread-1 (]: On test.data_processing_analytics.source_not_null_raw_impressions_date.f99b4db4ba: Close
[0m20:21:12.014534 [debug] [Thread-3 (]: SQL status: SELECT 1 in 0.000 seconds
[0m20:21:12.015033 [info ] [Thread-1 (]: 13 of 21 PASS source_not_null_raw_impressions_date ............................. [[32mPASS[0m in 0.03s]
[0m20:21:12.016459 [debug] [Thread-3 (]: On test.data_processing_analytics.source_not_null_raw_impressions_event_type.af77bebbbd: ROLLBACK
[0m20:21:12.016856 [debug] [Thread-1 (]: Finished running node test.data_processing_analytics.source_not_null_raw_impressions_date.f99b4db4ba
[0m20:21:12.017337 [debug] [Thread-1 (]: Began running node test.data_processing_analytics.source_not_null_raw_impressions_loaded_at.1d4fb179d0
[0m20:21:12.017478 [debug] [Thread-3 (]: On test.data_processing_analytics.source_not_null_raw_impressions_event_type.af77bebbbd: Close
[0m20:21:12.017669 [info ] [Thread-1 (]: 17 of 21 START test source_not_null_raw_impressions_loaded_at .................. [RUN]
[0m20:21:12.018311 [debug] [Thread-4 (]: SQL status: BEGIN in 0.004 seconds
[0m20:21:12.018572 [info ] [Thread-3 (]: 14 of 21 PASS source_not_null_raw_impressions_event_type ....................... [[32mPASS[0m in 0.03s]
[0m20:21:12.018807 [debug] [Thread-2 (]: SQL status: BEGIN in 0.006 seconds
[0m20:21:12.019027 [debug] [Thread-1 (]: Re-using an available connection from the pool (formerly test.data_processing_analytics.source_not_null_raw_impressions_date.f99b4db4ba, now test.data_processing_analytics.source_not_null_raw_impressions_loaded_at.1d4fb179d0)
[0m20:21:12.019242 [debug] [Thread-4 (]: Using postgres connection "test.data_processing_analytics.source_not_null_raw_impressions_impression_id.90e58090a3"
[0m20:21:12.019544 [debug] [Thread-3 (]: Finished running node test.data_processing_analytics.source_not_null_raw_impressions_event_type.af77bebbbd
[0m20:21:12.019744 [debug] [Thread-2 (]: Using postgres connection "test.data_processing_analytics.source_not_null_raw_impressions_hour.0d8b85a8de"
[0m20:21:12.020838 [debug] [Thread-2 (]: On test.data_processing_analytics.source_not_null_raw_impressions_hour.0d8b85a8de: /* {"app": "dbt", "dbt_version": "1.9.1", "profile_name": "data_processing", "target_name": "local", "node_id": "test.data_processing_analytics.source_not_null_raw_impressions_hour.0d8b85a8de"} */

    select
      count(*) as failures,
      count(*) != 0 as should_warn,
      count(*) != 0 as should_error
    from (
      
    
  
    
    



select hour
from "data_processing"."raw"."impressions"
where hour is null



  
  
      
    ) dbt_internal_test
[0m20:21:12.020158 [debug] [Thread-4 (]: On test.data_processing_analytics.source_not_null_raw_impressions_impression_id.90e58090a3: /* {"app": "dbt", "dbt_version": "1.9.1", "profile_name": "data_processing", "target_name": "local", "node_id": "test.data_processing_analytics.source_not_null_raw_impressions_impression_id.90e58090a3"} */

    select
      count(*) as failures,
      count(*) != 0 as should_warn,
      count(*) != 0 as should_error
    from (
      
    
  
    
    



select impression_id
from "data_processing"."raw"."impressions"
where impression_id is null



  
  
      
    ) dbt_internal_test
[0m20:21:12.020493 [debug] [Thread-3 (]: Began running node test.data_processing_analytics.source_not_null_raw_impressions_page_type.c42d24e3ac
[0m20:21:12.019940 [debug] [Thread-1 (]: Began compiling node test.data_processing_analytics.source_not_null_raw_impressions_loaded_at.1d4fb179d0
[0m20:21:12.021693 [debug] [Thread-2 (]: SQL status: SELECT 1 in 0.001 seconds
[0m20:21:12.021922 [debug] [Thread-4 (]: SQL status: SELECT 1 in 0.001 seconds
[0m20:21:12.021516 [info ] [Thread-3 (]: 18 of 21 START test source_not_null_raw_impressions_page_type .................. [RUN]
[0m20:21:12.024194 [debug] [Thread-1 (]: Writing injected SQL for node "test.data_processing_analytics.source_not_null_raw_impressions_loaded_at.1d4fb179d0"
[0m20:21:12.024881 [debug] [Thread-2 (]: On test.data_processing_analytics.source_not_null_raw_impressions_hour.0d8b85a8de: ROLLBACK
[0m20:21:12.025477 [debug] [Thread-4 (]: On test.data_processing_analytics.source_not_null_raw_impressions_impression_id.90e58090a3: ROLLBACK
[0m20:21:12.025728 [debug] [Thread-3 (]: Re-using an available connection from the pool (formerly test.data_processing_analytics.source_not_null_raw_impressions_event_type.af77bebbbd, now test.data_processing_analytics.source_not_null_raw_impressions_page_type.c42d24e3ac)
[0m20:21:12.026208 [debug] [Thread-2 (]: On test.data_processing_analytics.source_not_null_raw_impressions_hour.0d8b85a8de: Close
[0m20:21:12.026406 [debug] [Thread-1 (]: Began executing node test.data_processing_analytics.source_not_null_raw_impressions_loaded_at.1d4fb179d0
[0m20:21:12.026544 [debug] [Thread-4 (]: On test.data_processing_analytics.source_not_null_raw_impressions_impression_id.90e58090a3: Close
[0m20:21:12.026723 [debug] [Thread-3 (]: Began compiling node test.data_processing_analytics.source_not_null_raw_impressions_page_type.c42d24e3ac
[0m20:21:12.027032 [info ] [Thread-2 (]: 15 of 21 PASS source_not_null_raw_impressions_hour ............................. [[32mPASS[0m in 0.03s]
[0m20:21:12.028286 [debug] [Thread-1 (]: Writing runtime sql for node "test.data_processing_analytics.source_not_null_raw_impressions_loaded_at.1d4fb179d0"
[0m20:21:12.028590 [info ] [Thread-4 (]: 16 of 21 PASS source_not_null_raw_impressions_impression_id .................... [[32mPASS[0m in 0.03s]
[0m20:21:12.031372 [debug] [Thread-3 (]: Writing injected SQL for node "test.data_processing_analytics.source_not_null_raw_impressions_page_type.c42d24e3ac"
[0m20:21:12.031640 [debug] [Thread-2 (]: Finished running node test.data_processing_analytics.source_not_null_raw_impressions_hour.0d8b85a8de
[0m20:21:12.032096 [debug] [Thread-4 (]: Finished running node test.data_processing_analytics.source_not_null_raw_impressions_impression_id.90e58090a3
[0m20:21:12.032419 [debug] [Thread-2 (]: Began running node test.data_processing_analytics.source_not_null_raw_impressions_user_id.bf76fbf5eb
[0m20:21:12.032586 [debug] [Thread-1 (]: Using postgres connection "test.data_processing_analytics.source_not_null_raw_impressions_loaded_at.1d4fb179d0"
[0m20:21:12.032876 [debug] [Thread-4 (]: Began running node test.data_processing_analytics.unique_page_type_summary_page_type.32ffefcb6b
[0m20:21:12.033019 [debug] [Thread-3 (]: Began executing node test.data_processing_analytics.source_not_null_raw_impressions_page_type.c42d24e3ac
[0m20:21:12.033203 [info ] [Thread-2 (]: 19 of 21 START test source_not_null_raw_impressions_user_id .................... [RUN]
[0m20:21:12.035140 [debug] [Thread-2 (]: Re-using an available connection from the pool (formerly test.data_processing_analytics.source_not_null_raw_impressions_hour.0d8b85a8de, now test.data_processing_analytics.source_not_null_raw_impressions_user_id.bf76fbf5eb)
[0m20:21:12.033664 [info ] [Thread-4 (]: 20 of 21 START test unique_page_type_summary_page_type ......................... [RUN]
[0m20:21:12.034880 [debug] [Thread-3 (]: Writing runtime sql for node "test.data_processing_analytics.source_not_null_raw_impressions_page_type.c42d24e3ac"
[0m20:21:12.033457 [debug] [Thread-1 (]: On test.data_processing_analytics.source_not_null_raw_impressions_loaded_at.1d4fb179d0: BEGIN
[0m20:21:12.035313 [debug] [Thread-2 (]: Began compiling node test.data_processing_analytics.source_not_null_raw_impressions_user_id.bf76fbf5eb
[0m20:21:12.035536 [debug] [Thread-4 (]: Re-using an available connection from the pool (formerly test.data_processing_analytics.source_not_null_raw_impressions_impression_id.90e58090a3, now test.data_processing_analytics.unique_page_type_summary_page_type.32ffefcb6b)
[0m20:21:12.035839 [debug] [Thread-1 (]: Opening a new connection, currently in state closed
[0m20:21:12.037539 [debug] [Thread-2 (]: Writing injected SQL for node "test.data_processing_analytics.source_not_null_raw_impressions_user_id.bf76fbf5eb"
[0m20:21:12.037767 [debug] [Thread-3 (]: Using postgres connection "test.data_processing_analytics.source_not_null_raw_impressions_page_type.c42d24e3ac"
[0m20:21:12.037941 [debug] [Thread-4 (]: Began compiling node test.data_processing_analytics.unique_page_type_summary_page_type.32ffefcb6b
[0m20:21:12.038925 [debug] [Thread-3 (]: On test.data_processing_analytics.source_not_null_raw_impressions_page_type.c42d24e3ac: BEGIN
[0m20:21:12.042396 [debug] [Thread-3 (]: Opening a new connection, currently in state closed
[0m20:21:12.041914 [debug] [Thread-4 (]: Writing injected SQL for node "test.data_processing_analytics.unique_page_type_summary_page_type.32ffefcb6b"
[0m20:21:12.042256 [debug] [Thread-1 (]: SQL status: BEGIN in 0.006 seconds
[0m20:21:12.039162 [debug] [Thread-2 (]: Began executing node test.data_processing_analytics.source_not_null_raw_impressions_user_id.bf76fbf5eb
[0m20:21:12.042911 [debug] [Thread-1 (]: Using postgres connection "test.data_processing_analytics.source_not_null_raw_impressions_loaded_at.1d4fb179d0"
[0m20:21:12.044082 [debug] [Thread-2 (]: Writing runtime sql for node "test.data_processing_analytics.source_not_null_raw_impressions_user_id.bf76fbf5eb"
[0m20:21:12.044298 [debug] [Thread-4 (]: Began executing node test.data_processing_analytics.unique_page_type_summary_page_type.32ffefcb6b
[0m20:21:12.045089 [debug] [Thread-1 (]: On test.data_processing_analytics.source_not_null_raw_impressions_loaded_at.1d4fb179d0: /* {"app": "dbt", "dbt_version": "1.9.1", "profile_name": "data_processing", "target_name": "local", "node_id": "test.data_processing_analytics.source_not_null_raw_impressions_loaded_at.1d4fb179d0"} */

    select
      count(*) as failures,
      count(*) != 0 as should_warn,
      count(*) != 0 as should_error
    from (
      
    
  
    
    



select loaded_at
from "data_processing"."raw"."impressions"
where loaded_at is null



  
  
      
    ) dbt_internal_test
[0m20:21:12.046349 [debug] [Thread-4 (]: Writing runtime sql for node "test.data_processing_analytics.unique_page_type_summary_page_type.32ffefcb6b"
[0m20:21:12.046643 [debug] [Thread-2 (]: Using postgres connection "test.data_processing_analytics.source_not_null_raw_impressions_user_id.bf76fbf5eb"
[0m20:21:12.046815 [debug] [Thread-3 (]: SQL status: BEGIN in 0.004 seconds
[0m20:21:12.047195 [debug] [Thread-2 (]: On test.data_processing_analytics.source_not_null_raw_impressions_user_id.bf76fbf5eb: BEGIN
[0m20:21:12.047386 [debug] [Thread-1 (]: SQL status: SELECT 1 in 0.001 seconds
[0m20:21:12.047561 [debug] [Thread-3 (]: Using postgres connection "test.data_processing_analytics.source_not_null_raw_impressions_page_type.c42d24e3ac"
[0m20:21:12.048769 [debug] [Thread-3 (]: On test.data_processing_analytics.source_not_null_raw_impressions_page_type.c42d24e3ac: /* {"app": "dbt", "dbt_version": "1.9.1", "profile_name": "data_processing", "target_name": "local", "node_id": "test.data_processing_analytics.source_not_null_raw_impressions_page_type.c42d24e3ac"} */

    select
      count(*) as failures,
      count(*) != 0 as should_warn,
      count(*) != 0 as should_error
    from (
      
    
  
    
    



select page_type
from "data_processing"."raw"."impressions"
where page_type is null



  
  
      
    ) dbt_internal_test
[0m20:21:12.047898 [debug] [Thread-2 (]: Opening a new connection, currently in state closed
[0m20:21:12.048555 [debug] [Thread-1 (]: On test.data_processing_analytics.source_not_null_raw_impressions_loaded_at.1d4fb179d0: ROLLBACK
[0m20:21:12.047718 [debug] [Thread-4 (]: Using postgres connection "test.data_processing_analytics.unique_page_type_summary_page_type.32ffefcb6b"
[0m20:21:12.049307 [debug] [Thread-3 (]: SQL status: SELECT 1 in 0.000 seconds
[0m20:21:12.049464 [debug] [Thread-1 (]: On test.data_processing_analytics.source_not_null_raw_impressions_loaded_at.1d4fb179d0: Close
[0m20:21:12.049713 [debug] [Thread-4 (]: On test.data_processing_analytics.unique_page_type_summary_page_type.32ffefcb6b: BEGIN
[0m20:21:12.050542 [debug] [Thread-3 (]: On test.data_processing_analytics.source_not_null_raw_impressions_page_type.c42d24e3ac: ROLLBACK
[0m20:21:12.050919 [info ] [Thread-1 (]: 17 of 21 PASS source_not_null_raw_impressions_loaded_at ........................ [[32mPASS[0m in 0.03s]
[0m20:21:12.051212 [debug] [Thread-4 (]: Opening a new connection, currently in state closed
[0m20:21:12.051533 [debug] [Thread-3 (]: On test.data_processing_analytics.source_not_null_raw_impressions_page_type.c42d24e3ac: Close
[0m20:21:12.052245 [info ] [Thread-3 (]: 18 of 21 PASS source_not_null_raw_impressions_page_type ........................ [[32mPASS[0m in 0.03s]
[0m20:21:12.051728 [debug] [Thread-1 (]: Finished running node test.data_processing_analytics.source_not_null_raw_impressions_loaded_at.1d4fb179d0
[0m20:21:12.052979 [debug] [Thread-1 (]: Began running node test.data_processing_analytics.unique_user_engagement_user_id.3479fa49b6
[0m20:21:12.052717 [debug] [Thread-3 (]: Finished running node test.data_processing_analytics.source_not_null_raw_impressions_page_type.c42d24e3ac
[0m20:21:12.053188 [debug] [Thread-2 (]: SQL status: BEGIN in 0.005 seconds
[0m20:21:12.053368 [info ] [Thread-1 (]: 21 of 21 START test unique_user_engagement_user_id ............................. [RUN]
[0m20:21:12.053801 [debug] [Thread-2 (]: Using postgres connection "test.data_processing_analytics.source_not_null_raw_impressions_user_id.bf76fbf5eb"
[0m20:21:12.054023 [debug] [Thread-1 (]: Re-using an available connection from the pool (formerly test.data_processing_analytics.source_not_null_raw_impressions_loaded_at.1d4fb179d0, now test.data_processing_analytics.unique_user_engagement_user_id.3479fa49b6)
[0m20:21:12.054254 [debug] [Thread-2 (]: On test.data_processing_analytics.source_not_null_raw_impressions_user_id.bf76fbf5eb: /* {"app": "dbt", "dbt_version": "1.9.1", "profile_name": "data_processing", "target_name": "local", "node_id": "test.data_processing_analytics.source_not_null_raw_impressions_user_id.bf76fbf5eb"} */

    select
      count(*) as failures,
      count(*) != 0 as should_warn,
      count(*) != 0 as should_error
    from (
      
    
  
    
    



select user_id
from "data_processing"."raw"."impressions"
where user_id is null



  
  
      
    ) dbt_internal_test
[0m20:21:12.054450 [debug] [Thread-1 (]: Began compiling node test.data_processing_analytics.unique_user_engagement_user_id.3479fa49b6
[0m20:21:12.056425 [debug] [Thread-1 (]: Writing injected SQL for node "test.data_processing_analytics.unique_user_engagement_user_id.3479fa49b6"
[0m20:21:12.056589 [debug] [Thread-2 (]: SQL status: SELECT 1 in 0.002 seconds
[0m20:21:12.056916 [debug] [Thread-4 (]: SQL status: BEGIN in 0.006 seconds
[0m20:21:12.057658 [debug] [Thread-2 (]: On test.data_processing_analytics.source_not_null_raw_impressions_user_id.bf76fbf5eb: ROLLBACK
[0m20:21:12.057898 [debug] [Thread-4 (]: Using postgres connection "test.data_processing_analytics.unique_page_type_summary_page_type.32ffefcb6b"
[0m20:21:12.058036 [debug] [Thread-1 (]: Began executing node test.data_processing_analytics.unique_user_engagement_user_id.3479fa49b6
[0m20:21:12.058296 [debug] [Thread-2 (]: On test.data_processing_analytics.source_not_null_raw_impressions_user_id.bf76fbf5eb: Close
[0m20:21:12.058432 [debug] [Thread-4 (]: On test.data_processing_analytics.unique_page_type_summary_page_type.32ffefcb6b: /* {"app": "dbt", "dbt_version": "1.9.1", "profile_name": "data_processing", "target_name": "local", "node_id": "test.data_processing_analytics.unique_page_type_summary_page_type.32ffefcb6b"} */

    select
      count(*) as failures,
      count(*) != 0 as should_warn,
      count(*) != 0 as should_error
    from (
      
    
  
    
    

select
    page_type as unique_field,
    count(*) as n_records

from "data_processing"."public_analytics"."page_type_summary"
where page_type is not null
group by page_type
having count(*) > 1



  
  
      
    ) dbt_internal_test
[0m20:21:12.060402 [debug] [Thread-1 (]: Writing runtime sql for node "test.data_processing_analytics.unique_user_engagement_user_id.3479fa49b6"
[0m20:21:12.060712 [info ] [Thread-2 (]: 19 of 21 PASS source_not_null_raw_impressions_user_id .......................... [[32mPASS[0m in 0.03s]
[0m20:21:12.061623 [debug] [Thread-2 (]: Finished running node test.data_processing_analytics.source_not_null_raw_impressions_user_id.bf76fbf5eb
[0m20:21:12.061421 [debug] [Thread-4 (]: SQL status: SELECT 1 in 0.000 seconds
[0m20:21:12.062346 [debug] [Thread-4 (]: On test.data_processing_analytics.unique_page_type_summary_page_type.32ffefcb6b: ROLLBACK
[0m20:21:12.062528 [debug] [Thread-1 (]: Using postgres connection "test.data_processing_analytics.unique_user_engagement_user_id.3479fa49b6"
[0m20:21:12.062897 [debug] [Thread-1 (]: On test.data_processing_analytics.unique_user_engagement_user_id.3479fa49b6: BEGIN
[0m20:21:12.062776 [debug] [Thread-4 (]: On test.data_processing_analytics.unique_page_type_summary_page_type.32ffefcb6b: Close
[0m20:21:12.063063 [debug] [Thread-1 (]: Opening a new connection, currently in state closed
[0m20:21:12.063406 [info ] [Thread-4 (]: 20 of 21 PASS unique_page_type_summary_page_type ............................... [[32mPASS[0m in 0.03s]
[0m20:21:12.064016 [debug] [Thread-4 (]: Finished running node test.data_processing_analytics.unique_page_type_summary_page_type.32ffefcb6b
[0m20:21:12.067324 [debug] [Thread-1 (]: SQL status: BEGIN in 0.004 seconds
[0m20:21:12.067501 [debug] [Thread-1 (]: Using postgres connection "test.data_processing_analytics.unique_user_engagement_user_id.3479fa49b6"
[0m20:21:12.067705 [debug] [Thread-1 (]: On test.data_processing_analytics.unique_user_engagement_user_id.3479fa49b6: /* {"app": "dbt", "dbt_version": "1.9.1", "profile_name": "data_processing", "target_name": "local", "node_id": "test.data_processing_analytics.unique_user_engagement_user_id.3479fa49b6"} */

    select
      count(*) as failures,
      count(*) != 0 as should_warn,
      count(*) != 0 as should_error
    from (
      
    
  
    
    

select
    user_id as unique_field,
    count(*) as n_records

from "data_processing"."public_analytics"."user_engagement"
where user_id is not null
group by user_id
having count(*) > 1



  
  
      
    ) dbt_internal_test
[0m20:21:12.068250 [debug] [Thread-1 (]: SQL status: SELECT 1 in 0.000 seconds
[0m20:21:12.068901 [debug] [Thread-1 (]: On test.data_processing_analytics.unique_user_engagement_user_id.3479fa49b6: ROLLBACK
[0m20:21:12.069113 [debug] [Thread-1 (]: On test.data_processing_analytics.unique_user_engagement_user_id.3479fa49b6: Close
[0m20:21:12.069394 [info ] [Thread-1 (]: 21 of 21 PASS unique_user_engagement_user_id ................................... [[32mPASS[0m in 0.02s]
[0m20:21:12.070035 [debug] [Thread-1 (]: Finished running node test.data_processing_analytics.unique_user_engagement_user_id.3479fa49b6
[0m20:21:12.070761 [debug] [MainThread]: Using postgres connection "master"
[0m20:21:12.070935 [debug] [MainThread]: On master: BEGIN
[0m20:21:12.071090 [debug] [MainThread]: Opening a new connection, currently in state closed
[0m20:21:12.074133 [debug] [MainThread]: SQL status: BEGIN in 0.003 seconds
[0m20:21:12.074292 [debug] [MainThread]: On master: COMMIT
[0m20:21:12.074416 [debug] [MainThread]: Using postgres connection "master"
[0m20:21:12.074533 [debug] [MainThread]: On master: COMMIT
[0m20:21:12.074691 [debug] [MainThread]: SQL status: COMMIT in 0.000 seconds
[0m20:21:12.074817 [debug] [MainThread]: On master: Close
[0m20:21:12.074995 [debug] [MainThread]: Connection 'master' was properly closed.
[0m20:21:12.075119 [debug] [MainThread]: Connection 'test.data_processing_analytics.unique_user_engagement_user_id.3479fa49b6' was properly closed.
[0m20:21:12.075231 [debug] [MainThread]: Connection 'test.data_processing_analytics.source_not_null_raw_impressions_user_id.bf76fbf5eb' was properly closed.
[0m20:21:12.075377 [debug] [MainThread]: Connection 'test.data_processing_analytics.source_not_null_raw_impressions_page_type.c42d24e3ac' was properly closed.
[0m20:21:12.075507 [debug] [MainThread]: Connection 'test.data_processing_analytics.unique_page_type_summary_page_type.32ffefcb6b' was properly closed.
[0m20:21:12.075669 [info ] [MainThread]: 
[0m20:21:12.075849 [info ] [MainThread]: Finished running 21 data tests in 0 hours 0 minutes and 0.27 seconds (0.27s).
[0m20:21:12.077247 [debug] [MainThread]: Command end result
[0m20:21:12.093873 [debug] [MainThread]: Wrote artifact WritableManifest to /dbt/target/manifest.json
[0m20:21:12.095041 [debug] [MainThread]: Wrote artifact SemanticManifest to /dbt/target/semantic_manifest.json
[0m20:21:12.099135 [debug] [MainThread]: Wrote artifact RunExecutionResult to /dbt/target/run_results.json
[0m20:21:12.099319 [info ] [MainThread]: 
[0m20:21:12.099504 [info ] [MainThread]: [31mCompleted with 1 error, 0 partial successes, and 1 warning:[0m
[0m20:21:12.099771 [info ] [MainThread]: 
[0m20:21:12.100008 [error] [MainThread]: [31mFailure in test not_null_hourly_traffic_event_date (models/analysis/schema.yml)[0m
[0m20:21:12.100248 [error] [MainThread]:   Got 1 result, configured to fail if != 0
[0m20:21:12.100413 [info ] [MainThread]: 
[0m20:21:12.100652 [info ] [MainThread]:   compiled code at target/compiled/data_processing_analytics/models/analysis/schema.yml/not_null_hourly_traffic_event_date.sql
[0m20:21:12.100872 [info ] [MainThread]: 
[0m20:21:12.101141 [warn ] [MainThread]: [33mWarning in test not_null_stg_impressions_event_date (models/staging/schema.yml)[0m
[0m20:21:12.101355 [warn ] [MainThread]: Got 1 result, configured to warn if != 0
[0m20:21:12.101513 [info ] [MainThread]: 
[0m20:21:12.101744 [info ] [MainThread]:   compiled code at target/compiled/data_processing_analytics/models/staging/schema.yml/not_null_stg_impressions_event_date.sql
[0m20:21:12.101947 [info ] [MainThread]: 
[0m20:21:12.102155 [info ] [MainThread]: Done. PASS=19 WARN=1 ERROR=1 SKIP=0 TOTAL=21
[0m20:21:12.102662 [debug] [MainThread]: Resource report: {"command_name": "test", "command_success": false, "command_wall_clock_time": 0.655181, "process_in_blocks": "584", "process_kernel_time": 0.134488, "process_mem_max_rss": "123136", "process_out_blocks": "2587", "process_user_time": 1.124442}
[0m20:21:12.102881 [debug] [MainThread]: Command `dbt test` failed at 20:21:12.102841 after 0.66 seconds
[0m20:21:12.103081 [debug] [MainThread]: Sending event: {'category': 'dbt', 'action': 'invocation', 'label': 'end', 'context': [<snowplow_tracker.self_describing_json.SelfDescribingJson object at 0xffff91c330a0>, <snowplow_tracker.self_describing_json.SelfDescribingJson object at 0xffff91a32590>, <snowplow_tracker.self_describing_json.SelfDescribingJson object at 0xffff8fb3ba60>]}
[0m20:21:12.103277 [debug] [MainThread]: Flushing usage events
[0m20:21:12.174385 [debug] [MainThread]: An error was encountered while trying to flush usage events
[0m20:21:13.865712 [debug] [MainThread]: Sending event: {'category': 'dbt', 'action': 'invocation', 'label': 'start', 'context': [<snowplow_tracker.self_describing_json.SelfDescribingJson object at 0xffff9f397430>, <snowplow_tracker.self_describing_json.SelfDescribingJson object at 0xffff9e53e470>, <snowplow_tracker.self_describing_json.SelfDescribingJson object at 0xffff9e53fd30>]}


============================== 20:21:13.868624 | 82fce1b7-56e0-4119-903e-447f63b85b42 ==============================
[0m20:21:13.868624 [info ] [MainThread]: Running with dbt=1.9.1
[0m20:21:13.868972 [debug] [MainThread]: running dbt with arguments {'printer_width': '80', 'indirect_selection': 'eager', 'log_cache_events': 'False', 'write_json': 'True', 'partial_parse': 'True', 'cache_selected_only': 'False', 'profiles_dir': '/dbt', 'fail_fast': 'False', 'debug': 'False', 'log_path': '/dbt/logs', 'warn_error': 'None', 'version_check': 'True', 'use_colors': 'True', 'use_experimental_parser': 'False', 'no_print': 'None', 'quiet': 'False', 'empty': 'None', 'log_format': 'default', 'introspect': 'True', 'static_parser': 'True', 'invocation_command': 'dbt deps', 'target_path': 'None', 'warn_error_options': 'WarnErrorOptions(include=[], exclude=[])', 'send_anonymous_usage_stats': 'True'}
[0m20:21:13.915202 [debug] [MainThread]: Sending event: {'category': 'dbt', 'action': 'project_id', 'label': '82fce1b7-56e0-4119-903e-447f63b85b42', 'context': [<snowplow_tracker.self_describing_json.SelfDescribingJson object at 0xffff9e5bcf10>]}
[0m20:21:13.919480 [info ] [MainThread]: Warning: No packages were found in packages.yml
[0m20:21:13.920401 [info ] [MainThread]: Warning: No packages were found in packages.yml
[0m20:21:13.920888 [debug] [MainThread]: Resource report: {"command_name": "deps", "command_success": true, "command_wall_clock_time": 0.07897437, "process_in_blocks": "0", "process_kernel_time": 0.06749, "process_mem_max_rss": "95564", "process_out_blocks": "2131", "process_user_time": 0.711168}
[0m20:21:13.921162 [debug] [MainThread]: Command `dbt deps` succeeded at 20:21:13.921094 after 0.08 seconds
[0m20:21:13.921381 [debug] [MainThread]: Sending event: {'category': 'dbt', 'action': 'invocation', 'label': 'end', 'context': [<snowplow_tracker.self_describing_json.SelfDescribingJson object at 0xffff9f397430>, <snowplow_tracker.self_describing_json.SelfDescribingJson object at 0xffff9e5bcf10>, <snowplow_tracker.self_describing_json.SelfDescribingJson object at 0xffff9e5bc670>]}
[0m20:21:13.921587 [debug] [MainThread]: Flushing usage events
[0m20:21:13.998912 [debug] [MainThread]: An error was encountered while trying to flush usage events
[0m20:21:14.663078 [debug] [MainThread]: Sending event: {'category': 'dbt', 'action': 'invocation', 'label': 'start', 'context': [<snowplow_tracker.self_describing_json.SelfDescribingJson object at 0xffff85cf7160>, <snowplow_tracker.self_describing_json.SelfDescribingJson object at 0xffff85137790>, <snowplow_tracker.self_describing_json.SelfDescribingJson object at 0xffff85135ff0>]}


============================== 20:21:14.664431 | 974c4305-1d29-4a96-918a-76dc051b8181 ==============================
[0m20:21:14.664431 [info ] [MainThread]: Running with dbt=1.9.1
[0m20:21:14.664754 [debug] [MainThread]: running dbt with arguments {'printer_width': '80', 'indirect_selection': 'eager', 'write_json': 'True', 'log_cache_events': 'False', 'partial_parse': 'True', 'cache_selected_only': 'False', 'profiles_dir': '/dbt', 'fail_fast': 'False', 'debug': 'False', 'log_path': '/dbt/logs', 'version_check': 'True', 'warn_error': 'None', 'use_colors': 'True', 'use_experimental_parser': 'False', 'no_print': 'None', 'quiet': 'False', 'empty': 'None', 'warn_error_options': 'WarnErrorOptions(include=[], exclude=[])', 'introspect': 'True', 'invocation_command': 'dbt source freshness', 'static_parser': 'True', 'target_path': 'None', 'log_format': 'default', 'send_anonymous_usage_stats': 'True'}
[0m20:21:14.731678 [debug] [MainThread]: Sending event: {'category': 'dbt', 'action': 'project_id', 'label': '974c4305-1d29-4a96-918a-76dc051b8181', 'context': [<snowplow_tracker.self_describing_json.SelfDescribingJson object at 0xffff8559a800>]}
[0m20:21:14.756123 [debug] [MainThread]: Sending event: {'category': 'dbt', 'action': 'adapter_info', 'label': '974c4305-1d29-4a96-918a-76dc051b8181', 'context': [<snowplow_tracker.self_describing_json.SelfDescribingJson object at 0xffff84edd390>]}
[0m20:21:14.756635 [info ] [MainThread]: Registered adapter: postgres=1.9.1
[0m20:21:14.789207 [debug] [MainThread]: checksum: 5e8d1596cf4eae33c11286bbb248a722d21b9f00d8a7ced8137c642517055418, vars: {}, profile: , target: , version: 1.9.1
[0m20:21:14.861840 [debug] [MainThread]: Partial parsing enabled: 0 files deleted, 0 files added, 0 files changed.
[0m20:21:14.862083 [debug] [MainThread]: Partial parsing enabled, no changes found, skipping parsing
[0m20:21:14.886084 [debug] [MainThread]: Sending event: {'category': 'dbt', 'action': 'load_project', 'label': '974c4305-1d29-4a96-918a-76dc051b8181', 'context': [<snowplow_tracker.self_describing_json.SelfDescribingJson object at 0xffff83aed930>]}
[0m20:21:14.935572 [debug] [MainThread]: Wrote artifact WritableManifest to /dbt/target/manifest.json
[0m20:21:14.950441 [debug] [MainThread]: Wrote artifact SemanticManifest to /dbt/target/semantic_manifest.json
[0m20:21:14.960470 [debug] [MainThread]: Sending event: {'category': 'dbt', 'action': 'resource_counts', 'label': '974c4305-1d29-4a96-918a-76dc051b8181', 'context': [<snowplow_tracker.self_describing_json.SelfDescribingJson object at 0xffff839918a0>]}
[0m20:21:14.960761 [info ] [MainThread]: Found 6 models, 21 data tests, 1 source, 436 macros
[0m20:21:14.961018 [debug] [MainThread]: Sending event: {'category': 'dbt', 'action': 'runnable_timing', 'label': '974c4305-1d29-4a96-918a-76dc051b8181', 'context': [<snowplow_tracker.self_describing_json.SelfDescribingJson object at 0xffff83991960>]}
[0m20:21:14.961972 [info ] [MainThread]: 
[0m20:21:14.962190 [info ] [MainThread]: Concurrency: 4 threads (target='local')
[0m20:21:14.962478 [info ] [MainThread]: 
[0m20:21:14.963041 [debug] [MainThread]: Acquiring new postgres connection 'master'
[0m20:21:14.965281 [debug] [ThreadPool]: Acquiring new postgres connection 'list_data_processing_public_analytics'
[0m20:21:14.965590 [debug] [ThreadPool]: Acquiring new postgres connection 'list_data_processing_public_staging'
[0m20:21:15.004722 [debug] [ThreadPool]: Using postgres connection "list_data_processing_public_analytics"
[0m20:21:15.004923 [debug] [ThreadPool]: Using postgres connection "list_data_processing_public_staging"
[0m20:21:15.005115 [debug] [ThreadPool]: On list_data_processing_public_analytics: BEGIN
[0m20:21:15.005291 [debug] [ThreadPool]: On list_data_processing_public_staging: BEGIN
[0m20:21:15.005438 [debug] [ThreadPool]: Opening a new connection, currently in state init
[0m20:21:15.005593 [debug] [ThreadPool]: Opening a new connection, currently in state init
[0m20:21:15.010790 [debug] [ThreadPool]: SQL status: BEGIN in 0.005 seconds
[0m20:21:15.010954 [debug] [ThreadPool]: SQL status: BEGIN in 0.005 seconds
[0m20:21:15.011155 [debug] [ThreadPool]: Using postgres connection "list_data_processing_public_analytics"
[0m20:21:15.011400 [debug] [ThreadPool]: Using postgres connection "list_data_processing_public_staging"
[0m20:21:15.011639 [debug] [ThreadPool]: On list_data_processing_public_analytics: /* {"app": "dbt", "dbt_version": "1.9.1", "profile_name": "data_processing", "target_name": "local", "connection_name": "list_data_processing_public_analytics"} */
select
      'data_processing' as database,
      tablename as name,
      schemaname as schema,
      'table' as type
    from pg_tables
    where schemaname ilike 'public_analytics'
    union all
    select
      'data_processing' as database,
      viewname as name,
      schemaname as schema,
      'view' as type
    from pg_views
    where schemaname ilike 'public_analytics'
    union all
    select
      'data_processing' as database,
      matviewname as name,
      schemaname as schema,
      'materialized_view' as type
    from pg_matviews
    where schemaname ilike 'public_analytics'
  
[0m20:21:15.011918 [debug] [ThreadPool]: On list_data_processing_public_staging: /* {"app": "dbt", "dbt_version": "1.9.1", "profile_name": "data_processing", "target_name": "local", "connection_name": "list_data_processing_public_staging"} */
select
      'data_processing' as database,
      tablename as name,
      schemaname as schema,
      'table' as type
    from pg_tables
    where schemaname ilike 'public_staging'
    union all
    select
      'data_processing' as database,
      viewname as name,
      schemaname as schema,
      'view' as type
    from pg_views
    where schemaname ilike 'public_staging'
    union all
    select
      'data_processing' as database,
      matviewname as name,
      schemaname as schema,
      'materialized_view' as type
    from pg_matviews
    where schemaname ilike 'public_staging'
  
[0m20:21:15.013329 [debug] [ThreadPool]: SQL status: SELECT 1 in 0.001 seconds
[0m20:21:15.013509 [debug] [ThreadPool]: SQL status: SELECT 5 in 0.001 seconds
[0m20:21:15.014170 [debug] [ThreadPool]: On list_data_processing_public_staging: ROLLBACK
[0m20:21:15.014812 [debug] [ThreadPool]: On list_data_processing_public_analytics: ROLLBACK
[0m20:21:15.015118 [debug] [ThreadPool]: On list_data_processing_public_staging: Close
[0m20:21:15.015309 [debug] [ThreadPool]: On list_data_processing_public_analytics: Close
[0m20:21:15.018469 [debug] [MainThread]: Using postgres connection "master"
[0m20:21:15.018703 [debug] [MainThread]: On master: BEGIN
[0m20:21:15.018904 [debug] [MainThread]: Opening a new connection, currently in state init
[0m20:21:15.022421 [debug] [MainThread]: SQL status: BEGIN in 0.004 seconds
[0m20:21:15.022606 [debug] [MainThread]: Using postgres connection "master"
[0m20:21:15.022813 [debug] [MainThread]: On master: /* {"app": "dbt", "dbt_version": "1.9.1", "profile_name": "data_processing", "target_name": "local", "connection_name": "master"} */
select distinct
        dependent_namespace.nspname as dependent_schema,
        dependent_class.relname as dependent_name,
        referenced_namespace.nspname as referenced_schema,
        referenced_class.relname as referenced_name

    -- Query for views: views are entries in pg_class with an entry in pg_rewrite, but we avoid
    -- a seq scan on pg_rewrite by leveraging the fact there is an "internal" row in pg_depend for
    -- the view...
    from pg_class as dependent_class
    join pg_namespace as dependent_namespace on dependent_namespace.oid = dependent_class.relnamespace
    join pg_depend as dependent_depend on dependent_depend.refobjid = dependent_class.oid
        and dependent_depend.classid = 'pg_rewrite'::regclass
        and dependent_depend.refclassid = 'pg_class'::regclass
        and dependent_depend.deptype = 'i'

    -- ... and via pg_depend (that has a row per column, hence the need for "distinct" above, and
    -- making sure to exclude the internal row to avoid a view appearing to depend on itself)...
    join pg_depend as joining_depend on joining_depend.objid = dependent_depend.objid
        and joining_depend.classid = 'pg_rewrite'::regclass
        and joining_depend.refclassid = 'pg_class'::regclass
        and joining_depend.refobjid != dependent_depend.refobjid

    -- ... we can find the tables they query from in pg_class, but excluding system tables. Note we
    -- don't need need to exclude _dependent_ system tables, because they only query from other
    -- system tables, and so are automatically excluded by excluding _referenced_ system tables
    join pg_class as referenced_class on referenced_class.oid = joining_depend.refobjid
    join pg_namespace as referenced_namespace on referenced_namespace.oid = referenced_class.relnamespace
        and referenced_namespace.nspname != 'information_schema'
        and referenced_namespace.nspname not like 'pg\_%'

    order by
        dependent_schema, dependent_name, referenced_schema, referenced_name;
[0m20:21:15.024282 [debug] [MainThread]: SQL status: SELECT 1 in 0.001 seconds
[0m20:21:15.024988 [debug] [MainThread]: Sending event: {'category': 'dbt', 'action': 'runnable_timing', 'label': '974c4305-1d29-4a96-918a-76dc051b8181', 'context': [<snowplow_tracker.self_describing_json.SelfDescribingJson object at 0xffff84de8070>]}
[0m20:21:15.025274 [debug] [MainThread]: On master: ROLLBACK
[0m20:21:15.025566 [debug] [MainThread]: Using postgres connection "master"
[0m20:21:15.025779 [debug] [MainThread]: On master: BEGIN
[0m20:21:15.026102 [debug] [MainThread]: SQL status: BEGIN in 0.000 seconds
[0m20:21:15.026282 [debug] [MainThread]: On master: COMMIT
[0m20:21:15.026462 [debug] [MainThread]: Using postgres connection "master"
[0m20:21:15.026645 [debug] [MainThread]: On master: COMMIT
[0m20:21:15.026899 [debug] [MainThread]: SQL status: COMMIT in 0.000 seconds
[0m20:21:15.027085 [debug] [MainThread]: On master: Close
[0m20:21:15.028226 [debug] [Thread-1 (]: Began running node source.data_processing_analytics.raw.impressions
[0m20:21:15.028485 [info ] [Thread-1 (]: 1 of 1 START freshness of raw.impressions ...................................... [RUN]
[0m20:21:15.028787 [debug] [Thread-1 (]: Re-using an available connection from the pool (formerly list_data_processing_public_analytics, now source.data_processing_analytics.raw.impressions)
[0m20:21:15.029000 [debug] [Thread-1 (]: Began compiling node source.data_processing_analytics.raw.impressions
[0m20:21:15.029175 [debug] [Thread-1 (]: Began executing node source.data_processing_analytics.raw.impressions
[0m20:21:15.029469 [debug] [Thread-1 (]: Using postgres connection "source.data_processing_analytics.raw.impressions"
[0m20:21:15.029690 [debug] [Thread-1 (]: On source.data_processing_analytics.raw.impressions: BEGIN
[0m20:21:15.029878 [debug] [Thread-1 (]: Opening a new connection, currently in state closed
[0m20:21:15.033366 [debug] [Thread-1 (]: SQL status: BEGIN in 0.003 seconds
[0m20:21:15.033581 [debug] [Thread-1 (]: On source.data_processing_analytics.raw.impressions: COMMIT
[0m20:21:15.033786 [debug] [Thread-1 (]: Using postgres connection "source.data_processing_analytics.raw.impressions"
[0m20:21:15.033987 [debug] [Thread-1 (]: On source.data_processing_analytics.raw.impressions: COMMIT
[0m20:21:15.034251 [debug] [Thread-1 (]: SQL status: COMMIT in 0.000 seconds
[0m20:21:15.038150 [debug] [Thread-1 (]: Using postgres connection "source.data_processing_analytics.raw.impressions"
[0m20:21:15.038394 [debug] [Thread-1 (]: On source.data_processing_analytics.raw.impressions: /* {"app": "dbt", "dbt_version": "1.9.1", "profile_name": "data_processing", "target_name": "local", "node_id": "source.data_processing_analytics.raw.impressions"} */
select
      max(loaded_at) as max_loaded_at,
      now() as snapshotted_at
    from "data_processing"."raw"."impressions"
    
  
[0m20:21:15.039163 [debug] [Thread-1 (]: SQL status: SELECT 1 in 0.001 seconds
[0m20:21:15.039830 [debug] [Thread-1 (]: On source.data_processing_analytics.raw.impressions: Close
[0m20:21:15.040787 [info ] [Thread-1 (]: 1 of 1 PASS freshness of raw.impressions ....................................... [[32mPASS[0m in 0.01s]
[0m20:21:15.041157 [debug] [Thread-1 (]: Finished running node source.data_processing_analytics.raw.impressions
[0m20:21:15.041823 [debug] [MainThread]: Using postgres connection "master"
[0m20:21:15.042016 [debug] [MainThread]: On master: BEGIN
[0m20:21:15.042197 [debug] [MainThread]: Opening a new connection, currently in state closed
[0m20:21:15.045647 [debug] [MainThread]: SQL status: BEGIN in 0.003 seconds
[0m20:21:15.045857 [debug] [MainThread]: On master: COMMIT
[0m20:21:15.046051 [debug] [MainThread]: Using postgres connection "master"
[0m20:21:15.046230 [debug] [MainThread]: On master: COMMIT
[0m20:21:15.046471 [debug] [MainThread]: SQL status: COMMIT in 0.000 seconds
[0m20:21:15.046641 [debug] [MainThread]: On master: Close
[0m20:21:15.046890 [debug] [MainThread]: Connection 'master' was properly closed.
[0m20:21:15.047056 [debug] [MainThread]: Connection 'source.data_processing_analytics.raw.impressions' was properly closed.
[0m20:21:15.047195 [debug] [MainThread]: Connection 'list_data_processing_public_staging' was properly closed.
[0m20:21:15.047364 [info ] [MainThread]: 
[0m20:21:15.047583 [info ] [MainThread]: Finished running 1 source in 0 hours 0 minutes and 0.08 seconds (0.08s).
[0m20:21:15.064053 [debug] [MainThread]: Wrote artifact WritableManifest to /dbt/target/manifest.json
[0m20:21:15.065060 [debug] [MainThread]: Wrote artifact SemanticManifest to /dbt/target/semantic_manifest.json
[0m20:21:15.068127 [debug] [MainThread]: Wrote artifact FreshnessResult to /dbt/target/sources.json
[0m20:21:15.068290 [info ] [MainThread]: Done.
[0m20:21:15.068822 [debug] [MainThread]: Resource report: {"command_name": "freshness", "command_success": true, "command_wall_clock_time": 0.42957893, "process_in_blocks": "24", "process_kernel_time": 0.047803, "process_mem_max_rss": "118784", "process_out_blocks": "2391", "process_user_time": 0.91523}
[0m20:21:15.069075 [debug] [MainThread]: Command `dbt source freshness` succeeded at 20:21:15.069028 after 0.43 seconds
[0m20:21:15.069257 [debug] [MainThread]: Sending event: {'category': 'dbt', 'action': 'invocation', 'label': 'end', 'context': [<snowplow_tracker.self_describing_json.SelfDescribingJson object at 0xffff85cf7160>, <snowplow_tracker.self_describing_json.SelfDescribingJson object at 0xffff86f25c00>, <snowplow_tracker.self_describing_json.SelfDescribingJson object at 0xffff87e09870>]}
[0m20:21:15.069428 [debug] [MainThread]: Flushing usage events
[0m20:21:15.137492 [debug] [MainThread]: An error was encountered while trying to flush usage events
[0m20:22:31.731868 [debug] [MainThread]: Sending event: {'category': 'dbt', 'action': 'invocation', 'label': 'start', 'context': [<snowplow_tracker.self_describing_json.SelfDescribingJson object at 0xffff9a7b7430>, <snowplow_tracker.self_describing_json.SelfDescribingJson object at 0xffff99962470>, <snowplow_tracker.self_describing_json.SelfDescribingJson object at 0xffff99963d30>]}


============================== 20:22:31.736196 | fd523b9a-72e8-446f-8f2e-7637d83ed0dd ==============================
[0m20:22:31.736196 [info ] [MainThread]: Running with dbt=1.9.1
[0m20:22:31.736632 [debug] [MainThread]: running dbt with arguments {'printer_width': '80', 'indirect_selection': 'eager', 'write_json': 'True', 'log_cache_events': 'False', 'partial_parse': 'True', 'cache_selected_only': 'False', 'warn_error': 'None', 'fail_fast': 'False', 'profiles_dir': '/dbt', 'log_path': '/dbt/logs', 'version_check': 'True', 'debug': 'False', 'use_colors': 'True', 'use_experimental_parser': 'False', 'no_print': 'None', 'quiet': 'False', 'empty': 'None', 'warn_error_options': 'WarnErrorOptions(include=[], exclude=[])', 'static_parser': 'True', 'introspect': 'True', 'log_format': 'default', 'target_path': 'None', 'invocation_command': 'dbt deps', 'send_anonymous_usage_stats': 'True'}
[0m20:22:31.784689 [debug] [MainThread]: Sending event: {'category': 'dbt', 'action': 'project_id', 'label': 'fd523b9a-72e8-446f-8f2e-7637d83ed0dd', 'context': [<snowplow_tracker.self_describing_json.SelfDescribingJson object at 0xffff999d8f10>]}
[0m20:22:31.790377 [info ] [MainThread]: Warning: No packages were found in packages.yml
[0m20:22:31.791743 [info ] [MainThread]: Warning: No packages were found in packages.yml
[0m20:22:31.792266 [debug] [MainThread]: Resource report: {"command_name": "deps", "command_success": true, "command_wall_clock_time": 0.08449221, "process_in_blocks": "0", "process_kernel_time": 0.17079, "process_mem_max_rss": "95560", "process_out_blocks": "2131", "process_user_time": 0.753902}
[0m20:22:31.792506 [debug] [MainThread]: Command `dbt deps` succeeded at 20:22:31.792462 after 0.08 seconds
[0m20:22:31.792686 [debug] [MainThread]: Sending event: {'category': 'dbt', 'action': 'invocation', 'label': 'end', 'context': [<snowplow_tracker.self_describing_json.SelfDescribingJson object at 0xffff9a7b7430>, <snowplow_tracker.self_describing_json.SelfDescribingJson object at 0xffff999d8f10>, <snowplow_tracker.self_describing_json.SelfDescribingJson object at 0xffff999d8670>]}
[0m20:22:31.792880 [debug] [MainThread]: Flushing usage events
[0m20:22:31.940663 [debug] [MainThread]: An error was encountered while trying to flush usage events
[0m20:22:32.596365 [debug] [MainThread]: Sending event: {'category': 'dbt', 'action': 'invocation', 'label': 'start', 'context': [<snowplow_tracker.self_describing_json.SelfDescribingJson object at 0xffff98de7100>, <snowplow_tracker.self_describing_json.SelfDescribingJson object at 0xffff97f766e0>, <snowplow_tracker.self_describing_json.SelfDescribingJson object at 0xffff97f749d0>]}


============================== 20:22:32.597730 | 15362528-eef8-446c-9506-2118fade78b2 ==============================
[0m20:22:32.597730 [info ] [MainThread]: Running with dbt=1.9.1
[0m20:22:32.598072 [debug] [MainThread]: running dbt with arguments {'printer_width': '80', 'indirect_selection': 'eager', 'write_json': 'True', 'log_cache_events': 'False', 'partial_parse': 'True', 'cache_selected_only': 'False', 'profiles_dir': '/dbt', 'debug': 'False', 'version_check': 'True', 'log_path': '/dbt/logs', 'warn_error': 'None', 'fail_fast': 'False', 'use_colors': 'True', 'use_experimental_parser': 'False', 'no_print': 'None', 'quiet': 'False', 'empty': 'None', 'log_format': 'default', 'static_parser': 'True', 'introspect': 'True', 'invocation_command': 'dbt test', 'target_path': 'None', 'warn_error_options': 'WarnErrorOptions(include=[], exclude=[])', 'send_anonymous_usage_stats': 'True'}
[0m20:22:32.666551 [debug] [MainThread]: Sending event: {'category': 'dbt', 'action': 'project_id', 'label': '15362528-eef8-446c-9506-2118fade78b2', 'context': [<snowplow_tracker.self_describing_json.SelfDescribingJson object at 0xffff9abc6230>]}
[0m20:22:32.690267 [debug] [MainThread]: Sending event: {'category': 'dbt', 'action': 'adapter_info', 'label': '15362528-eef8-446c-9506-2118fade78b2', 'context': [<snowplow_tracker.self_describing_json.SelfDescribingJson object at 0xffff98d4abf0>]}
[0m20:22:32.690662 [info ] [MainThread]: Registered adapter: postgres=1.9.1
[0m20:22:32.721658 [debug] [MainThread]: checksum: 5e8d1596cf4eae33c11286bbb248a722d21b9f00d8a7ced8137c642517055418, vars: {}, profile: , target: , version: 1.9.1
[0m20:22:32.791915 [debug] [MainThread]: Partial parsing enabled: 0 files deleted, 0 files added, 0 files changed.
[0m20:22:32.792274 [debug] [MainThread]: Partial parsing enabled, no changes found, skipping parsing
[0m20:22:32.824248 [debug] [MainThread]: Sending event: {'category': 'dbt', 'action': 'load_project', 'label': '15362528-eef8-446c-9506-2118fade78b2', 'context': [<snowplow_tracker.self_describing_json.SelfDescribingJson object at 0xffff96bdd840>]}
[0m20:22:32.874912 [debug] [MainThread]: Wrote artifact WritableManifest to /dbt/target/manifest.json
[0m20:22:32.892934 [debug] [MainThread]: Wrote artifact SemanticManifest to /dbt/target/semantic_manifest.json
[0m20:22:32.906933 [debug] [MainThread]: Sending event: {'category': 'dbt', 'action': 'resource_counts', 'label': '15362528-eef8-446c-9506-2118fade78b2', 'context': [<snowplow_tracker.self_describing_json.SelfDescribingJson object at 0xffff96c44700>]}
[0m20:22:32.907204 [info ] [MainThread]: Found 6 models, 21 data tests, 1 source, 436 macros
[0m20:22:32.907479 [debug] [MainThread]: Sending event: {'category': 'dbt', 'action': 'runnable_timing', 'label': '15362528-eef8-446c-9506-2118fade78b2', 'context': [<snowplow_tracker.self_describing_json.SelfDescribingJson object at 0xffff96c446a0>]}
[0m20:22:32.930480 [info ] [MainThread]: 
[0m20:22:32.930866 [info ] [MainThread]: Concurrency: 4 threads (target='local')
[0m20:22:32.931152 [info ] [MainThread]: 
[0m20:22:32.931512 [debug] [MainThread]: Acquiring new postgres connection 'master'
[0m20:22:32.933773 [debug] [ThreadPool]: Acquiring new postgres connection 'list_data_processing_public_staging'
[0m20:22:32.934075 [debug] [ThreadPool]: Acquiring new postgres connection 'list_data_processing_public_analytics'
[0m20:22:32.961503 [debug] [ThreadPool]: Using postgres connection "list_data_processing_public_staging"
[0m20:22:32.961685 [debug] [ThreadPool]: Using postgres connection "list_data_processing_public_analytics"
[0m20:22:32.961877 [debug] [ThreadPool]: On list_data_processing_public_staging: BEGIN
[0m20:22:32.962066 [debug] [ThreadPool]: On list_data_processing_public_analytics: BEGIN
[0m20:22:32.962215 [debug] [ThreadPool]: Opening a new connection, currently in state init
[0m20:22:32.962393 [debug] [ThreadPool]: Opening a new connection, currently in state init
[0m20:22:32.968566 [debug] [ThreadPool]: SQL status: BEGIN in 0.006 seconds
[0m20:22:32.968732 [debug] [ThreadPool]: SQL status: BEGIN in 0.006 seconds
[0m20:22:32.968897 [debug] [ThreadPool]: Using postgres connection "list_data_processing_public_staging"
[0m20:22:32.969095 [debug] [ThreadPool]: Using postgres connection "list_data_processing_public_analytics"
[0m20:22:32.969274 [debug] [ThreadPool]: On list_data_processing_public_staging: /* {"app": "dbt", "dbt_version": "1.9.1", "profile_name": "data_processing", "target_name": "local", "connection_name": "list_data_processing_public_staging"} */
select
      'data_processing' as database,
      tablename as name,
      schemaname as schema,
      'table' as type
    from pg_tables
    where schemaname ilike 'public_staging'
    union all
    select
      'data_processing' as database,
      viewname as name,
      schemaname as schema,
      'view' as type
    from pg_views
    where schemaname ilike 'public_staging'
    union all
    select
      'data_processing' as database,
      matviewname as name,
      schemaname as schema,
      'materialized_view' as type
    from pg_matviews
    where schemaname ilike 'public_staging'
  
[0m20:22:32.969478 [debug] [ThreadPool]: On list_data_processing_public_analytics: /* {"app": "dbt", "dbt_version": "1.9.1", "profile_name": "data_processing", "target_name": "local", "connection_name": "list_data_processing_public_analytics"} */
select
      'data_processing' as database,
      tablename as name,
      schemaname as schema,
      'table' as type
    from pg_tables
    where schemaname ilike 'public_analytics'
    union all
    select
      'data_processing' as database,
      viewname as name,
      schemaname as schema,
      'view' as type
    from pg_views
    where schemaname ilike 'public_analytics'
    union all
    select
      'data_processing' as database,
      matviewname as name,
      schemaname as schema,
      'materialized_view' as type
    from pg_matviews
    where schemaname ilike 'public_analytics'
  
[0m20:22:32.971555 [debug] [ThreadPool]: SQL status: SELECT 1 in 0.002 seconds
[0m20:22:32.971673 [debug] [ThreadPool]: SQL status: SELECT 5 in 0.002 seconds
[0m20:22:32.972294 [debug] [ThreadPool]: On list_data_processing_public_staging: ROLLBACK
[0m20:22:32.972835 [debug] [ThreadPool]: On list_data_processing_public_analytics: ROLLBACK
[0m20:22:32.973069 [debug] [ThreadPool]: On list_data_processing_public_staging: Close
[0m20:22:32.973260 [debug] [ThreadPool]: On list_data_processing_public_analytics: Close
[0m20:22:32.976204 [debug] [MainThread]: Using postgres connection "master"
[0m20:22:32.976391 [debug] [MainThread]: On master: BEGIN
[0m20:22:32.976545 [debug] [MainThread]: Opening a new connection, currently in state init
[0m20:22:32.980017 [debug] [MainThread]: SQL status: BEGIN in 0.003 seconds
[0m20:22:32.980191 [debug] [MainThread]: Using postgres connection "master"
[0m20:22:32.980377 [debug] [MainThread]: On master: /* {"app": "dbt", "dbt_version": "1.9.1", "profile_name": "data_processing", "target_name": "local", "connection_name": "master"} */
select distinct
        dependent_namespace.nspname as dependent_schema,
        dependent_class.relname as dependent_name,
        referenced_namespace.nspname as referenced_schema,
        referenced_class.relname as referenced_name

    -- Query for views: views are entries in pg_class with an entry in pg_rewrite, but we avoid
    -- a seq scan on pg_rewrite by leveraging the fact there is an "internal" row in pg_depend for
    -- the view...
    from pg_class as dependent_class
    join pg_namespace as dependent_namespace on dependent_namespace.oid = dependent_class.relnamespace
    join pg_depend as dependent_depend on dependent_depend.refobjid = dependent_class.oid
        and dependent_depend.classid = 'pg_rewrite'::regclass
        and dependent_depend.refclassid = 'pg_class'::regclass
        and dependent_depend.deptype = 'i'

    -- ... and via pg_depend (that has a row per column, hence the need for "distinct" above, and
    -- making sure to exclude the internal row to avoid a view appearing to depend on itself)...
    join pg_depend as joining_depend on joining_depend.objid = dependent_depend.objid
        and joining_depend.classid = 'pg_rewrite'::regclass
        and joining_depend.refclassid = 'pg_class'::regclass
        and joining_depend.refobjid != dependent_depend.refobjid

    -- ... we can find the tables they query from in pg_class, but excluding system tables. Note we
    -- don't need need to exclude _dependent_ system tables, because they only query from other
    -- system tables, and so are automatically excluded by excluding _referenced_ system tables
    join pg_class as referenced_class on referenced_class.oid = joining_depend.refobjid
    join pg_namespace as referenced_namespace on referenced_namespace.oid = referenced_class.relnamespace
        and referenced_namespace.nspname != 'information_schema'
        and referenced_namespace.nspname not like 'pg\_%'

    order by
        dependent_schema, dependent_name, referenced_schema, referenced_name;
[0m20:22:32.982000 [debug] [MainThread]: SQL status: SELECT 1 in 0.001 seconds
[0m20:22:32.982589 [debug] [MainThread]: Sending event: {'category': 'dbt', 'action': 'runnable_timing', 'label': '15362528-eef8-446c-9506-2118fade78b2', 'context': [<snowplow_tracker.self_describing_json.SelfDescribingJson object at 0xffff98d49600>]}
[0m20:22:32.982808 [debug] [MainThread]: On master: ROLLBACK
[0m20:22:32.983012 [debug] [MainThread]: Using postgres connection "master"
[0m20:22:32.983141 [debug] [MainThread]: On master: BEGIN
[0m20:22:32.983386 [debug] [MainThread]: SQL status: BEGIN in 0.000 seconds
[0m20:22:32.983542 [debug] [MainThread]: On master: COMMIT
[0m20:22:32.983673 [debug] [MainThread]: Using postgres connection "master"
[0m20:22:32.983793 [debug] [MainThread]: On master: COMMIT
[0m20:22:32.983999 [debug] [MainThread]: SQL status: COMMIT in 0.000 seconds
[0m20:22:32.984164 [debug] [MainThread]: On master: Close
[0m20:22:32.985758 [debug] [Thread-1 (]: Began running node test.data_processing_analytics.not_null_funnel_analysis_event_type.3c35ba5f6e
[0m20:22:32.985922 [debug] [Thread-2 (]: Began running node test.data_processing_analytics.not_null_funnel_analysis_page_type.cc723b2075
[0m20:22:32.986086 [debug] [Thread-3 (]: Began running node test.data_processing_analytics.not_null_hourly_traffic_event_date.bf9938d75e
[0m20:22:32.986308 [debug] [Thread-4 (]: Began running node test.data_processing_analytics.not_null_int_impressions_aggregated_impression_id.9168c78c5b
[0m20:22:32.986467 [info ] [Thread-1 (]: 1 of 21 START test not_null_funnel_analysis_event_type ......................... [RUN]
[0m20:22:32.986754 [info ] [Thread-2 (]: 2 of 21 START test not_null_funnel_analysis_page_type .......................... [RUN]
[0m20:22:32.987015 [info ] [Thread-3 (]: 3 of 21 START test not_null_hourly_traffic_event_date .......................... [RUN]
[0m20:22:32.987310 [info ] [Thread-4 (]: 4 of 21 START test not_null_int_impressions_aggregated_impression_id ........... [RUN]
[0m20:22:32.987571 [debug] [Thread-1 (]: Re-using an available connection from the pool (formerly list_data_processing_public_staging, now test.data_processing_analytics.not_null_funnel_analysis_event_type.3c35ba5f6e)
[0m20:22:32.987812 [debug] [Thread-2 (]: Re-using an available connection from the pool (formerly list_data_processing_public_analytics, now test.data_processing_analytics.not_null_funnel_analysis_page_type.cc723b2075)
[0m20:22:32.988081 [debug] [Thread-3 (]: Acquiring new postgres connection 'test.data_processing_analytics.not_null_hourly_traffic_event_date.bf9938d75e'
[0m20:22:32.988350 [debug] [Thread-4 (]: Acquiring new postgres connection 'test.data_processing_analytics.not_null_int_impressions_aggregated_impression_id.9168c78c5b'
[0m20:22:32.988559 [debug] [Thread-1 (]: Began compiling node test.data_processing_analytics.not_null_funnel_analysis_event_type.3c35ba5f6e
[0m20:22:32.988779 [debug] [Thread-2 (]: Began compiling node test.data_processing_analytics.not_null_funnel_analysis_page_type.cc723b2075
[0m20:22:32.988977 [debug] [Thread-3 (]: Began compiling node test.data_processing_analytics.not_null_hourly_traffic_event_date.bf9938d75e
[0m20:22:32.989164 [debug] [Thread-4 (]: Began compiling node test.data_processing_analytics.not_null_int_impressions_aggregated_impression_id.9168c78c5b
[0m20:22:32.997417 [debug] [Thread-1 (]: Writing injected SQL for node "test.data_processing_analytics.not_null_funnel_analysis_event_type.3c35ba5f6e"
[0m20:22:32.999249 [debug] [Thread-2 (]: Writing injected SQL for node "test.data_processing_analytics.not_null_funnel_analysis_page_type.cc723b2075"
[0m20:22:33.001052 [debug] [Thread-3 (]: Writing injected SQL for node "test.data_processing_analytics.not_null_hourly_traffic_event_date.bf9938d75e"
[0m20:22:33.002880 [debug] [Thread-4 (]: Writing injected SQL for node "test.data_processing_analytics.not_null_int_impressions_aggregated_impression_id.9168c78c5b"
[0m20:22:33.004368 [debug] [Thread-2 (]: Began executing node test.data_processing_analytics.not_null_funnel_analysis_page_type.cc723b2075
[0m20:22:33.004534 [debug] [Thread-1 (]: Began executing node test.data_processing_analytics.not_null_funnel_analysis_event_type.3c35ba5f6e
[0m20:22:33.004683 [debug] [Thread-3 (]: Began executing node test.data_processing_analytics.not_null_hourly_traffic_event_date.bf9938d75e
[0m20:22:33.012764 [debug] [Thread-2 (]: Writing runtime sql for node "test.data_processing_analytics.not_null_funnel_analysis_page_type.cc723b2075"
[0m20:22:33.013908 [debug] [Thread-1 (]: Writing runtime sql for node "test.data_processing_analytics.not_null_funnel_analysis_event_type.3c35ba5f6e"
[0m20:22:33.014155 [debug] [Thread-4 (]: Began executing node test.data_processing_analytics.not_null_int_impressions_aggregated_impression_id.9168c78c5b
[0m20:22:33.015656 [debug] [Thread-3 (]: Writing runtime sql for node "test.data_processing_analytics.not_null_hourly_traffic_event_date.bf9938d75e"
[0m20:22:33.017098 [debug] [Thread-4 (]: Writing runtime sql for node "test.data_processing_analytics.not_null_int_impressions_aggregated_impression_id.9168c78c5b"
[0m20:22:33.018010 [debug] [Thread-1 (]: Using postgres connection "test.data_processing_analytics.not_null_funnel_analysis_event_type.3c35ba5f6e"
[0m20:22:33.018190 [debug] [Thread-3 (]: Using postgres connection "test.data_processing_analytics.not_null_hourly_traffic_event_date.bf9938d75e"
[0m20:22:33.018806 [debug] [Thread-3 (]: On test.data_processing_analytics.not_null_hourly_traffic_event_date.bf9938d75e: BEGIN
[0m20:22:33.018629 [debug] [Thread-1 (]: On test.data_processing_analytics.not_null_funnel_analysis_event_type.3c35ba5f6e: BEGIN
[0m20:22:33.018443 [debug] [Thread-2 (]: Using postgres connection "test.data_processing_analytics.not_null_funnel_analysis_page_type.cc723b2075"
[0m20:22:33.018965 [debug] [Thread-4 (]: Using postgres connection "test.data_processing_analytics.not_null_int_impressions_aggregated_impression_id.9168c78c5b"
[0m20:22:33.019135 [debug] [Thread-3 (]: Opening a new connection, currently in state init
[0m20:22:33.019316 [debug] [Thread-1 (]: Opening a new connection, currently in state closed
[0m20:22:33.019483 [debug] [Thread-2 (]: On test.data_processing_analytics.not_null_funnel_analysis_page_type.cc723b2075: BEGIN
[0m20:22:33.019672 [debug] [Thread-4 (]: On test.data_processing_analytics.not_null_int_impressions_aggregated_impression_id.9168c78c5b: BEGIN
[0m20:22:33.020173 [debug] [Thread-2 (]: Opening a new connection, currently in state closed
[0m20:22:33.020391 [debug] [Thread-4 (]: Opening a new connection, currently in state init
[0m20:22:33.024830 [debug] [Thread-2 (]: SQL status: BEGIN in 0.005 seconds
[0m20:22:33.024996 [debug] [Thread-4 (]: SQL status: BEGIN in 0.005 seconds
[0m20:22:33.025205 [debug] [Thread-2 (]: Using postgres connection "test.data_processing_analytics.not_null_funnel_analysis_page_type.cc723b2075"
[0m20:22:33.025361 [debug] [Thread-1 (]: SQL status: BEGIN in 0.006 seconds
[0m20:22:33.025480 [debug] [Thread-3 (]: SQL status: BEGIN in 0.006 seconds
[0m20:22:33.025649 [debug] [Thread-4 (]: Using postgres connection "test.data_processing_analytics.not_null_int_impressions_aggregated_impression_id.9168c78c5b"
[0m20:22:33.025906 [debug] [Thread-2 (]: On test.data_processing_analytics.not_null_funnel_analysis_page_type.cc723b2075: /* {"app": "dbt", "dbt_version": "1.9.1", "profile_name": "data_processing", "target_name": "local", "node_id": "test.data_processing_analytics.not_null_funnel_analysis_page_type.cc723b2075"} */

    select
      count(*) as failures,
      count(*) != 0 as should_warn,
      count(*) != 0 as should_error
    from (
      
    
  
    
    



select page_type
from "data_processing"."public_analytics"."funnel_analysis"
where page_type is null



  
  
      
    ) dbt_internal_test
[0m20:22:33.026110 [debug] [Thread-1 (]: Using postgres connection "test.data_processing_analytics.not_null_funnel_analysis_event_type.3c35ba5f6e"
[0m20:22:33.026793 [debug] [Thread-1 (]: On test.data_processing_analytics.not_null_funnel_analysis_event_type.3c35ba5f6e: /* {"app": "dbt", "dbt_version": "1.9.1", "profile_name": "data_processing", "target_name": "local", "node_id": "test.data_processing_analytics.not_null_funnel_analysis_event_type.3c35ba5f6e"} */

    select
      count(*) as failures,
      count(*) != 0 as should_warn,
      count(*) != 0 as should_error
    from (
      
    
  
    
    



select event_type
from "data_processing"."public_analytics"."funnel_analysis"
where event_type is null



  
  
      
    ) dbt_internal_test
[0m20:22:33.026495 [debug] [Thread-4 (]: On test.data_processing_analytics.not_null_int_impressions_aggregated_impression_id.9168c78c5b: /* {"app": "dbt", "dbt_version": "1.9.1", "profile_name": "data_processing", "target_name": "local", "node_id": "test.data_processing_analytics.not_null_int_impressions_aggregated_impression_id.9168c78c5b"} */

    select
      count(*) as failures,
      count(*) != 0 as should_warn,
      count(*) != 0 as should_error
    from (
      
    
  
    
    



select impression_id
from "data_processing"."public_analytics"."int_impressions_aggregated"
where impression_id is null



  
  
      
    ) dbt_internal_test
[0m20:22:33.026284 [debug] [Thread-3 (]: Using postgres connection "test.data_processing_analytics.not_null_hourly_traffic_event_date.bf9938d75e"
[0m20:22:33.027092 [debug] [Thread-2 (]: SQL status: SELECT 1 in 0.000 seconds
[0m20:22:33.027258 [debug] [Thread-1 (]: SQL status: SELECT 1 in 0.000 seconds
[0m20:22:33.027404 [debug] [Thread-4 (]: SQL status: SELECT 1 in 0.000 seconds
[0m20:22:33.027545 [debug] [Thread-3 (]: On test.data_processing_analytics.not_null_hourly_traffic_event_date.bf9938d75e: /* {"app": "dbt", "dbt_version": "1.9.1", "profile_name": "data_processing", "target_name": "local", "node_id": "test.data_processing_analytics.not_null_hourly_traffic_event_date.bf9938d75e"} */

    select
      count(*) as failures,
      count(*) != 0 as should_warn,
      count(*) != 0 as should_error
    from (
      
    
  
    
    



select event_date
from "data_processing"."public_analytics"."hourly_traffic"
where event_date is null



  
  
      
    ) dbt_internal_test
[0m20:22:33.029835 [debug] [Thread-2 (]: On test.data_processing_analytics.not_null_funnel_analysis_page_type.cc723b2075: ROLLBACK
[0m20:22:33.030479 [debug] [Thread-1 (]: On test.data_processing_analytics.not_null_funnel_analysis_event_type.3c35ba5f6e: ROLLBACK
[0m20:22:33.031152 [debug] [Thread-4 (]: On test.data_processing_analytics.not_null_int_impressions_aggregated_impression_id.9168c78c5b: ROLLBACK
[0m20:22:33.031549 [debug] [Thread-2 (]: On test.data_processing_analytics.not_null_funnel_analysis_page_type.cc723b2075: Close
[0m20:22:33.031744 [debug] [Thread-3 (]: SQL status: SELECT 1 in 0.000 seconds
[0m20:22:33.031867 [debug] [Thread-1 (]: On test.data_processing_analytics.not_null_funnel_analysis_event_type.3c35ba5f6e: Close
[0m20:22:33.032130 [debug] [Thread-4 (]: On test.data_processing_analytics.not_null_int_impressions_aggregated_impression_id.9168c78c5b: Close
[0m20:22:33.032424 [info ] [Thread-2 (]: 2 of 21 PASS not_null_funnel_analysis_page_type ................................ [[32mPASS[0m in 0.04s]
[0m20:22:33.033154 [debug] [Thread-3 (]: On test.data_processing_analytics.not_null_hourly_traffic_event_date.bf9938d75e: ROLLBACK
[0m20:22:33.033513 [info ] [Thread-1 (]: 1 of 21 PASS not_null_funnel_analysis_event_type ............................... [[32mPASS[0m in 0.05s]
[0m20:22:33.033856 [info ] [Thread-4 (]: 4 of 21 PASS not_null_int_impressions_aggregated_impression_id ................. [[32mPASS[0m in 0.05s]
[0m20:22:33.034215 [debug] [Thread-2 (]: Finished running node test.data_processing_analytics.not_null_funnel_analysis_page_type.cc723b2075
[0m20:22:33.034482 [debug] [Thread-3 (]: On test.data_processing_analytics.not_null_hourly_traffic_event_date.bf9938d75e: Close
[0m20:22:33.035622 [error] [Thread-3 (]: 3 of 21 FAIL 1 not_null_hourly_traffic_event_date .............................. [[31mFAIL 1[0m in 0.05s]
[0m20:22:33.035000 [debug] [Thread-4 (]: Finished running node test.data_processing_analytics.not_null_int_impressions_aggregated_impression_id.9168c78c5b
[0m20:22:33.035273 [debug] [Thread-2 (]: Began running node test.data_processing_analytics.not_null_int_impressions_aggregated_user_id.b331574930
[0m20:22:33.034679 [debug] [Thread-1 (]: Finished running node test.data_processing_analytics.not_null_funnel_analysis_event_type.3c35ba5f6e
[0m20:22:33.036726 [debug] [Thread-1 (]: Began running node test.data_processing_analytics.not_null_stg_impressions_event_date.52d635828b
[0m20:22:33.036206 [debug] [Thread-4 (]: Began running node test.data_processing_analytics.not_null_page_type_summary_page_type.ba086379d4
[0m20:22:33.036467 [info ] [Thread-2 (]: 5 of 21 START test not_null_int_impressions_aggregated_user_id ................. [RUN]
[0m20:22:33.035954 [debug] [Thread-3 (]: Finished running node test.data_processing_analytics.not_null_hourly_traffic_event_date.bf9938d75e
[0m20:22:33.036942 [info ] [Thread-1 (]: 7 of 21 START test not_null_stg_impressions_event_date ......................... [RUN]
[0m20:22:33.037205 [info ] [Thread-4 (]: 6 of 21 START test not_null_page_type_summary_page_type ........................ [RUN]
[0m20:22:33.037497 [debug] [Thread-2 (]: Re-using an available connection from the pool (formerly test.data_processing_analytics.not_null_funnel_analysis_page_type.cc723b2075, now test.data_processing_analytics.not_null_int_impressions_aggregated_user_id.b331574930)
[0m20:22:33.037724 [debug] [Thread-3 (]: Began running node test.data_processing_analytics.not_null_stg_impressions_impression_id.f19dc666d8
[0m20:22:33.038616 [info ] [Thread-3 (]: 8 of 21 START test not_null_stg_impressions_impression_id ...................... [RUN]
[0m20:22:33.038217 [debug] [Thread-4 (]: Re-using an available connection from the pool (formerly test.data_processing_analytics.not_null_int_impressions_aggregated_impression_id.9168c78c5b, now test.data_processing_analytics.not_null_page_type_summary_page_type.ba086379d4)
[0m20:22:33.038434 [debug] [Thread-2 (]: Began compiling node test.data_processing_analytics.not_null_int_impressions_aggregated_user_id.b331574930
[0m20:22:33.037977 [debug] [Thread-1 (]: Re-using an available connection from the pool (formerly test.data_processing_analytics.not_null_funnel_analysis_event_type.3c35ba5f6e, now test.data_processing_analytics.not_null_stg_impressions_event_date.52d635828b)
[0m20:22:33.041231 [debug] [Thread-1 (]: Began compiling node test.data_processing_analytics.not_null_stg_impressions_event_date.52d635828b
[0m20:22:33.039095 [debug] [Thread-4 (]: Began compiling node test.data_processing_analytics.not_null_page_type_summary_page_type.ba086379d4
[0m20:22:33.041007 [debug] [Thread-2 (]: Writing injected SQL for node "test.data_processing_analytics.not_null_int_impressions_aggregated_user_id.b331574930"
[0m20:22:33.038851 [debug] [Thread-3 (]: Re-using an available connection from the pool (formerly test.data_processing_analytics.not_null_hourly_traffic_event_date.bf9938d75e, now test.data_processing_analytics.not_null_stg_impressions_impression_id.f19dc666d8)
[0m20:22:33.045485 [debug] [Thread-3 (]: Began compiling node test.data_processing_analytics.not_null_stg_impressions_impression_id.f19dc666d8
[0m20:22:33.044960 [debug] [Thread-4 (]: Writing injected SQL for node "test.data_processing_analytics.not_null_page_type_summary_page_type.ba086379d4"
[0m20:22:33.043090 [debug] [Thread-1 (]: Writing injected SQL for node "test.data_processing_analytics.not_null_stg_impressions_event_date.52d635828b"
[0m20:22:33.047215 [debug] [Thread-3 (]: Writing injected SQL for node "test.data_processing_analytics.not_null_stg_impressions_impression_id.f19dc666d8"
[0m20:22:33.047470 [debug] [Thread-2 (]: Began executing node test.data_processing_analytics.not_null_int_impressions_aggregated_user_id.b331574930
[0m20:22:33.047964 [debug] [Thread-4 (]: Began executing node test.data_processing_analytics.not_null_page_type_summary_page_type.ba086379d4
[0m20:22:33.049328 [debug] [Thread-2 (]: Writing runtime sql for node "test.data_processing_analytics.not_null_int_impressions_aggregated_user_id.b331574930"
[0m20:22:33.050989 [debug] [Thread-4 (]: Writing runtime sql for node "test.data_processing_analytics.not_null_page_type_summary_page_type.ba086379d4"
[0m20:22:33.051154 [debug] [Thread-1 (]: Began executing node test.data_processing_analytics.not_null_stg_impressions_event_date.52d635828b
[0m20:22:33.051312 [debug] [Thread-3 (]: Began executing node test.data_processing_analytics.not_null_stg_impressions_impression_id.f19dc666d8
[0m20:22:33.052577 [debug] [Thread-1 (]: Writing runtime sql for node "test.data_processing_analytics.not_null_stg_impressions_event_date.52d635828b"
[0m20:22:33.052837 [debug] [Thread-2 (]: Using postgres connection "test.data_processing_analytics.not_null_int_impressions_aggregated_user_id.b331574930"
[0m20:22:33.053032 [debug] [Thread-4 (]: Using postgres connection "test.data_processing_analytics.not_null_page_type_summary_page_type.ba086379d4"
[0m20:22:33.054013 [debug] [Thread-3 (]: Writing runtime sql for node "test.data_processing_analytics.not_null_stg_impressions_impression_id.f19dc666d8"
[0m20:22:33.054287 [debug] [Thread-2 (]: On test.data_processing_analytics.not_null_int_impressions_aggregated_user_id.b331574930: BEGIN
[0m20:22:33.054510 [debug] [Thread-4 (]: On test.data_processing_analytics.not_null_page_type_summary_page_type.ba086379d4: BEGIN
[0m20:22:33.054775 [debug] [Thread-1 (]: Using postgres connection "test.data_processing_analytics.not_null_stg_impressions_event_date.52d635828b"
[0m20:22:33.054996 [debug] [Thread-2 (]: Opening a new connection, currently in state closed
[0m20:22:33.055178 [debug] [Thread-4 (]: Opening a new connection, currently in state closed
[0m20:22:33.055320 [debug] [Thread-3 (]: Using postgres connection "test.data_processing_analytics.not_null_stg_impressions_impression_id.f19dc666d8"
[0m20:22:33.055492 [debug] [Thread-1 (]: On test.data_processing_analytics.not_null_stg_impressions_event_date.52d635828b: BEGIN
[0m20:22:33.055965 [debug] [Thread-3 (]: On test.data_processing_analytics.not_null_stg_impressions_impression_id.f19dc666d8: BEGIN
[0m20:22:33.056369 [debug] [Thread-3 (]: Opening a new connection, currently in state closed
[0m20:22:33.056161 [debug] [Thread-1 (]: Opening a new connection, currently in state closed
[0m20:22:33.059828 [debug] [Thread-4 (]: SQL status: BEGIN in 0.005 seconds
[0m20:22:33.060055 [debug] [Thread-4 (]: Using postgres connection "test.data_processing_analytics.not_null_page_type_summary_page_type.ba086379d4"
[0m20:22:33.060270 [debug] [Thread-4 (]: On test.data_processing_analytics.not_null_page_type_summary_page_type.ba086379d4: /* {"app": "dbt", "dbt_version": "1.9.1", "profile_name": "data_processing", "target_name": "local", "node_id": "test.data_processing_analytics.not_null_page_type_summary_page_type.ba086379d4"} */

    select
      count(*) as failures,
      count(*) != 0 as should_warn,
      count(*) != 0 as should_error
    from (
      
    
  
    
    



select page_type
from "data_processing"."public_analytics"."page_type_summary"
where page_type is null



  
  
      
    ) dbt_internal_test
[0m20:22:33.060746 [debug] [Thread-2 (]: SQL status: BEGIN in 0.006 seconds
[0m20:22:33.060901 [debug] [Thread-4 (]: SQL status: SELECT 1 in 0.000 seconds
[0m20:22:33.061065 [debug] [Thread-3 (]: SQL status: BEGIN in 0.005 seconds
[0m20:22:33.061250 [debug] [Thread-2 (]: Using postgres connection "test.data_processing_analytics.not_null_int_impressions_aggregated_user_id.b331574930"
[0m20:22:33.062007 [debug] [Thread-4 (]: On test.data_processing_analytics.not_null_page_type_summary_page_type.ba086379d4: ROLLBACK
[0m20:22:33.062230 [debug] [Thread-3 (]: Using postgres connection "test.data_processing_analytics.not_null_stg_impressions_impression_id.f19dc666d8"
[0m20:22:33.062433 [debug] [Thread-1 (]: SQL status: BEGIN in 0.006 seconds
[0m20:22:33.062596 [debug] [Thread-2 (]: On test.data_processing_analytics.not_null_int_impressions_aggregated_user_id.b331574930: /* {"app": "dbt", "dbt_version": "1.9.1", "profile_name": "data_processing", "target_name": "local", "node_id": "test.data_processing_analytics.not_null_int_impressions_aggregated_user_id.b331574930"} */

    select
      count(*) as failures,
      count(*) != 0 as should_warn,
      count(*) != 0 as should_error
    from (
      
    
  
    
    



select user_id
from "data_processing"."public_analytics"."int_impressions_aggregated"
where user_id is null



  
  
      
    ) dbt_internal_test
[0m20:22:33.062867 [debug] [Thread-4 (]: On test.data_processing_analytics.not_null_page_type_summary_page_type.ba086379d4: Close
[0m20:22:33.063030 [debug] [Thread-3 (]: On test.data_processing_analytics.not_null_stg_impressions_impression_id.f19dc666d8: /* {"app": "dbt", "dbt_version": "1.9.1", "profile_name": "data_processing", "target_name": "local", "node_id": "test.data_processing_analytics.not_null_stg_impressions_impression_id.f19dc666d8"} */

    select
      count(*) as failures,
      count(*) != 0 as should_warn,
      count(*) != 0 as should_error
    from (
      
    
  
    
    



select impression_id
from "data_processing"."public_staging"."stg_impressions"
where impression_id is null



  
  
      
    ) dbt_internal_test
[0m20:22:33.063234 [debug] [Thread-1 (]: Using postgres connection "test.data_processing_analytics.not_null_stg_impressions_event_date.52d635828b"
[0m20:22:33.063650 [info ] [Thread-4 (]: 6 of 21 PASS not_null_page_type_summary_page_type .............................. [[32mPASS[0m in 0.03s]
[0m20:22:33.063821 [debug] [Thread-2 (]: SQL status: SELECT 1 in 0.000 seconds
[0m20:22:33.064097 [debug] [Thread-1 (]: On test.data_processing_analytics.not_null_stg_impressions_event_date.52d635828b: /* {"app": "dbt", "dbt_version": "1.9.1", "profile_name": "data_processing", "target_name": "local", "node_id": "test.data_processing_analytics.not_null_stg_impressions_event_date.52d635828b"} */

    select
      count(*) as failures,
      count(*) != 0 as should_warn,
      count(*) != 0 as should_error
    from (
      
    
  
    
    



select event_date
from "data_processing"."public_staging"."stg_impressions"
where event_date is null



  
  
      
    ) dbt_internal_test
[0m20:22:33.064395 [debug] [Thread-4 (]: Finished running node test.data_processing_analytics.not_null_page_type_summary_page_type.ba086379d4
[0m20:22:33.065099 [debug] [Thread-2 (]: On test.data_processing_analytics.not_null_int_impressions_aggregated_user_id.b331574930: ROLLBACK
[0m20:22:33.065264 [debug] [Thread-3 (]: SQL status: SELECT 1 in 0.001 seconds
[0m20:22:33.065534 [debug] [Thread-4 (]: Began running node test.data_processing_analytics.not_null_stg_impressions_user_id.1e82def6e9
[0m20:22:33.066272 [debug] [Thread-3 (]: On test.data_processing_analytics.not_null_stg_impressions_impression_id.f19dc666d8: ROLLBACK
[0m20:22:33.066420 [debug] [Thread-2 (]: On test.data_processing_analytics.not_null_int_impressions_aggregated_user_id.b331574930: Close
[0m20:22:33.066637 [info ] [Thread-4 (]: 9 of 21 START test not_null_stg_impressions_user_id ............................ [RUN]
[0m20:22:33.066953 [debug] [Thread-3 (]: On test.data_processing_analytics.not_null_stg_impressions_impression_id.f19dc666d8: Close
[0m20:22:33.067266 [info ] [Thread-2 (]: 5 of 21 PASS not_null_int_impressions_aggregated_user_id ....................... [[32mPASS[0m in 0.03s]
[0m20:22:33.067546 [debug] [Thread-4 (]: Re-using an available connection from the pool (formerly test.data_processing_analytics.not_null_page_type_summary_page_type.ba086379d4, now test.data_processing_analytics.not_null_stg_impressions_user_id.1e82def6e9)
[0m20:22:33.067703 [debug] [Thread-1 (]: SQL status: SELECT 1 in 0.002 seconds
[0m20:22:33.067993 [info ] [Thread-3 (]: 8 of 21 PASS not_null_stg_impressions_impression_id ............................ [[32mPASS[0m in 0.03s]
[0m20:22:33.068274 [debug] [Thread-2 (]: Finished running node test.data_processing_analytics.not_null_int_impressions_aggregated_user_id.b331574930
[0m20:22:33.068469 [debug] [Thread-4 (]: Began compiling node test.data_processing_analytics.not_null_stg_impressions_user_id.1e82def6e9
[0m20:22:33.069064 [debug] [Thread-1 (]: On test.data_processing_analytics.not_null_stg_impressions_event_date.52d635828b: ROLLBACK
[0m20:22:33.069306 [debug] [Thread-3 (]: Finished running node test.data_processing_analytics.not_null_stg_impressions_impression_id.f19dc666d8
[0m20:22:33.069509 [debug] [Thread-2 (]: Began running node test.data_processing_analytics.not_null_user_engagement_user_id.9946ab275f
[0m20:22:33.071613 [debug] [Thread-4 (]: Writing injected SQL for node "test.data_processing_analytics.not_null_stg_impressions_user_id.1e82def6e9"
[0m20:22:33.071881 [debug] [Thread-1 (]: On test.data_processing_analytics.not_null_stg_impressions_event_date.52d635828b: Close
[0m20:22:33.072055 [debug] [Thread-3 (]: Began running node test.data_processing_analytics.source_accepted_values_raw_impressions_event_type__a__b__c__d__e__f.0048e71c39
[0m20:22:33.072301 [info ] [Thread-2 (]: 10 of 21 START test not_null_user_engagement_user_id ........................... [RUN]
[0m20:22:33.073695 [debug] [Thread-2 (]: Re-using an available connection from the pool (formerly test.data_processing_analytics.not_null_int_impressions_aggregated_user_id.b331574930, now test.data_processing_analytics.not_null_user_engagement_user_id.9946ab275f)
[0m20:22:33.073261 [info ] [Thread-3 (]: 11 of 21 START test source_accepted_values_raw_impressions_event_type__a__b__c__d__e__f  [RUN]
[0m20:22:33.073477 [debug] [Thread-4 (]: Began executing node test.data_processing_analytics.not_null_stg_impressions_user_id.1e82def6e9
[0m20:22:33.073009 [warn ] [Thread-1 (]: 7 of 21 WARN 1 not_null_stg_impressions_event_date ............................. [[33mWARN 1[0m in 0.04s]
[0m20:22:33.075589 [debug] [Thread-1 (]: Finished running node test.data_processing_analytics.not_null_stg_impressions_event_date.52d635828b
[0m20:22:33.074158 [debug] [Thread-3 (]: Re-using an available connection from the pool (formerly test.data_processing_analytics.not_null_stg_impressions_impression_id.f19dc666d8, now test.data_processing_analytics.source_accepted_values_raw_impressions_event_type__a__b__c__d__e__f.0048e71c39)
[0m20:22:33.075334 [debug] [Thread-4 (]: Writing runtime sql for node "test.data_processing_analytics.not_null_stg_impressions_user_id.1e82def6e9"
[0m20:22:33.073893 [debug] [Thread-2 (]: Began compiling node test.data_processing_analytics.not_null_user_engagement_user_id.9946ab275f
[0m20:22:33.075763 [debug] [Thread-1 (]: Began running node test.data_processing_analytics.source_accepted_values_raw_impressions_page_type__1__2__3.10e87cab6d
[0m20:22:33.075974 [debug] [Thread-3 (]: Began compiling node test.data_processing_analytics.source_accepted_values_raw_impressions_event_type__a__b__c__d__e__f.0048e71c39
[0m20:22:33.077899 [debug] [Thread-2 (]: Writing injected SQL for node "test.data_processing_analytics.not_null_user_engagement_user_id.9946ab275f"
[0m20:22:33.078137 [info ] [Thread-1 (]: 12 of 21 START test source_accepted_values_raw_impressions_page_type__1__2__3 .. [RUN]
[0m20:22:33.083591 [debug] [Thread-4 (]: Using postgres connection "test.data_processing_analytics.not_null_stg_impressions_user_id.1e82def6e9"
[0m20:22:33.083426 [debug] [Thread-3 (]: Writing injected SQL for node "test.data_processing_analytics.source_accepted_values_raw_impressions_event_type__a__b__c__d__e__f.0048e71c39"
[0m20:22:33.084194 [debug] [Thread-1 (]: Re-using an available connection from the pool (formerly test.data_processing_analytics.not_null_stg_impressions_event_date.52d635828b, now test.data_processing_analytics.source_accepted_values_raw_impressions_page_type__1__2__3.10e87cab6d)
[0m20:22:33.084430 [debug] [Thread-2 (]: Began executing node test.data_processing_analytics.not_null_user_engagement_user_id.9946ab275f
[0m20:22:33.084570 [debug] [Thread-4 (]: On test.data_processing_analytics.not_null_stg_impressions_user_id.1e82def6e9: BEGIN
[0m20:22:33.084892 [debug] [Thread-1 (]: Began compiling node test.data_processing_analytics.source_accepted_values_raw_impressions_page_type__1__2__3.10e87cab6d
[0m20:22:33.086146 [debug] [Thread-2 (]: Writing runtime sql for node "test.data_processing_analytics.not_null_user_engagement_user_id.9946ab275f"
[0m20:22:33.086295 [debug] [Thread-3 (]: Began executing node test.data_processing_analytics.source_accepted_values_raw_impressions_event_type__a__b__c__d__e__f.0048e71c39
[0m20:22:33.086500 [debug] [Thread-4 (]: Opening a new connection, currently in state closed
[0m20:22:33.088230 [debug] [Thread-1 (]: Writing injected SQL for node "test.data_processing_analytics.source_accepted_values_raw_impressions_page_type__1__2__3.10e87cab6d"
[0m20:22:33.089503 [debug] [Thread-3 (]: Writing runtime sql for node "test.data_processing_analytics.source_accepted_values_raw_impressions_event_type__a__b__c__d__e__f.0048e71c39"
[0m20:22:33.089825 [debug] [Thread-2 (]: Using postgres connection "test.data_processing_analytics.not_null_user_engagement_user_id.9946ab275f"
[0m20:22:33.090452 [debug] [Thread-1 (]: Began executing node test.data_processing_analytics.source_accepted_values_raw_impressions_page_type__1__2__3.10e87cab6d
[0m20:22:33.090597 [debug] [Thread-2 (]: On test.data_processing_analytics.not_null_user_engagement_user_id.9946ab275f: BEGIN
[0m20:22:33.090882 [debug] [Thread-3 (]: Using postgres connection "test.data_processing_analytics.source_accepted_values_raw_impressions_event_type__a__b__c__d__e__f.0048e71c39"
[0m20:22:33.091917 [debug] [Thread-1 (]: Writing runtime sql for node "test.data_processing_analytics.source_accepted_values_raw_impressions_page_type__1__2__3.10e87cab6d"
[0m20:22:33.092128 [debug] [Thread-2 (]: Opening a new connection, currently in state closed
[0m20:22:33.092311 [debug] [Thread-3 (]: On test.data_processing_analytics.source_accepted_values_raw_impressions_event_type__a__b__c__d__e__f.0048e71c39: BEGIN
[0m20:22:33.092886 [debug] [Thread-3 (]: Opening a new connection, currently in state closed
[0m20:22:33.093071 [debug] [Thread-1 (]: Using postgres connection "test.data_processing_analytics.source_accepted_values_raw_impressions_page_type__1__2__3.10e87cab6d"
[0m20:22:33.093373 [debug] [Thread-4 (]: SQL status: BEGIN in 0.007 seconds
[0m20:22:33.093559 [debug] [Thread-1 (]: On test.data_processing_analytics.source_accepted_values_raw_impressions_page_type__1__2__3.10e87cab6d: BEGIN
[0m20:22:33.095782 [debug] [Thread-1 (]: Opening a new connection, currently in state closed
[0m20:22:33.094075 [debug] [Thread-4 (]: Using postgres connection "test.data_processing_analytics.not_null_stg_impressions_user_id.1e82def6e9"
[0m20:22:33.096348 [debug] [Thread-4 (]: On test.data_processing_analytics.not_null_stg_impressions_user_id.1e82def6e9: /* {"app": "dbt", "dbt_version": "1.9.1", "profile_name": "data_processing", "target_name": "local", "node_id": "test.data_processing_analytics.not_null_stg_impressions_user_id.1e82def6e9"} */

    select
      count(*) as failures,
      count(*) != 0 as should_warn,
      count(*) != 0 as should_error
    from (
      
    
  
    
    



select user_id
from "data_processing"."public_staging"."stg_impressions"
where user_id is null



  
  
      
    ) dbt_internal_test
[0m20:22:33.096726 [debug] [Thread-2 (]: SQL status: BEGIN in 0.005 seconds
[0m20:22:33.097024 [debug] [Thread-3 (]: SQL status: BEGIN in 0.004 seconds
[0m20:22:33.099017 [debug] [Thread-2 (]: Using postgres connection "test.data_processing_analytics.not_null_user_engagement_user_id.9946ab275f"
[0m20:22:33.099236 [debug] [Thread-3 (]: Using postgres connection "test.data_processing_analytics.source_accepted_values_raw_impressions_event_type__a__b__c__d__e__f.0048e71c39"
[0m20:22:33.099512 [debug] [Thread-2 (]: On test.data_processing_analytics.not_null_user_engagement_user_id.9946ab275f: /* {"app": "dbt", "dbt_version": "1.9.1", "profile_name": "data_processing", "target_name": "local", "node_id": "test.data_processing_analytics.not_null_user_engagement_user_id.9946ab275f"} */

    select
      count(*) as failures,
      count(*) != 0 as should_warn,
      count(*) != 0 as should_error
    from (
      
    
  
    
    



select user_id
from "data_processing"."public_analytics"."user_engagement"
where user_id is null



  
  
      
    ) dbt_internal_test
[0m20:22:33.099813 [debug] [Thread-4 (]: SQL status: SELECT 1 in 0.001 seconds
[0m20:22:33.099688 [debug] [Thread-1 (]: SQL status: BEGIN in 0.004 seconds
[0m20:22:33.100017 [debug] [Thread-3 (]: On test.data_processing_analytics.source_accepted_values_raw_impressions_event_type__a__b__c__d__e__f.0048e71c39: /* {"app": "dbt", "dbt_version": "1.9.1", "profile_name": "data_processing", "target_name": "local", "node_id": "test.data_processing_analytics.source_accepted_values_raw_impressions_event_type__a__b__c__d__e__f.0048e71c39"} */

    select
      count(*) as failures,
      count(*) != 0 as should_warn,
      count(*) != 0 as should_error
    from (
      
    
  
    
    

with all_values as (

    select
        event_type as value_field,
        count(*) as n_records

    from "data_processing"."raw"."impressions"
    group by event_type

)

select *
from all_values
where value_field not in (
    'a','b','c','d','e','f'
)



  
  
      
    ) dbt_internal_test
[0m20:22:33.100855 [debug] [Thread-4 (]: On test.data_processing_analytics.not_null_stg_impressions_user_id.1e82def6e9: ROLLBACK
[0m20:22:33.101012 [debug] [Thread-2 (]: SQL status: SELECT 1 in 0.001 seconds
[0m20:22:33.101188 [debug] [Thread-1 (]: Using postgres connection "test.data_processing_analytics.source_accepted_values_raw_impressions_page_type__1__2__3.10e87cab6d"
[0m20:22:33.102441 [debug] [Thread-1 (]: On test.data_processing_analytics.source_accepted_values_raw_impressions_page_type__1__2__3.10e87cab6d: /* {"app": "dbt", "dbt_version": "1.9.1", "profile_name": "data_processing", "target_name": "local", "node_id": "test.data_processing_analytics.source_accepted_values_raw_impressions_page_type__1__2__3.10e87cab6d"} */

    select
      count(*) as failures,
      count(*) != 0 as should_warn,
      count(*) != 0 as should_error
    from (
      
    
  
    
    

with all_values as (

    select
        page_type as value_field,
        count(*) as n_records

    from "data_processing"."raw"."impressions"
    group by page_type

)

select *
from all_values
where value_field not in (
    '1','2','3'
)



  
  
      
    ) dbt_internal_test
[0m20:22:33.102104 [debug] [Thread-2 (]: On test.data_processing_analytics.not_null_user_engagement_user_id.9946ab275f: ROLLBACK
[0m20:22:33.102260 [debug] [Thread-3 (]: SQL status: SELECT 1 in 0.001 seconds
[0m20:22:33.101522 [debug] [Thread-4 (]: On test.data_processing_analytics.not_null_stg_impressions_user_id.1e82def6e9: Close
[0m20:22:33.102748 [debug] [Thread-2 (]: On test.data_processing_analytics.not_null_user_engagement_user_id.9946ab275f: Close
[0m20:22:33.103316 [debug] [Thread-3 (]: On test.data_processing_analytics.source_accepted_values_raw_impressions_event_type__a__b__c__d__e__f.0048e71c39: ROLLBACK
[0m20:22:33.103474 [debug] [Thread-1 (]: SQL status: SELECT 1 in 0.001 seconds
[0m20:22:33.105109 [debug] [Thread-1 (]: On test.data_processing_analytics.source_accepted_values_raw_impressions_page_type__1__2__3.10e87cab6d: ROLLBACK
[0m20:22:33.104211 [info ] [Thread-2 (]: 10 of 21 PASS not_null_user_engagement_user_id ................................. [[32mPASS[0m in 0.03s]
[0m20:22:33.104522 [debug] [Thread-3 (]: On test.data_processing_analytics.source_accepted_values_raw_impressions_event_type__a__b__c__d__e__f.0048e71c39: Close
[0m20:22:33.103763 [info ] [Thread-4 (]: 9 of 21 PASS not_null_stg_impressions_user_id .................................. [[32mPASS[0m in 0.04s]
[0m20:22:33.106181 [debug] [Thread-4 (]: Finished running node test.data_processing_analytics.not_null_stg_impressions_user_id.1e82def6e9
[0m20:22:33.105560 [debug] [Thread-2 (]: Finished running node test.data_processing_analytics.not_null_user_engagement_user_id.9946ab275f
[0m20:22:33.105875 [info ] [Thread-3 (]: 11 of 21 PASS source_accepted_values_raw_impressions_event_type__a__b__c__d__e__f  [[32mPASS[0m in 0.03s]
[0m20:22:33.105342 [debug] [Thread-1 (]: On test.data_processing_analytics.source_accepted_values_raw_impressions_page_type__1__2__3.10e87cab6d: Close
[0m20:22:33.107269 [info ] [Thread-1 (]: 12 of 21 PASS source_accepted_values_raw_impressions_page_type__1__2__3 ........ [[32mPASS[0m in 0.02s]
[0m20:22:33.106683 [debug] [Thread-2 (]: Began running node test.data_processing_analytics.source_not_null_raw_impressions_event_type.af77bebbbd
[0m20:22:33.106985 [debug] [Thread-3 (]: Finished running node test.data_processing_analytics.source_accepted_values_raw_impressions_event_type__a__b__c__d__e__f.0048e71c39
[0m20:22:33.106409 [debug] [Thread-4 (]: Began running node test.data_processing_analytics.source_not_null_raw_impressions_date.f99b4db4ba
[0m20:22:33.108417 [info ] [Thread-4 (]: 13 of 21 START test source_not_null_raw_impressions_date ....................... [RUN]
[0m20:22:33.107873 [info ] [Thread-2 (]: 14 of 21 START test source_not_null_raw_impressions_event_type ................. [RUN]
[0m20:22:33.108186 [debug] [Thread-3 (]: Began running node test.data_processing_analytics.source_not_null_raw_impressions_hour.0d8b85a8de
[0m20:22:33.107624 [debug] [Thread-1 (]: Finished running node test.data_processing_analytics.source_accepted_values_raw_impressions_page_type__1__2__3.10e87cab6d
[0m20:22:33.109469 [debug] [Thread-1 (]: Began running node test.data_processing_analytics.source_not_null_raw_impressions_impression_id.90e58090a3
[0m20:22:33.108952 [debug] [Thread-2 (]: Re-using an available connection from the pool (formerly test.data_processing_analytics.not_null_user_engagement_user_id.9946ab275f, now test.data_processing_analytics.source_not_null_raw_impressions_event_type.af77bebbbd)
[0m20:22:33.109202 [info ] [Thread-3 (]: 15 of 21 START test source_not_null_raw_impressions_hour ....................... [RUN]
[0m20:22:33.108686 [debug] [Thread-4 (]: Re-using an available connection from the pool (formerly test.data_processing_analytics.not_null_stg_impressions_user_id.1e82def6e9, now test.data_processing_analytics.source_not_null_raw_impressions_date.f99b4db4ba)
[0m20:22:33.110426 [debug] [Thread-4 (]: Began compiling node test.data_processing_analytics.source_not_null_raw_impressions_date.f99b4db4ba
[0m20:22:33.109974 [debug] [Thread-2 (]: Began compiling node test.data_processing_analytics.source_not_null_raw_impressions_event_type.af77bebbbd
[0m20:22:33.110231 [debug] [Thread-3 (]: Re-using an available connection from the pool (formerly test.data_processing_analytics.source_accepted_values_raw_impressions_event_type__a__b__c__d__e__f.0048e71c39, now test.data_processing_analytics.source_not_null_raw_impressions_hour.0d8b85a8de)
[0m20:22:33.109698 [info ] [Thread-1 (]: 16 of 21 START test source_not_null_raw_impressions_impression_id .............. [RUN]
[0m20:22:33.114748 [debug] [Thread-1 (]: Re-using an available connection from the pool (formerly test.data_processing_analytics.source_accepted_values_raw_impressions_page_type__1__2__3.10e87cab6d, now test.data_processing_analytics.source_not_null_raw_impressions_impression_id.90e58090a3)
[0m20:22:33.114282 [debug] [Thread-2 (]: Writing injected SQL for node "test.data_processing_analytics.source_not_null_raw_impressions_event_type.af77bebbbd"
[0m20:22:33.114535 [debug] [Thread-3 (]: Began compiling node test.data_processing_analytics.source_not_null_raw_impressions_hour.0d8b85a8de
[0m20:22:33.112419 [debug] [Thread-4 (]: Writing injected SQL for node "test.data_processing_analytics.source_not_null_raw_impressions_date.f99b4db4ba"
[0m20:22:33.114967 [debug] [Thread-1 (]: Began compiling node test.data_processing_analytics.source_not_null_raw_impressions_impression_id.90e58090a3
[0m20:22:33.117852 [debug] [Thread-3 (]: Writing injected SQL for node "test.data_processing_analytics.source_not_null_raw_impressions_hour.0d8b85a8de"
[0m20:22:33.118139 [debug] [Thread-2 (]: Began executing node test.data_processing_analytics.source_not_null_raw_impressions_event_type.af77bebbbd
[0m20:22:33.119957 [debug] [Thread-1 (]: Writing injected SQL for node "test.data_processing_analytics.source_not_null_raw_impressions_impression_id.90e58090a3"
[0m20:22:33.120465 [debug] [Thread-4 (]: Began executing node test.data_processing_analytics.source_not_null_raw_impressions_date.f99b4db4ba
[0m20:22:33.121644 [debug] [Thread-2 (]: Writing runtime sql for node "test.data_processing_analytics.source_not_null_raw_impressions_event_type.af77bebbbd"
[0m20:22:33.121774 [debug] [Thread-3 (]: Began executing node test.data_processing_analytics.source_not_null_raw_impressions_hour.0d8b85a8de
[0m20:22:33.123068 [debug] [Thread-4 (]: Writing runtime sql for node "test.data_processing_analytics.source_not_null_raw_impressions_date.f99b4db4ba"
[0m20:22:33.123321 [debug] [Thread-1 (]: Began executing node test.data_processing_analytics.source_not_null_raw_impressions_impression_id.90e58090a3
[0m20:22:33.124478 [debug] [Thread-3 (]: Writing runtime sql for node "test.data_processing_analytics.source_not_null_raw_impressions_hour.0d8b85a8de"
[0m20:22:33.124783 [debug] [Thread-2 (]: Using postgres connection "test.data_processing_analytics.source_not_null_raw_impressions_event_type.af77bebbbd"
[0m20:22:33.125825 [debug] [Thread-1 (]: Writing runtime sql for node "test.data_processing_analytics.source_not_null_raw_impressions_impression_id.90e58090a3"
[0m20:22:33.126113 [debug] [Thread-4 (]: Using postgres connection "test.data_processing_analytics.source_not_null_raw_impressions_date.f99b4db4ba"
[0m20:22:33.126391 [debug] [Thread-2 (]: On test.data_processing_analytics.source_not_null_raw_impressions_event_type.af77bebbbd: BEGIN
[0m20:22:33.126556 [debug] [Thread-3 (]: Using postgres connection "test.data_processing_analytics.source_not_null_raw_impressions_hour.0d8b85a8de"
[0m20:22:33.126837 [debug] [Thread-4 (]: On test.data_processing_analytics.source_not_null_raw_impressions_date.f99b4db4ba: BEGIN
[0m20:22:33.127052 [debug] [Thread-1 (]: Using postgres connection "test.data_processing_analytics.source_not_null_raw_impressions_impression_id.90e58090a3"
[0m20:22:33.127196 [debug] [Thread-2 (]: Opening a new connection, currently in state closed
[0m20:22:33.127408 [debug] [Thread-3 (]: On test.data_processing_analytics.source_not_null_raw_impressions_hour.0d8b85a8de: BEGIN
[0m20:22:33.128148 [debug] [Thread-3 (]: Opening a new connection, currently in state closed
[0m20:22:33.127800 [debug] [Thread-1 (]: On test.data_processing_analytics.source_not_null_raw_impressions_impression_id.90e58090a3: BEGIN
[0m20:22:33.127602 [debug] [Thread-4 (]: Opening a new connection, currently in state closed
[0m20:22:33.128724 [debug] [Thread-1 (]: Opening a new connection, currently in state closed
[0m20:22:33.132431 [debug] [Thread-2 (]: SQL status: BEGIN in 0.005 seconds
[0m20:22:33.132906 [debug] [Thread-2 (]: Using postgres connection "test.data_processing_analytics.source_not_null_raw_impressions_event_type.af77bebbbd"
[0m20:22:33.133264 [debug] [Thread-1 (]: SQL status: BEGIN in 0.005 seconds
[0m20:22:33.133415 [debug] [Thread-4 (]: SQL status: BEGIN in 0.006 seconds
[0m20:22:33.133570 [debug] [Thread-2 (]: On test.data_processing_analytics.source_not_null_raw_impressions_event_type.af77bebbbd: /* {"app": "dbt", "dbt_version": "1.9.1", "profile_name": "data_processing", "target_name": "local", "node_id": "test.data_processing_analytics.source_not_null_raw_impressions_event_type.af77bebbbd"} */

    select
      count(*) as failures,
      count(*) != 0 as should_warn,
      count(*) != 0 as should_error
    from (
      
    
  
    
    



select event_type
from "data_processing"."raw"."impressions"
where event_type is null



  
  
      
    ) dbt_internal_test
[0m20:22:33.133788 [debug] [Thread-1 (]: Using postgres connection "test.data_processing_analytics.source_not_null_raw_impressions_impression_id.90e58090a3"
[0m20:22:33.133990 [debug] [Thread-4 (]: Using postgres connection "test.data_processing_analytics.source_not_null_raw_impressions_date.f99b4db4ba"
[0m20:22:33.134270 [debug] [Thread-3 (]: SQL status: BEGIN in 0.006 seconds
[0m20:22:33.134423 [debug] [Thread-1 (]: On test.data_processing_analytics.source_not_null_raw_impressions_impression_id.90e58090a3: /* {"app": "dbt", "dbt_version": "1.9.1", "profile_name": "data_processing", "target_name": "local", "node_id": "test.data_processing_analytics.source_not_null_raw_impressions_impression_id.90e58090a3"} */

    select
      count(*) as failures,
      count(*) != 0 as should_warn,
      count(*) != 0 as should_error
    from (
      
    
  
    
    



select impression_id
from "data_processing"."raw"."impressions"
where impression_id is null



  
  
      
    ) dbt_internal_test
[0m20:22:33.134597 [debug] [Thread-2 (]: SQL status: SELECT 1 in 0.000 seconds
[0m20:22:33.134772 [debug] [Thread-4 (]: On test.data_processing_analytics.source_not_null_raw_impressions_date.f99b4db4ba: /* {"app": "dbt", "dbt_version": "1.9.1", "profile_name": "data_processing", "target_name": "local", "node_id": "test.data_processing_analytics.source_not_null_raw_impressions_date.f99b4db4ba"} */

    select
      count(*) as failures,
      count(*) != 0 as should_warn,
      count(*) != 0 as should_error
    from (
      
    
  
    
    



select date
from "data_processing"."raw"."impressions"
where date is null



  
  
      
    ) dbt_internal_test
[0m20:22:33.134959 [debug] [Thread-3 (]: Using postgres connection "test.data_processing_analytics.source_not_null_raw_impressions_hour.0d8b85a8de"
[0m20:22:33.136177 [debug] [Thread-3 (]: On test.data_processing_analytics.source_not_null_raw_impressions_hour.0d8b85a8de: /* {"app": "dbt", "dbt_version": "1.9.1", "profile_name": "data_processing", "target_name": "local", "node_id": "test.data_processing_analytics.source_not_null_raw_impressions_hour.0d8b85a8de"} */

    select
      count(*) as failures,
      count(*) != 0 as should_warn,
      count(*) != 0 as should_error
    from (
      
    
  
    
    



select hour
from "data_processing"."raw"."impressions"
where hour is null



  
  
      
    ) dbt_internal_test
[0m20:22:33.135914 [debug] [Thread-1 (]: SQL status: SELECT 1 in 0.001 seconds
[0m20:22:33.135740 [debug] [Thread-2 (]: On test.data_processing_analytics.source_not_null_raw_impressions_event_type.af77bebbbd: ROLLBACK
[0m20:22:33.136405 [debug] [Thread-4 (]: SQL status: SELECT 1 in 0.000 seconds
[0m20:22:33.137016 [debug] [Thread-1 (]: On test.data_processing_analytics.source_not_null_raw_impressions_impression_id.90e58090a3: ROLLBACK
[0m20:22:33.137176 [debug] [Thread-3 (]: SQL status: SELECT 1 in 0.001 seconds
[0m20:22:33.137389 [debug] [Thread-2 (]: On test.data_processing_analytics.source_not_null_raw_impressions_event_type.af77bebbbd: Close
[0m20:22:33.137953 [debug] [Thread-4 (]: On test.data_processing_analytics.source_not_null_raw_impressions_date.f99b4db4ba: ROLLBACK
[0m20:22:33.138215 [debug] [Thread-1 (]: On test.data_processing_analytics.source_not_null_raw_impressions_impression_id.90e58090a3: Close
[0m20:22:33.138863 [debug] [Thread-3 (]: On test.data_processing_analytics.source_not_null_raw_impressions_hour.0d8b85a8de: ROLLBACK
[0m20:22:33.139208 [info ] [Thread-2 (]: 14 of 21 PASS source_not_null_raw_impressions_event_type ....................... [[32mPASS[0m in 0.03s]
[0m20:22:33.139477 [debug] [Thread-4 (]: On test.data_processing_analytics.source_not_null_raw_impressions_date.f99b4db4ba: Close
[0m20:22:33.139800 [info ] [Thread-1 (]: 16 of 21 PASS source_not_null_raw_impressions_impression_id .................... [[32mPASS[0m in 0.03s]
[0m20:22:33.140327 [debug] [Thread-2 (]: Finished running node test.data_processing_analytics.source_not_null_raw_impressions_event_type.af77bebbbd
[0m20:22:33.140121 [debug] [Thread-3 (]: On test.data_processing_analytics.source_not_null_raw_impressions_hour.0d8b85a8de: Close
[0m20:22:33.140600 [info ] [Thread-4 (]: 13 of 21 PASS source_not_null_raw_impressions_date ............................. [[32mPASS[0m in 0.03s]
[0m20:22:33.140873 [debug] [Thread-1 (]: Finished running node test.data_processing_analytics.source_not_null_raw_impressions_impression_id.90e58090a3
[0m20:22:33.141126 [debug] [Thread-2 (]: Began running node test.data_processing_analytics.source_not_null_raw_impressions_loaded_at.1d4fb179d0
[0m20:22:33.142232 [info ] [Thread-2 (]: 17 of 21 START test source_not_null_raw_impressions_loaded_at .................. [RUN]
[0m20:22:33.141720 [debug] [Thread-4 (]: Finished running node test.data_processing_analytics.source_not_null_raw_impressions_date.f99b4db4ba
[0m20:22:33.141984 [debug] [Thread-1 (]: Began running node test.data_processing_analytics.source_not_null_raw_impressions_page_type.c42d24e3ac
[0m20:22:33.141450 [info ] [Thread-3 (]: 15 of 21 PASS source_not_null_raw_impressions_hour ............................. [[32mPASS[0m in 0.03s]
[0m20:22:33.143319 [debug] [Thread-3 (]: Finished running node test.data_processing_analytics.source_not_null_raw_impressions_hour.0d8b85a8de
[0m20:22:33.142751 [debug] [Thread-4 (]: Began running node test.data_processing_analytics.source_not_null_raw_impressions_user_id.bf76fbf5eb
[0m20:22:33.143015 [info ] [Thread-1 (]: 18 of 21 START test source_not_null_raw_impressions_page_type .................. [RUN]
[0m20:22:33.142493 [debug] [Thread-2 (]: Re-using an available connection from the pool (formerly test.data_processing_analytics.source_not_null_raw_impressions_event_type.af77bebbbd, now test.data_processing_analytics.source_not_null_raw_impressions_loaded_at.1d4fb179d0)
[0m20:22:33.144226 [debug] [Thread-2 (]: Began compiling node test.data_processing_analytics.source_not_null_raw_impressions_loaded_at.1d4fb179d0
[0m20:22:33.143754 [info ] [Thread-4 (]: 19 of 21 START test source_not_null_raw_impressions_user_id .................... [RUN]
[0m20:22:33.144022 [debug] [Thread-1 (]: Re-using an available connection from the pool (formerly test.data_processing_analytics.source_not_null_raw_impressions_impression_id.90e58090a3, now test.data_processing_analytics.source_not_null_raw_impressions_page_type.c42d24e3ac)
[0m20:22:33.143522 [debug] [Thread-3 (]: Began running node test.data_processing_analytics.unique_page_type_summary_page_type.32ffefcb6b
[0m20:22:33.146252 [debug] [Thread-2 (]: Writing injected SQL for node "test.data_processing_analytics.source_not_null_raw_impressions_loaded_at.1d4fb179d0"
[0m20:22:33.146515 [debug] [Thread-4 (]: Re-using an available connection from the pool (formerly test.data_processing_analytics.source_not_null_raw_impressions_date.f99b4db4ba, now test.data_processing_analytics.source_not_null_raw_impressions_user_id.bf76fbf5eb)
[0m20:22:33.146747 [debug] [Thread-1 (]: Began compiling node test.data_processing_analytics.source_not_null_raw_impressions_page_type.c42d24e3ac
[0m20:22:33.146958 [info ] [Thread-3 (]: 20 of 21 START test unique_page_type_summary_page_type ......................... [RUN]
[0m20:22:33.147412 [debug] [Thread-4 (]: Began compiling node test.data_processing_analytics.source_not_null_raw_impressions_user_id.bf76fbf5eb
[0m20:22:33.147664 [debug] [Thread-2 (]: Began executing node test.data_processing_analytics.source_not_null_raw_impressions_loaded_at.1d4fb179d0
[0m20:22:33.150207 [debug] [Thread-1 (]: Writing injected SQL for node "test.data_processing_analytics.source_not_null_raw_impressions_page_type.c42d24e3ac"
[0m20:22:33.150435 [debug] [Thread-3 (]: Re-using an available connection from the pool (formerly test.data_processing_analytics.source_not_null_raw_impressions_hour.0d8b85a8de, now test.data_processing_analytics.unique_page_type_summary_page_type.32ffefcb6b)
[0m20:22:33.153689 [debug] [Thread-3 (]: Began compiling node test.data_processing_analytics.unique_page_type_summary_page_type.32ffefcb6b
[0m20:22:33.153334 [debug] [Thread-2 (]: Writing runtime sql for node "test.data_processing_analytics.source_not_null_raw_impressions_loaded_at.1d4fb179d0"
[0m20:22:33.152212 [debug] [Thread-4 (]: Writing injected SQL for node "test.data_processing_analytics.source_not_null_raw_impressions_user_id.bf76fbf5eb"
[0m20:22:33.156308 [debug] [Thread-3 (]: Writing injected SQL for node "test.data_processing_analytics.unique_page_type_summary_page_type.32ffefcb6b"
[0m20:22:33.156525 [debug] [Thread-1 (]: Began executing node test.data_processing_analytics.source_not_null_raw_impressions_page_type.c42d24e3ac
[0m20:22:33.157033 [debug] [Thread-2 (]: Using postgres connection "test.data_processing_analytics.source_not_null_raw_impressions_loaded_at.1d4fb179d0"
[0m20:22:33.158139 [debug] [Thread-1 (]: Writing runtime sql for node "test.data_processing_analytics.source_not_null_raw_impressions_page_type.c42d24e3ac"
[0m20:22:33.158497 [debug] [Thread-4 (]: Began executing node test.data_processing_analytics.source_not_null_raw_impressions_user_id.bf76fbf5eb
[0m20:22:33.158694 [debug] [Thread-3 (]: Began executing node test.data_processing_analytics.unique_page_type_summary_page_type.32ffefcb6b
[0m20:22:33.158860 [debug] [Thread-2 (]: On test.data_processing_analytics.source_not_null_raw_impressions_loaded_at.1d4fb179d0: BEGIN
[0m20:22:33.160123 [debug] [Thread-4 (]: Writing runtime sql for node "test.data_processing_analytics.source_not_null_raw_impressions_user_id.bf76fbf5eb"
[0m20:22:33.160391 [debug] [Thread-1 (]: Using postgres connection "test.data_processing_analytics.source_not_null_raw_impressions_page_type.c42d24e3ac"
[0m20:22:33.161463 [debug] [Thread-3 (]: Writing runtime sql for node "test.data_processing_analytics.unique_page_type_summary_page_type.32ffefcb6b"
[0m20:22:33.161666 [debug] [Thread-2 (]: Opening a new connection, currently in state closed
[0m20:22:33.161989 [debug] [Thread-1 (]: On test.data_processing_analytics.source_not_null_raw_impressions_page_type.c42d24e3ac: BEGIN
[0m20:22:33.162289 [debug] [Thread-4 (]: Using postgres connection "test.data_processing_analytics.source_not_null_raw_impressions_user_id.bf76fbf5eb"
[0m20:22:33.162648 [debug] [Thread-1 (]: Opening a new connection, currently in state closed
[0m20:22:33.162815 [debug] [Thread-3 (]: Using postgres connection "test.data_processing_analytics.unique_page_type_summary_page_type.32ffefcb6b"
[0m20:22:33.163091 [debug] [Thread-4 (]: On test.data_processing_analytics.source_not_null_raw_impressions_user_id.bf76fbf5eb: BEGIN
[0m20:22:33.163419 [debug] [Thread-3 (]: On test.data_processing_analytics.unique_page_type_summary_page_type.32ffefcb6b: BEGIN
[0m20:22:33.163813 [debug] [Thread-3 (]: Opening a new connection, currently in state closed
[0m20:22:33.163612 [debug] [Thread-4 (]: Opening a new connection, currently in state closed
[0m20:22:33.166647 [debug] [Thread-2 (]: SQL status: BEGIN in 0.005 seconds
[0m20:22:33.166874 [debug] [Thread-2 (]: Using postgres connection "test.data_processing_analytics.source_not_null_raw_impressions_loaded_at.1d4fb179d0"
[0m20:22:33.167044 [debug] [Thread-1 (]: SQL status: BEGIN in 0.004 seconds
[0m20:22:33.167236 [debug] [Thread-2 (]: On test.data_processing_analytics.source_not_null_raw_impressions_loaded_at.1d4fb179d0: /* {"app": "dbt", "dbt_version": "1.9.1", "profile_name": "data_processing", "target_name": "local", "node_id": "test.data_processing_analytics.source_not_null_raw_impressions_loaded_at.1d4fb179d0"} */

    select
      count(*) as failures,
      count(*) != 0 as should_warn,
      count(*) != 0 as should_error
    from (
      
    
  
    
    



select loaded_at
from "data_processing"."raw"."impressions"
where loaded_at is null



  
  
      
    ) dbt_internal_test
[0m20:22:33.167457 [debug] [Thread-1 (]: Using postgres connection "test.data_processing_analytics.source_not_null_raw_impressions_page_type.c42d24e3ac"
[0m20:22:33.167722 [debug] [Thread-4 (]: SQL status: BEGIN in 0.004 seconds
[0m20:22:33.167973 [debug] [Thread-1 (]: On test.data_processing_analytics.source_not_null_raw_impressions_page_type.c42d24e3ac: /* {"app": "dbt", "dbt_version": "1.9.1", "profile_name": "data_processing", "target_name": "local", "node_id": "test.data_processing_analytics.source_not_null_raw_impressions_page_type.c42d24e3ac"} */

    select
      count(*) as failures,
      count(*) != 0 as should_warn,
      count(*) != 0 as should_error
    from (
      
    
  
    
    



select page_type
from "data_processing"."raw"."impressions"
where page_type is null



  
  
      
    ) dbt_internal_test
[0m20:22:33.168174 [debug] [Thread-4 (]: Using postgres connection "test.data_processing_analytics.source_not_null_raw_impressions_user_id.bf76fbf5eb"
[0m20:22:33.168369 [debug] [Thread-2 (]: SQL status: SELECT 1 in 0.001 seconds
[0m20:22:33.168770 [debug] [Thread-3 (]: SQL status: BEGIN in 0.005 seconds
[0m20:22:33.168624 [debug] [Thread-4 (]: On test.data_processing_analytics.source_not_null_raw_impressions_user_id.bf76fbf5eb: /* {"app": "dbt", "dbt_version": "1.9.1", "profile_name": "data_processing", "target_name": "local", "node_id": "test.data_processing_analytics.source_not_null_raw_impressions_user_id.bf76fbf5eb"} */

    select
      count(*) as failures,
      count(*) != 0 as should_warn,
      count(*) != 0 as should_error
    from (
      
    
  
    
    



select user_id
from "data_processing"."raw"."impressions"
where user_id is null



  
  
      
    ) dbt_internal_test
[0m20:22:33.168906 [debug] [Thread-1 (]: SQL status: SELECT 1 in 0.000 seconds
[0m20:22:33.169632 [debug] [Thread-2 (]: On test.data_processing_analytics.source_not_null_raw_impressions_loaded_at.1d4fb179d0: ROLLBACK
[0m20:22:33.169866 [debug] [Thread-3 (]: Using postgres connection "test.data_processing_analytics.unique_page_type_summary_page_type.32ffefcb6b"
[0m20:22:33.170691 [debug] [Thread-1 (]: On test.data_processing_analytics.source_not_null_raw_impressions_page_type.c42d24e3ac: ROLLBACK
[0m20:22:33.170867 [debug] [Thread-4 (]: SQL status: SELECT 1 in 0.001 seconds
[0m20:22:33.171141 [debug] [Thread-3 (]: On test.data_processing_analytics.unique_page_type_summary_page_type.32ffefcb6b: /* {"app": "dbt", "dbt_version": "1.9.1", "profile_name": "data_processing", "target_name": "local", "node_id": "test.data_processing_analytics.unique_page_type_summary_page_type.32ffefcb6b"} */

    select
      count(*) as failures,
      count(*) != 0 as should_warn,
      count(*) != 0 as should_error
    from (
      
    
  
    
    

select
    page_type as unique_field,
    count(*) as n_records

from "data_processing"."public_analytics"."page_type_summary"
where page_type is not null
group by page_type
having count(*) > 1



  
  
      
    ) dbt_internal_test
[0m20:22:33.171296 [debug] [Thread-2 (]: On test.data_processing_analytics.source_not_null_raw_impressions_loaded_at.1d4fb179d0: Close
[0m20:22:33.171952 [debug] [Thread-4 (]: On test.data_processing_analytics.source_not_null_raw_impressions_user_id.bf76fbf5eb: ROLLBACK
[0m20:22:33.172095 [debug] [Thread-1 (]: On test.data_processing_analytics.source_not_null_raw_impressions_page_type.c42d24e3ac: Close
[0m20:22:33.172495 [info ] [Thread-2 (]: 17 of 21 PASS source_not_null_raw_impressions_loaded_at ........................ [[32mPASS[0m in 0.03s]
[0m20:22:33.172664 [debug] [Thread-3 (]: SQL status: SELECT 1 in 0.000 seconds
[0m20:22:33.172907 [debug] [Thread-4 (]: On test.data_processing_analytics.source_not_null_raw_impressions_user_id.bf76fbf5eb: Close
[0m20:22:33.173210 [info ] [Thread-1 (]: 18 of 21 PASS source_not_null_raw_impressions_page_type ........................ [[32mPASS[0m in 0.03s]
[0m20:22:33.173490 [debug] [Thread-2 (]: Finished running node test.data_processing_analytics.source_not_null_raw_impressions_loaded_at.1d4fb179d0
[0m20:22:33.174127 [debug] [Thread-3 (]: On test.data_processing_analytics.unique_page_type_summary_page_type.32ffefcb6b: ROLLBACK
[0m20:22:33.174408 [info ] [Thread-4 (]: 19 of 21 PASS source_not_null_raw_impressions_user_id .......................... [[32mPASS[0m in 0.03s]
[0m20:22:33.174686 [debug] [Thread-1 (]: Finished running node test.data_processing_analytics.source_not_null_raw_impressions_page_type.c42d24e3ac
[0m20:22:33.174910 [debug] [Thread-2 (]: Began running node test.data_processing_analytics.unique_user_engagement_user_id.3479fa49b6
[0m20:22:33.175205 [debug] [Thread-3 (]: On test.data_processing_analytics.unique_page_type_summary_page_type.32ffefcb6b: Close
[0m20:22:33.175394 [debug] [Thread-4 (]: Finished running node test.data_processing_analytics.source_not_null_raw_impressions_user_id.bf76fbf5eb
[0m20:22:33.175701 [info ] [Thread-2 (]: 21 of 21 START test unique_user_engagement_user_id ............................. [RUN]
[0m20:22:33.176051 [info ] [Thread-3 (]: 20 of 21 PASS unique_page_type_summary_page_type ............................... [[32mPASS[0m in 0.03s]
[0m20:22:33.176413 [debug] [Thread-2 (]: Re-using an available connection from the pool (formerly test.data_processing_analytics.source_not_null_raw_impressions_loaded_at.1d4fb179d0, now test.data_processing_analytics.unique_user_engagement_user_id.3479fa49b6)
[0m20:22:33.176668 [debug] [Thread-3 (]: Finished running node test.data_processing_analytics.unique_page_type_summary_page_type.32ffefcb6b
[0m20:22:33.176854 [debug] [Thread-2 (]: Began compiling node test.data_processing_analytics.unique_user_engagement_user_id.3479fa49b6
[0m20:22:33.178948 [debug] [Thread-2 (]: Writing injected SQL for node "test.data_processing_analytics.unique_user_engagement_user_id.3479fa49b6"
[0m20:22:33.179688 [debug] [Thread-2 (]: Began executing node test.data_processing_analytics.unique_user_engagement_user_id.3479fa49b6
[0m20:22:33.181622 [debug] [Thread-2 (]: Writing runtime sql for node "test.data_processing_analytics.unique_user_engagement_user_id.3479fa49b6"
[0m20:22:33.182028 [debug] [Thread-2 (]: Using postgres connection "test.data_processing_analytics.unique_user_engagement_user_id.3479fa49b6"
[0m20:22:33.182187 [debug] [Thread-2 (]: On test.data_processing_analytics.unique_user_engagement_user_id.3479fa49b6: BEGIN
[0m20:22:33.182340 [debug] [Thread-2 (]: Opening a new connection, currently in state closed
[0m20:22:33.185843 [debug] [Thread-2 (]: SQL status: BEGIN in 0.003 seconds
[0m20:22:33.186044 [debug] [Thread-2 (]: Using postgres connection "test.data_processing_analytics.unique_user_engagement_user_id.3479fa49b6"
[0m20:22:33.186222 [debug] [Thread-2 (]: On test.data_processing_analytics.unique_user_engagement_user_id.3479fa49b6: /* {"app": "dbt", "dbt_version": "1.9.1", "profile_name": "data_processing", "target_name": "local", "node_id": "test.data_processing_analytics.unique_user_engagement_user_id.3479fa49b6"} */

    select
      count(*) as failures,
      count(*) != 0 as should_warn,
      count(*) != 0 as should_error
    from (
      
    
  
    
    

select
    user_id as unique_field,
    count(*) as n_records

from "data_processing"."public_analytics"."user_engagement"
where user_id is not null
group by user_id
having count(*) > 1



  
  
      
    ) dbt_internal_test
[0m20:22:33.186767 [debug] [Thread-2 (]: SQL status: SELECT 1 in 0.000 seconds
[0m20:22:33.187430 [debug] [Thread-2 (]: On test.data_processing_analytics.unique_user_engagement_user_id.3479fa49b6: ROLLBACK
[0m20:22:33.187634 [debug] [Thread-2 (]: On test.data_processing_analytics.unique_user_engagement_user_id.3479fa49b6: Close
[0m20:22:33.187903 [info ] [Thread-2 (]: 21 of 21 PASS unique_user_engagement_user_id ................................... [[32mPASS[0m in 0.01s]
[0m20:22:33.188214 [debug] [Thread-2 (]: Finished running node test.data_processing_analytics.unique_user_engagement_user_id.3479fa49b6
[0m20:22:33.188857 [debug] [MainThread]: Using postgres connection "master"
[0m20:22:33.189037 [debug] [MainThread]: On master: BEGIN
[0m20:22:33.189202 [debug] [MainThread]: Opening a new connection, currently in state closed
[0m20:22:33.193094 [debug] [MainThread]: SQL status: BEGIN in 0.004 seconds
[0m20:22:33.193253 [debug] [MainThread]: On master: COMMIT
[0m20:22:33.193412 [debug] [MainThread]: Using postgres connection "master"
[0m20:22:33.193560 [debug] [MainThread]: On master: COMMIT
[0m20:22:33.193735 [debug] [MainThread]: SQL status: COMMIT in 0.000 seconds
[0m20:22:33.193859 [debug] [MainThread]: On master: Close
[0m20:22:33.194034 [debug] [MainThread]: Connection 'master' was properly closed.
[0m20:22:33.194166 [debug] [MainThread]: Connection 'test.data_processing_analytics.source_not_null_raw_impressions_page_type.c42d24e3ac' was properly closed.
[0m20:22:33.194284 [debug] [MainThread]: Connection 'test.data_processing_analytics.unique_user_engagement_user_id.3479fa49b6' was properly closed.
[0m20:22:33.194399 [debug] [MainThread]: Connection 'test.data_processing_analytics.unique_page_type_summary_page_type.32ffefcb6b' was properly closed.
[0m20:22:33.194543 [debug] [MainThread]: Connection 'test.data_processing_analytics.source_not_null_raw_impressions_user_id.bf76fbf5eb' was properly closed.
[0m20:22:33.194717 [info ] [MainThread]: 
[0m20:22:33.194900 [info ] [MainThread]: Finished running 21 data tests in 0 hours 0 minutes and 0.26 seconds (0.26s).
[0m20:22:33.196229 [debug] [MainThread]: Command end result
[0m20:22:33.211428 [debug] [MainThread]: Wrote artifact WritableManifest to /dbt/target/manifest.json
[0m20:22:33.212627 [debug] [MainThread]: Wrote artifact SemanticManifest to /dbt/target/semantic_manifest.json
[0m20:22:33.216722 [debug] [MainThread]: Wrote artifact RunExecutionResult to /dbt/target/run_results.json
[0m20:22:33.216888 [info ] [MainThread]: 
[0m20:22:33.217064 [info ] [MainThread]: [31mCompleted with 1 error, 0 partial successes, and 1 warning:[0m
[0m20:22:33.217279 [info ] [MainThread]: 
[0m20:22:33.217474 [error] [MainThread]: [31mFailure in test not_null_hourly_traffic_event_date (models/analysis/schema.yml)[0m
[0m20:22:33.217688 [error] [MainThread]:   Got 1 result, configured to fail if != 0
[0m20:22:33.217867 [info ] [MainThread]: 
[0m20:22:33.218207 [info ] [MainThread]:   compiled code at target/compiled/data_processing_analytics/models/analysis/schema.yml/not_null_hourly_traffic_event_date.sql
[0m20:22:33.218814 [info ] [MainThread]: 
[0m20:22:33.219094 [warn ] [MainThread]: [33mWarning in test not_null_stg_impressions_event_date (models/staging/schema.yml)[0m
[0m20:22:33.219296 [warn ] [MainThread]: Got 1 result, configured to warn if != 0
[0m20:22:33.219522 [info ] [MainThread]: 
[0m20:22:33.219699 [info ] [MainThread]:   compiled code at target/compiled/data_processing_analytics/models/staging/schema.yml/not_null_stg_impressions_event_date.sql
[0m20:22:33.219853 [info ] [MainThread]: 
[0m20:22:33.220033 [info ] [MainThread]: Done. PASS=19 WARN=1 ERROR=1 SKIP=0 TOTAL=21
[0m20:22:33.220529 [debug] [MainThread]: Resource report: {"command_name": "test", "command_success": false, "command_wall_clock_time": 0.6475396, "process_in_blocks": "0", "process_kernel_time": 0.097301, "process_mem_max_rss": "125576", "process_out_blocks": "2587", "process_user_time": 1.076277}
[0m20:22:33.220752 [debug] [MainThread]: Command `dbt test` failed at 20:22:33.220709 after 0.65 seconds
[0m20:22:33.220945 [debug] [MainThread]: Sending event: {'category': 'dbt', 'action': 'invocation', 'label': 'end', 'context': [<snowplow_tracker.self_describing_json.SelfDescribingJson object at 0xffff98de7100>, <snowplow_tracker.self_describing_json.SelfDescribingJson object at 0xffff96ce9ed0>, <snowplow_tracker.self_describing_json.SelfDescribingJson object at 0xffff96c451e0>]}
[0m20:22:33.221165 [debug] [MainThread]: Flushing usage events
[0m20:22:33.295551 [debug] [MainThread]: An error was encountered while trying to flush usage events
[0m20:23:32.850944 [debug] [MainThread]: Sending event: {'category': 'dbt', 'action': 'invocation', 'label': 'start', 'context': [<snowplow_tracker.self_describing_json.SelfDescribingJson object at 0xffff8350b3d0>, <snowplow_tracker.self_describing_json.SelfDescribingJson object at 0xffff826b2410>, <snowplow_tracker.self_describing_json.SelfDescribingJson object at 0xffff826b34f0>]}


============================== 20:23:32.854114 | 3cbe38b3-85d4-46f7-b1d7-3fbc1ff8ce2c ==============================
[0m20:23:32.854114 [info ] [MainThread]: Running with dbt=1.9.1
[0m20:23:32.854497 [debug] [MainThread]: running dbt with arguments {'printer_width': '80', 'indirect_selection': 'eager', 'write_json': 'True', 'log_cache_events': 'False', 'partial_parse': 'True', 'cache_selected_only': 'False', 'warn_error': 'None', 'debug': 'False', 'version_check': 'True', 'log_path': '/dbt/logs', 'profiles_dir': '/dbt', 'fail_fast': 'False', 'use_colors': 'True', 'use_experimental_parser': 'False', 'empty': 'None', 'quiet': 'False', 'no_print': 'None', 'warn_error_options': 'WarnErrorOptions(include=[], exclude=[])', 'introspect': 'True', 'invocation_command': 'dbt deps', 'static_parser': 'True', 'target_path': 'None', 'log_format': 'default', 'send_anonymous_usage_stats': 'True'}
[0m20:23:32.900048 [debug] [MainThread]: Sending event: {'category': 'dbt', 'action': 'project_id', 'label': '3cbe38b3-85d4-46f7-b1d7-3fbc1ff8ce2c', 'context': [<snowplow_tracker.self_describing_json.SelfDescribingJson object at 0xffff8272d420>]}
[0m20:23:32.904494 [info ] [MainThread]: Warning: No packages were found in packages.yml
[0m20:23:32.905418 [info ] [MainThread]: Warning: No packages were found in packages.yml
[0m20:23:32.905868 [debug] [MainThread]: Resource report: {"command_name": "deps", "command_success": true, "command_wall_clock_time": 0.08291625, "process_in_blocks": "0", "process_kernel_time": 0.111612, "process_mem_max_rss": "95564", "process_out_blocks": "2131", "process_user_time": 0.709893}
[0m20:23:32.906092 [debug] [MainThread]: Command `dbt deps` succeeded at 20:23:32.906052 after 0.08 seconds
[0m20:23:32.906304 [debug] [MainThread]: Sending event: {'category': 'dbt', 'action': 'invocation', 'label': 'end', 'context': [<snowplow_tracker.self_describing_json.SelfDescribingJson object at 0xffff8350b3d0>, <snowplow_tracker.self_describing_json.SelfDescribingJson object at 0xffff8272d420>, <snowplow_tracker.self_describing_json.SelfDescribingJson object at 0xffff8272d120>]}
[0m20:23:32.906508 [debug] [MainThread]: Flushing usage events
[0m20:23:32.975572 [debug] [MainThread]: An error was encountered while trying to flush usage events
[0m20:23:33.610545 [debug] [MainThread]: Sending event: {'category': 'dbt', 'action': 'invocation', 'label': 'start', 'context': [<snowplow_tracker.self_describing_json.SelfDescribingJson object at 0xffff8e7d3130>, <snowplow_tracker.self_describing_json.SelfDescribingJson object at 0xffff8d968940>, <snowplow_tracker.self_describing_json.SelfDescribingJson object at 0xffff8d96a230>]}


============================== 20:23:33.611757 | 9341052f-c3d1-4688-b02b-bb9d37b782c5 ==============================
[0m20:23:33.611757 [info ] [MainThread]: Running with dbt=1.9.1
[0m20:23:33.612122 [debug] [MainThread]: running dbt with arguments {'printer_width': '80', 'indirect_selection': 'eager', 'log_cache_events': 'False', 'write_json': 'True', 'partial_parse': 'True', 'cache_selected_only': 'False', 'profiles_dir': '/dbt', 'debug': 'False', 'fail_fast': 'False', 'log_path': '/dbt/logs', 'warn_error': 'None', 'version_check': 'True', 'use_colors': 'True', 'use_experimental_parser': 'False', 'empty': 'False', 'quiet': 'False', 'no_print': 'None', 'log_format': 'default', 'introspect': 'True', 'warn_error_options': 'WarnErrorOptions(include=[], exclude=[])', 'invocation_command': 'dbt run', 'target_path': 'None', 'static_parser': 'True', 'send_anonymous_usage_stats': 'True'}
[0m20:23:33.680946 [debug] [MainThread]: Sending event: {'category': 'dbt', 'action': 'project_id', 'label': '9341052f-c3d1-4688-b02b-bb9d37b782c5', 'context': [<snowplow_tracker.self_describing_json.SelfDescribingJson object at 0xffff905b6260>]}
[0m20:23:33.704690 [debug] [MainThread]: Sending event: {'category': 'dbt', 'action': 'adapter_info', 'label': '9341052f-c3d1-4688-b02b-bb9d37b782c5', 'context': [<snowplow_tracker.self_describing_json.SelfDescribingJson object at 0xffff8e762110>]}
[0m20:23:33.705084 [info ] [MainThread]: Registered adapter: postgres=1.9.1
[0m20:23:33.735394 [debug] [MainThread]: checksum: 5e8d1596cf4eae33c11286bbb248a722d21b9f00d8a7ced8137c642517055418, vars: {}, profile: , target: , version: 1.9.1
[0m20:23:33.802890 [debug] [MainThread]: Partial parsing enabled: 0 files deleted, 0 files added, 1 files changed.
[0m20:23:33.803273 [debug] [MainThread]: Partial parsing: updated file: data_processing_analytics://models/intermediate/int_impressions_aggregated.sql
[0m20:23:34.010521 [debug] [MainThread]: Sending event: {'category': 'dbt', 'action': 'load_project', 'label': '9341052f-c3d1-4688-b02b-bb9d37b782c5', 'context': [<snowplow_tracker.self_describing_json.SelfDescribingJson object at 0xffff8c592230>]}
[0m20:23:34.059837 [debug] [MainThread]: Wrote artifact WritableManifest to /dbt/target/manifest.json
[0m20:23:34.075432 [debug] [MainThread]: Wrote artifact SemanticManifest to /dbt/target/semantic_manifest.json
[0m20:23:34.085524 [debug] [MainThread]: Sending event: {'category': 'dbt', 'action': 'resource_counts', 'label': '9341052f-c3d1-4688-b02b-bb9d37b782c5', 'context': [<snowplow_tracker.self_describing_json.SelfDescribingJson object at 0xffff831d3d30>]}
[0m20:23:34.085781 [info ] [MainThread]: Found 6 models, 21 data tests, 1 source, 436 macros
[0m20:23:34.085976 [debug] [MainThread]: Sending event: {'category': 'dbt', 'action': 'runnable_timing', 'label': '9341052f-c3d1-4688-b02b-bb9d37b782c5', 'context': [<snowplow_tracker.self_describing_json.SelfDescribingJson object at 0xffff831d3df0>]}
[0m20:23:34.087208 [info ] [MainThread]: 
[0m20:23:34.087408 [info ] [MainThread]: Concurrency: 4 threads (target='local')
[0m20:23:34.087610 [info ] [MainThread]: 
[0m20:23:34.087906 [debug] [MainThread]: Acquiring new postgres connection 'master'
[0m20:23:34.090238 [debug] [ThreadPool]: Acquiring new postgres connection 'list_data_processing'
[0m20:23:34.090643 [debug] [ThreadPool]: Acquiring new postgres connection 'list_data_processing'
[0m20:23:34.112458 [debug] [ThreadPool]: Using postgres connection "list_data_processing"
[0m20:23:34.112643 [debug] [ThreadPool]: Using postgres connection "list_data_processing"
[0m20:23:34.112835 [debug] [ThreadPool]: On list_data_processing: /* {"app": "dbt", "dbt_version": "1.9.1", "profile_name": "data_processing", "target_name": "local", "connection_name": "list_data_processing"} */

    select distinct nspname from pg_namespace
  
[0m20:23:34.113023 [debug] [ThreadPool]: On list_data_processing: /* {"app": "dbt", "dbt_version": "1.9.1", "profile_name": "data_processing", "target_name": "local", "connection_name": "list_data_processing"} */

    select distinct nspname from pg_namespace
  
[0m20:23:34.113177 [debug] [ThreadPool]: Opening a new connection, currently in state init
[0m20:23:34.113329 [debug] [ThreadPool]: Opening a new connection, currently in state init
[0m20:23:34.125680 [debug] [ThreadPool]: SQL status: SELECT 8 in 0.012 seconds
[0m20:23:34.125850 [debug] [ThreadPool]: SQL status: SELECT 8 in 0.013 seconds
[0m20:23:34.126508 [debug] [ThreadPool]: On list_data_processing: Close
[0m20:23:34.127058 [debug] [ThreadPool]: On list_data_processing: Close
[0m20:23:34.128401 [debug] [ThreadPool]: Re-using an available connection from the pool (formerly list_data_processing, now list_data_processing_public_analytics)
[0m20:23:34.128696 [debug] [ThreadPool]: Re-using an available connection from the pool (formerly list_data_processing, now list_data_processing_public_staging)
[0m20:23:34.131712 [debug] [ThreadPool]: Using postgres connection "list_data_processing_public_analytics"
[0m20:23:34.132666 [debug] [ThreadPool]: Using postgres connection "list_data_processing_public_staging"
[0m20:23:34.132843 [debug] [ThreadPool]: On list_data_processing_public_analytics: BEGIN
[0m20:23:34.133027 [debug] [ThreadPool]: On list_data_processing_public_staging: BEGIN
[0m20:23:34.133260 [debug] [ThreadPool]: Opening a new connection, currently in state closed
[0m20:23:34.133448 [debug] [ThreadPool]: Opening a new connection, currently in state closed
[0m20:23:34.137106 [debug] [ThreadPool]: SQL status: BEGIN in 0.004 seconds
[0m20:23:34.137293 [debug] [ThreadPool]: SQL status: BEGIN in 0.004 seconds
[0m20:23:34.137469 [debug] [ThreadPool]: Using postgres connection "list_data_processing_public_staging"
[0m20:23:34.137632 [debug] [ThreadPool]: Using postgres connection "list_data_processing_public_analytics"
[0m20:23:34.137848 [debug] [ThreadPool]: On list_data_processing_public_staging: /* {"app": "dbt", "dbt_version": "1.9.1", "profile_name": "data_processing", "target_name": "local", "connection_name": "list_data_processing_public_staging"} */
select
      'data_processing' as database,
      tablename as name,
      schemaname as schema,
      'table' as type
    from pg_tables
    where schemaname ilike 'public_staging'
    union all
    select
      'data_processing' as database,
      viewname as name,
      schemaname as schema,
      'view' as type
    from pg_views
    where schemaname ilike 'public_staging'
    union all
    select
      'data_processing' as database,
      matviewname as name,
      schemaname as schema,
      'materialized_view' as type
    from pg_matviews
    where schemaname ilike 'public_staging'
  
[0m20:23:34.138052 [debug] [ThreadPool]: On list_data_processing_public_analytics: /* {"app": "dbt", "dbt_version": "1.9.1", "profile_name": "data_processing", "target_name": "local", "connection_name": "list_data_processing_public_analytics"} */
select
      'data_processing' as database,
      tablename as name,
      schemaname as schema,
      'table' as type
    from pg_tables
    where schemaname ilike 'public_analytics'
    union all
    select
      'data_processing' as database,
      viewname as name,
      schemaname as schema,
      'view' as type
    from pg_views
    where schemaname ilike 'public_analytics'
    union all
    select
      'data_processing' as database,
      matviewname as name,
      schemaname as schema,
      'materialized_view' as type
    from pg_matviews
    where schemaname ilike 'public_analytics'
  
[0m20:23:34.139642 [debug] [ThreadPool]: SQL status: SELECT 1 in 0.001 seconds
[0m20:23:34.139769 [debug] [ThreadPool]: SQL status: SELECT 5 in 0.001 seconds
[0m20:23:34.140308 [debug] [ThreadPool]: On list_data_processing_public_staging: ROLLBACK
[0m20:23:34.140834 [debug] [ThreadPool]: On list_data_processing_public_analytics: ROLLBACK
[0m20:23:34.141096 [debug] [ThreadPool]: On list_data_processing_public_staging: Close
[0m20:23:34.141273 [debug] [ThreadPool]: On list_data_processing_public_analytics: Close
[0m20:23:34.143907 [debug] [MainThread]: Using postgres connection "master"
[0m20:23:34.144070 [debug] [MainThread]: On master: BEGIN
[0m20:23:34.144200 [debug] [MainThread]: Opening a new connection, currently in state init
[0m20:23:34.147206 [debug] [MainThread]: SQL status: BEGIN in 0.003 seconds
[0m20:23:34.147359 [debug] [MainThread]: Using postgres connection "master"
[0m20:23:34.147534 [debug] [MainThread]: On master: /* {"app": "dbt", "dbt_version": "1.9.1", "profile_name": "data_processing", "target_name": "local", "connection_name": "master"} */
select distinct
        dependent_namespace.nspname as dependent_schema,
        dependent_class.relname as dependent_name,
        referenced_namespace.nspname as referenced_schema,
        referenced_class.relname as referenced_name

    -- Query for views: views are entries in pg_class with an entry in pg_rewrite, but we avoid
    -- a seq scan on pg_rewrite by leveraging the fact there is an "internal" row in pg_depend for
    -- the view...
    from pg_class as dependent_class
    join pg_namespace as dependent_namespace on dependent_namespace.oid = dependent_class.relnamespace
    join pg_depend as dependent_depend on dependent_depend.refobjid = dependent_class.oid
        and dependent_depend.classid = 'pg_rewrite'::regclass
        and dependent_depend.refclassid = 'pg_class'::regclass
        and dependent_depend.deptype = 'i'

    -- ... and via pg_depend (that has a row per column, hence the need for "distinct" above, and
    -- making sure to exclude the internal row to avoid a view appearing to depend on itself)...
    join pg_depend as joining_depend on joining_depend.objid = dependent_depend.objid
        and joining_depend.classid = 'pg_rewrite'::regclass
        and joining_depend.refclassid = 'pg_class'::regclass
        and joining_depend.refobjid != dependent_depend.refobjid

    -- ... we can find the tables they query from in pg_class, but excluding system tables. Note we
    -- don't need need to exclude _dependent_ system tables, because they only query from other
    -- system tables, and so are automatically excluded by excluding _referenced_ system tables
    join pg_class as referenced_class on referenced_class.oid = joining_depend.refobjid
    join pg_namespace as referenced_namespace on referenced_namespace.oid = referenced_class.relnamespace
        and referenced_namespace.nspname != 'information_schema'
        and referenced_namespace.nspname not like 'pg\_%'

    order by
        dependent_schema, dependent_name, referenced_schema, referenced_name;
[0m20:23:34.148971 [debug] [MainThread]: SQL status: SELECT 1 in 0.001 seconds
[0m20:23:34.149449 [debug] [MainThread]: Sending event: {'category': 'dbt', 'action': 'runnable_timing', 'label': '9341052f-c3d1-4688-b02b-bb9d37b782c5', 'context': [<snowplow_tracker.self_describing_json.SelfDescribingJson object at 0xffff8d9a4fd0>]}
[0m20:23:34.149682 [debug] [MainThread]: On master: ROLLBACK
[0m20:23:34.149877 [debug] [MainThread]: Using postgres connection "master"
[0m20:23:34.150007 [debug] [MainThread]: On master: BEGIN
[0m20:23:34.150249 [debug] [MainThread]: SQL status: BEGIN in 0.000 seconds
[0m20:23:34.150402 [debug] [MainThread]: On master: COMMIT
[0m20:23:34.150535 [debug] [MainThread]: Using postgres connection "master"
[0m20:23:34.150652 [debug] [MainThread]: On master: COMMIT
[0m20:23:34.150825 [debug] [MainThread]: SQL status: COMMIT in 0.000 seconds
[0m20:23:34.150960 [debug] [MainThread]: On master: Close
[0m20:23:34.152101 [debug] [Thread-1 (]: Began running node model.data_processing_analytics.stg_impressions
[0m20:23:34.152393 [info ] [Thread-1 (]: 1 of 6 START sql view model public_staging.stg_impressions ..................... [RUN]
[0m20:23:34.152673 [debug] [Thread-1 (]: Re-using an available connection from the pool (formerly list_data_processing_public_analytics, now model.data_processing_analytics.stg_impressions)
[0m20:23:34.152880 [debug] [Thread-1 (]: Began compiling node model.data_processing_analytics.stg_impressions
[0m20:23:34.158104 [debug] [Thread-1 (]: Writing injected SQL for node "model.data_processing_analytics.stg_impressions"
[0m20:23:34.158961 [debug] [Thread-1 (]: Began executing node model.data_processing_analytics.stg_impressions
[0m20:23:34.179788 [debug] [Thread-1 (]: Using postgres connection "model.data_processing_analytics.stg_impressions"
[0m20:23:34.180088 [debug] [Thread-1 (]: On model.data_processing_analytics.stg_impressions: /* {"app": "dbt", "dbt_version": "1.9.1", "profile_name": "data_processing", "target_name": "local", "node_id": "model.data_processing_analytics.stg_impressions"} */
select * from (
        with source as (
    select * from "data_processing"."raw"."impressions"
),

cleaned as (
    select
        user_id,
        impression_id,
        page_type,
        -- Safe casts: a malformed date/time yields NULL instead of aborting
        -- the whole model. NULLs are then caught by the not_null tests
        -- rather than crashing the run on a single bad row.
        
    case
        when date ~ '^\d{4}-\d{2}-\d{2}$'
            then to_date(date, 'YYYY-MM-DD')
        else null
    end
 as event_date,
        hour,
        min as minute,
        second,
        event_type,
        
    case
        when 
    case
        when date ~ '^\d{4}-\d{2}-\d{2}$'
            then to_date(date, 'YYYY-MM-DD')
        else null
    end
 is not null
            and hour between 0 and 23
            and min between 0 and 59
            and second between 0 and 59
        then make_timestamp(
            extract(year from 
    case
        when date ~ '^\d{4}-\d{2}-\d{2}$'
            then to_date(date, 'YYYY-MM-DD')
        else null
    end
)::int,
            extract(month from 
    case
        when date ~ '^\d{4}-\d{2}-\d{2}$'
            then to_date(date, 'YYYY-MM-DD')
        else null
    end
)::int,
            extract(day from 
    case
        when date ~ '^\d{4}-\d{2}-\d{2}$'
            then to_date(date, 'YYYY-MM-DD')
        else null
    end
)::int,
            hour,
            min,
            second
        )
        else null
    end

            as event_timestamp,
        loaded_at
    from source
)

select * from cleaned
    ) as __dbt_sbq
    where false
    limit 0

[0m20:23:34.180354 [debug] [Thread-1 (]: Opening a new connection, currently in state closed
[0m20:23:34.183973 [debug] [Thread-1 (]: SQL status: SELECT 0 in 0.004 seconds
[0m20:23:34.189347 [debug] [Thread-1 (]: Using postgres connection "model.data_processing_analytics.stg_impressions"
[0m20:23:34.189579 [debug] [Thread-1 (]: On model.data_processing_analytics.stg_impressions: /* {"app": "dbt", "dbt_version": "1.9.1", "profile_name": "data_processing", "target_name": "local", "node_id": "model.data_processing_analytics.stg_impressions"} */
select * from (
        select
    
      
    cast(null as varchar)
 as user_id, 
      
    cast(null as varchar)
 as impression_id, 
      
    cast(null as integer)
 as page_type, 
      
    cast(null as date)
 as event_date, 
      
    cast(null as integer)
 as hour, 
      
    cast(null as integer)
 as minute, 
      
    cast(null as integer)
 as second, 
      
    cast(null as varchar)
 as event_type, 
      
    cast(null as timestamp)
 as event_timestamp, 
      
    cast(null as timestamptz)
 as loaded_at
    ) as __dbt_sbq
    where false
    limit 0

[0m20:23:34.189888 [debug] [Thread-1 (]: SQL status: SELECT 0 in 0.000 seconds
[0m20:23:34.192342 [debug] [Thread-1 (]: Writing runtime sql for node "model.data_processing_analytics.stg_impressions"
[0m20:23:34.192944 [debug] [Thread-1 (]: Using postgres connection "model.data_processing_analytics.stg_impressions"
[0m20:23:34.193108 [debug] [Thread-1 (]: On model.data_processing_analytics.stg_impressions: BEGIN
[0m20:23:34.193353 [debug] [Thread-1 (]: SQL status: BEGIN in 0.000 seconds
[0m20:23:34.193516 [debug] [Thread-1 (]: Using postgres connection "model.data_processing_analytics.stg_impressions"
[0m20:23:34.193722 [debug] [Thread-1 (]: On model.data_processing_analytics.stg_impressions: /* {"app": "dbt", "dbt_version": "1.9.1", "profile_name": "data_processing", "target_name": "local", "node_id": "model.data_processing_analytics.stg_impressions"} */

  create view "data_processing"."public_staging"."stg_impressions__dbt_tmp"
    
    
      
  as (
    with source as (
    select * from "data_processing"."raw"."impressions"
),

cleaned as (
    select
        user_id,
        impression_id,
        page_type,
        -- Safe casts: a malformed date/time yields NULL instead of aborting
        -- the whole model. NULLs are then caught by the not_null tests
        -- rather than crashing the run on a single bad row.
        
    case
        when date ~ '^\d{4}-\d{2}-\d{2}$'
            then to_date(date, 'YYYY-MM-DD')
        else null
    end
 as event_date,
        hour,
        min as minute,
        second,
        event_type,
        
    case
        when 
    case
        when date ~ '^\d{4}-\d{2}-\d{2}$'
            then to_date(date, 'YYYY-MM-DD')
        else null
    end
 is not null
            and hour between 0 and 23
            and min between 0 and 59
            and second between 0 and 59
        then make_timestamp(
            extract(year from 
    case
        when date ~ '^\d{4}-\d{2}-\d{2}$'
            then to_date(date, 'YYYY-MM-DD')
        else null
    end
)::int,
            extract(month from 
    case
        when date ~ '^\d{4}-\d{2}-\d{2}$'
            then to_date(date, 'YYYY-MM-DD')
        else null
    end
)::int,
            extract(day from 
    case
        when date ~ '^\d{4}-\d{2}-\d{2}$'
            then to_date(date, 'YYYY-MM-DD')
        else null
    end
)::int,
            hour,
            min,
            second
        )
        else null
    end

            as event_timestamp,
        loaded_at
    from source
)

select * from cleaned
  );
[0m20:23:34.195275 [debug] [Thread-1 (]: SQL status: CREATE VIEW in 0.001 seconds
[0m20:23:34.198026 [debug] [Thread-1 (]: Using postgres connection "model.data_processing_analytics.stg_impressions"
[0m20:23:34.198206 [debug] [Thread-1 (]: On model.data_processing_analytics.stg_impressions: /* {"app": "dbt", "dbt_version": "1.9.1", "profile_name": "data_processing", "target_name": "local", "node_id": "model.data_processing_analytics.stg_impressions"} */
alter table "data_processing"."public_staging"."stg_impressions" rename to "stg_impressions__dbt_backup"
[0m20:23:34.198573 [debug] [Thread-1 (]: SQL status: ALTER TABLE in 0.000 seconds
[0m20:23:34.199898 [debug] [Thread-1 (]: Using postgres connection "model.data_processing_analytics.stg_impressions"
[0m20:23:34.200067 [debug] [Thread-1 (]: On model.data_processing_analytics.stg_impressions: /* {"app": "dbt", "dbt_version": "1.9.1", "profile_name": "data_processing", "target_name": "local", "node_id": "model.data_processing_analytics.stg_impressions"} */
alter table "data_processing"."public_staging"."stg_impressions__dbt_tmp" rename to "stg_impressions"
[0m20:23:34.200387 [debug] [Thread-1 (]: SQL status: ALTER TABLE in 0.000 seconds
[0m20:23:34.207545 [debug] [Thread-1 (]: On model.data_processing_analytics.stg_impressions: COMMIT
[0m20:23:34.207738 [debug] [Thread-1 (]: Using postgres connection "model.data_processing_analytics.stg_impressions"
[0m20:23:34.207939 [debug] [Thread-1 (]: On model.data_processing_analytics.stg_impressions: COMMIT
[0m20:23:34.208384 [debug] [Thread-1 (]: SQL status: COMMIT in 0.000 seconds
[0m20:23:34.211129 [debug] [Thread-1 (]: Applying DROP to: "data_processing"."public_staging"."stg_impressions__dbt_backup"
[0m20:23:34.212935 [debug] [Thread-1 (]: Using postgres connection "model.data_processing_analytics.stg_impressions"
[0m20:23:34.213104 [debug] [Thread-1 (]: On model.data_processing_analytics.stg_impressions: /* {"app": "dbt", "dbt_version": "1.9.1", "profile_name": "data_processing", "target_name": "local", "node_id": "model.data_processing_analytics.stg_impressions"} */
drop view if exists "data_processing"."public_staging"."stg_impressions__dbt_backup" cascade
[0m20:23:34.213877 [debug] [Thread-1 (]: SQL status: DROP VIEW in 0.001 seconds
[0m20:23:34.215017 [debug] [Thread-1 (]: On model.data_processing_analytics.stg_impressions: Close
[0m20:23:34.215861 [debug] [Thread-1 (]: Sending event: {'category': 'dbt', 'action': 'run_model', 'label': '9341052f-c3d1-4688-b02b-bb9d37b782c5', 'context': [<snowplow_tracker.self_describing_json.SelfDescribingJson object at 0xffff908d06a0>]}
[0m20:23:34.216203 [info ] [Thread-1 (]: 1 of 6 OK created sql view model public_staging.stg_impressions ................ [[32mCREATE VIEW[0m in 0.06s]
[0m20:23:34.216595 [debug] [Thread-1 (]: Finished running node model.data_processing_analytics.stg_impressions
[0m20:23:34.217066 [debug] [Thread-3 (]: Began running node model.data_processing_analytics.funnel_analysis
[0m20:23:34.217252 [debug] [Thread-4 (]: Began running node model.data_processing_analytics.int_impressions_aggregated
[0m20:23:34.217509 [info ] [Thread-3 (]: 2 of 6 START sql table model public_analytics.funnel_analysis .................. [RUN]
[0m20:23:34.217873 [info ] [Thread-4 (]: 3 of 6 START sql table model public_analytics.int_impressions_aggregated ....... [RUN]
[0m20:23:34.218455 [debug] [Thread-4 (]: Acquiring new postgres connection 'model.data_processing_analytics.int_impressions_aggregated'
[0m20:23:34.218213 [debug] [Thread-3 (]: Acquiring new postgres connection 'model.data_processing_analytics.funnel_analysis'
[0m20:23:34.218794 [debug] [Thread-3 (]: Began compiling node model.data_processing_analytics.funnel_analysis
[0m20:23:34.218632 [debug] [Thread-4 (]: Began compiling node model.data_processing_analytics.int_impressions_aggregated
[0m20:23:34.220217 [debug] [Thread-3 (]: Writing injected SQL for node "model.data_processing_analytics.funnel_analysis"
[0m20:23:34.221434 [debug] [Thread-4 (]: Writing injected SQL for node "model.data_processing_analytics.int_impressions_aggregated"
[0m20:23:34.222266 [debug] [Thread-3 (]: Began executing node model.data_processing_analytics.funnel_analysis
[0m20:23:34.222450 [debug] [Thread-4 (]: Began executing node model.data_processing_analytics.int_impressions_aggregated
[0m20:23:34.233054 [debug] [Thread-3 (]: Using postgres connection "model.data_processing_analytics.funnel_analysis"
[0m20:23:34.234961 [debug] [Thread-4 (]: Using postgres connection "model.data_processing_analytics.int_impressions_aggregated"
[0m20:23:34.235492 [debug] [Thread-4 (]: On model.data_processing_analytics.int_impressions_aggregated: /* {"app": "dbt", "dbt_version": "1.9.1", "profile_name": "data_processing", "target_name": "local", "node_id": "model.data_processing_analytics.int_impressions_aggregated"} */
select * from (
        /*
    Aggregates impression events by user, impression, and page type.
    Mirrors the spark aggregation job in spark_applications/aggregation.py.
*/
with impressions as (
    select * from "data_processing"."public_staging"."stg_impressions"
    -- Rows whose source date failed the safe cast (event_date is NULL) are
    -- surfaced by the warn-level test on stg_impressions and stop here: the
    -- analytics tables group by event_date, and a NULL partition would fail
    -- their not_null contracts and pollute every hourly rollup.
    where event_date is not null
),

aggregated as (
    select
        user_id,
        impression_id,
        page_type,
        event_date,
        hour,
        count(*) as event_count,
        count(distinct event_type) as distinct_events,
        min(second) as first_event_second,
        max(second) as last_event_second,
        min(event_timestamp) as first_event_at,
        max(event_timestamp) as last_event_at,
        max(event_type) as max_event_reached
    from impressions
    group by user_id, impression_id, page_type, event_date, hour
)

select * from aggregated
    ) as __dbt_sbq
    where false
    limit 0

[0m20:23:34.235220 [debug] [Thread-3 (]: On model.data_processing_analytics.funnel_analysis: /* {"app": "dbt", "dbt_version": "1.9.1", "profile_name": "data_processing", "target_name": "local", "node_id": "model.data_processing_analytics.funnel_analysis"} */
select * from (
        /*
    Funnel conversion analysis by page type.
    Shows how many impressions reach each event stage and conversion rates.

    Expected patterns based on data generation:
      - Page 1: ~10% reach d, 0% reach e or f
      - Page 2: ~30% reach d, ~10% reach e, 0% reach f
      - Page 3: ~50% reach d, ~20% reach e, ~10% reach f
*/
with impressions as (
    select * from "data_processing"."public_staging"."stg_impressions"
),

total_impressions as (
    select
        page_type,
        count(distinct impression_id) as total_impressions
    from impressions
    group by page_type
),

event_counts as (
    select
        page_type,
        event_type,
        count(distinct impression_id) as impressions_at_stage
    from impressions
    group by page_type, event_type
),

funnel as (
    select
        ec.page_type,
        ec.event_type,
        ec.impressions_at_stage,
        ti.total_impressions,
        round(
            (ec.impressions_at_stage::numeric / ti.total_impressions) * 100, 2
        ) as pct_of_total,
        round(
            (ec.impressions_at_stage::numeric / lag(ec.impressions_at_stage) over (
                partition by ec.page_type order by ec.event_type
            )) * 100, 2
        ) as pct_from_previous_stage
    from event_counts ec
    join total_impressions ti on ec.page_type = ti.page_type
)

select * from funnel
order by page_type, event_type
    ) as __dbt_sbq
    where false
    limit 0

[0m20:23:34.235886 [debug] [Thread-3 (]: Opening a new connection, currently in state init
[0m20:23:34.235690 [debug] [Thread-4 (]: Opening a new connection, currently in state init
[0m20:23:34.240982 [debug] [Thread-4 (]: SQL status: SELECT 0 in 0.005 seconds
[0m20:23:34.241802 [debug] [Thread-4 (]: Using postgres connection "model.data_processing_analytics.int_impressions_aggregated"
[0m20:23:34.241933 [debug] [Thread-3 (]: SQL status: SELECT 0 in 0.006 seconds
[0m20:23:34.242580 [warn ] [Thread-3 (]: Detected columns with numeric type and unspecified precision/scale, this can lead to unintended rounding: ['pct_of_total', 'pct_from_previous_stage']`
[0m20:23:34.242113 [debug] [Thread-4 (]: On model.data_processing_analytics.int_impressions_aggregated: /* {"app": "dbt", "dbt_version": "1.9.1", "profile_name": "data_processing", "target_name": "local", "node_id": "model.data_processing_analytics.int_impressions_aggregated"} */
select * from (
        select
    
      
    cast(null as varchar)
 as user_id, 
      
    cast(null as varchar)
 as impression_id, 
      
    cast(null as integer)
 as page_type, 
      
    cast(null as date)
 as event_date, 
      
    cast(null as integer)
 as hour, 
      
    cast(null as bigint)
 as event_count, 
      
    cast(null as bigint)
 as distinct_events, 
      
    cast(null as integer)
 as first_event_second, 
      
    cast(null as integer)
 as last_event_second, 
      
    cast(null as timestamp)
 as first_event_at, 
      
    cast(null as timestamp)
 as last_event_at, 
      
    cast(null as varchar)
 as max_event_reached
    ) as __dbt_sbq
    where false
    limit 0

[0m20:23:34.242960 [debug] [Thread-3 (]: Using postgres connection "model.data_processing_analytics.funnel_analysis"
[0m20:23:34.243222 [debug] [Thread-3 (]: On model.data_processing_analytics.funnel_analysis: /* {"app": "dbt", "dbt_version": "1.9.1", "profile_name": "data_processing", "target_name": "local", "node_id": "model.data_processing_analytics.funnel_analysis"} */
select * from (
        select
    
      
    cast(null as integer)
 as page_type, 
      
    cast(null as varchar)
 as event_type, 
      
    cast(null as bigint)
 as impressions_at_stage, 
      
    cast(null as bigint)
 as total_impressions, 
      
    cast(null as numeric)
 as pct_of_total, 
      
    cast(null as numeric)
 as pct_from_previous_stage
    ) as __dbt_sbq
    where false
    limit 0

[0m20:23:34.243371 [debug] [Thread-4 (]: SQL status: SELECT 0 in 0.000 seconds
[0m20:23:34.248680 [debug] [Thread-4 (]: Writing runtime sql for node "model.data_processing_analytics.int_impressions_aggregated"
[0m20:23:34.248819 [debug] [Thread-3 (]: SQL status: SELECT 0 in 0.005 seconds
[0m20:23:34.249869 [debug] [Thread-3 (]: Writing runtime sql for node "model.data_processing_analytics.funnel_analysis"
[0m20:23:34.250216 [debug] [Thread-4 (]: Using postgres connection "model.data_processing_analytics.int_impressions_aggregated"
[0m20:23:34.250421 [debug] [Thread-4 (]: On model.data_processing_analytics.int_impressions_aggregated: BEGIN
[0m20:23:34.250700 [debug] [Thread-3 (]: Using postgres connection "model.data_processing_analytics.funnel_analysis"
[0m20:23:34.250976 [debug] [Thread-3 (]: On model.data_processing_analytics.funnel_analysis: BEGIN
[0m20:23:34.250819 [debug] [Thread-4 (]: SQL status: BEGIN in 0.000 seconds
[0m20:23:34.251354 [debug] [Thread-4 (]: Using postgres connection "model.data_processing_analytics.int_impressions_aggregated"
[0m20:23:34.251614 [debug] [Thread-4 (]: On model.data_processing_analytics.int_impressions_aggregated: /* {"app": "dbt", "dbt_version": "1.9.1", "profile_name": "data_processing", "target_name": "local", "node_id": "model.data_processing_analytics.int_impressions_aggregated"} */

  
    

  create  table "data_processing"."public_analytics"."int_impressions_aggregated__dbt_tmp"
  
  
    
  
  (
    user_id varchar,
    impression_id varchar,
    page_type integer,
    event_date date,
    hour integer,
    event_count bigint,
    distinct_events bigint,
    first_event_second integer,
    last_event_second integer,
    first_event_at timestamp,
    last_event_at timestamp,
    max_event_reached varchar
    
    )
 ;
    insert into "data_processing"."public_analytics"."int_impressions_aggregated__dbt_tmp" (
      user_id, impression_id, page_type, event_date, hour, event_count, distinct_events, first_event_second, last_event_second, first_event_at, last_event_at, max_event_reached
    )
  
  (
    
    select user_id, impression_id, page_type, event_date, hour, event_count, distinct_events, first_event_second, last_event_second, first_event_at, last_event_at, max_event_reached
    from (
        /*
    Aggregates impression events by user, impression, and page type.
    Mirrors the spark aggregation job in spark_applications/aggregation.py.
*/
with impressions as (
    select * from "data_processing"."public_staging"."stg_impressions"
    -- Rows whose source date failed the safe cast (event_date is NULL) are
    -- surfaced by the warn-level test on stg_impressions and stop here: the
    -- analytics tables group by event_date, and a NULL partition would fail
    -- their not_null contracts and pollute every hourly rollup.
    where event_date is not null
),

aggregated as (
    select
        user_id,
        impression_id,
        page_type,
        event_date,
        hour,
        count(*) as event_count,
        count(distinct event_type) as distinct_events,
        min(second) as first_event_second,
        max(second) as last_event_second,
        min(event_timestamp) as first_event_at,
        max(event_timestamp) as last_event_at,
        max(event_type) as max_event_reached
    from impressions
    group by user_id, impression_id, page_type, event_date, hour
)

select * from aggregated
    ) as model_subq
  );
  
[0m20:23:34.251225 [debug] [Thread-3 (]: SQL status: BEGIN in 0.000 seconds
[0m20:23:34.251929 [debug] [Thread-3 (]: Using postgres connection "model.data_processing_analytics.funnel_analysis"
[0m20:23:34.252190 [debug] [Thread-3 (]: On model.data_processing_analytics.funnel_analysis: /* {"app": "dbt", "dbt_version": "1.9.1", "profile_name": "data_processing", "target_name": "local", "node_id": "model.data_processing_analytics.funnel_analysis"} */

  
    

  create  table "data_processing"."public_analytics"."funnel_analysis__dbt_tmp"
  
  
    
  
  (
    page_type integer,
    event_type varchar,
    impressions_at_stage bigint,
    total_impressions bigint,
    pct_of_total numeric,
    pct_from_previous_stage numeric
    
    )
 ;
    insert into "data_processing"."public_analytics"."funnel_analysis__dbt_tmp" (
      page_type, event_type, impressions_at_stage, total_impressions, pct_of_total, pct_from_previous_stage
    )
  
  (
    
    select page_type, event_type, impressions_at_stage, total_impressions, pct_of_total, pct_from_previous_stage
    from (
        /*
    Funnel conversion analysis by page type.
    Shows how many impressions reach each event stage and conversion rates.

    Expected patterns based on data generation:
      - Page 1: ~10% reach d, 0% reach e or f
      - Page 2: ~30% reach d, ~10% reach e, 0% reach f
      - Page 3: ~50% reach d, ~20% reach e, ~10% reach f
*/
with impressions as (
    select * from "data_processing"."public_staging"."stg_impressions"
),

total_impressions as (
    select
        page_type,
        count(distinct impression_id) as total_impressions
    from impressions
    group by page_type
),

event_counts as (
    select
        page_type,
        event_type,
        count(distinct impression_id) as impressions_at_stage
    from impressions
    group by page_type, event_type
),

funnel as (
    select
        ec.page_type,
        ec.event_type,
        ec.impressions_at_stage,
        ti.total_impressions,
        round(
            (ec.impressions_at_stage::numeric / ti.total_impressions) * 100, 2
        ) as pct_of_total,
        round(
            (ec.impressions_at_stage::numeric / lag(ec.impressions_at_stage) over (
                partition by ec.page_type order by ec.event_type
            )) * 100, 2
        ) as pct_from_previous_stage
    from event_counts ec
    join total_impressions ti on ec.page_type = ti.page_type
)

select * from funnel
order by page_type, event_type
    ) as model_subq
  );
  
[0m20:23:34.268670 [debug] [Thread-3 (]: SQL status: INSERT 0 6 in 0.016 seconds
[0m20:23:34.272190 [debug] [Thread-3 (]: Using postgres connection "model.data_processing_analytics.funnel_analysis"
[0m20:23:34.272323 [debug] [Thread-4 (]: SQL status: INSERT 0 1200 in 0.020 seconds
[0m20:23:34.272551 [debug] [Thread-3 (]: On model.data_processing_analytics.funnel_analysis: /* {"app": "dbt", "dbt_version": "1.9.1", "profile_name": "data_processing", "target_name": "local", "node_id": "model.data_processing_analytics.funnel_analysis"} */
alter table "data_processing"."public_analytics"."funnel_analysis" rename to "funnel_analysis__dbt_backup"
[0m20:23:34.273976 [debug] [Thread-4 (]: Using postgres connection "model.data_processing_analytics.int_impressions_aggregated"
[0m20:23:34.274335 [debug] [Thread-4 (]: On model.data_processing_analytics.int_impressions_aggregated: /* {"app": "dbt", "dbt_version": "1.9.1", "profile_name": "data_processing", "target_name": "local", "node_id": "model.data_processing_analytics.int_impressions_aggregated"} */
alter table "data_processing"."public_analytics"."int_impressions_aggregated" rename to "int_impressions_aggregated__dbt_backup"
[0m20:23:34.274490 [debug] [Thread-3 (]: SQL status: ALTER TABLE in 0.000 seconds
[0m20:23:34.276469 [debug] [Thread-3 (]: Using postgres connection "model.data_processing_analytics.funnel_analysis"
[0m20:23:34.276591 [debug] [Thread-4 (]: SQL status: ALTER TABLE in 0.002 seconds
[0m20:23:34.276764 [debug] [Thread-3 (]: On model.data_processing_analytics.funnel_analysis: /* {"app": "dbt", "dbt_version": "1.9.1", "profile_name": "data_processing", "target_name": "local", "node_id": "model.data_processing_analytics.funnel_analysis"} */
alter table "data_processing"."public_analytics"."funnel_analysis__dbt_tmp" rename to "funnel_analysis"
[0m20:23:34.278036 [debug] [Thread-4 (]: Using postgres connection "model.data_processing_analytics.int_impressions_aggregated"
[0m20:23:34.278309 [debug] [Thread-4 (]: On model.data_processing_analytics.int_impressions_aggregated: /* {"app": "dbt", "dbt_version": "1.9.1", "profile_name": "data_processing", "target_name": "local", "node_id": "model.data_processing_analytics.int_impressions_aggregated"} */
alter table "data_processing"."public_analytics"."int_impressions_aggregated__dbt_tmp" rename to "int_impressions_aggregated"
[0m20:23:34.278442 [debug] [Thread-3 (]: SQL status: ALTER TABLE in 0.000 seconds
[0m20:23:34.279023 [debug] [Thread-3 (]: On model.data_processing_analytics.funnel_analysis: COMMIT
[0m20:23:34.279157 [debug] [Thread-4 (]: SQL status: ALTER TABLE in 0.001 seconds
[0m20:23:34.279819 [debug] [Thread-4 (]: On model.data_processing_analytics.int_impressions_aggregated: COMMIT
[0m20:23:34.279329 [debug] [Thread-3 (]: Using postgres connection "model.data_processing_analytics.funnel_analysis"
[0m20:23:34.279989 [debug] [Thread-4 (]: Using postgres connection "model.data_processing_analytics.int_impressions_aggregated"
[0m20:23:34.280331 [debug] [Thread-4 (]: On model.data_processing_analytics.int_impressions_aggregated: COMMIT
[0m20:23:34.280165 [debug] [Thread-3 (]: On model.data_processing_analytics.funnel_analysis: COMMIT
[0m20:23:34.281596 [debug] [Thread-4 (]: SQL status: COMMIT in 0.001 seconds
[0m20:23:34.281787 [debug] [Thread-3 (]: SQL status: COMMIT in 0.001 seconds
[0m20:23:34.282995 [debug] [Thread-4 (]: Applying DROP to: "data_processing"."public_analytics"."int_impressions_aggregated__dbt_backup"
[0m20:23:34.284057 [debug] [Thread-3 (]: Applying DROP to: "data_processing"."public_analytics"."funnel_analysis__dbt_backup"
[0m20:23:34.285566 [debug] [Thread-3 (]: Using postgres connection "model.data_processing_analytics.funnel_analysis"
[0m20:23:34.285267 [debug] [Thread-4 (]: Using postgres connection "model.data_processing_analytics.int_impressions_aggregated"
[0m20:23:34.285929 [debug] [Thread-4 (]: On model.data_processing_analytics.int_impressions_aggregated: /* {"app": "dbt", "dbt_version": "1.9.1", "profile_name": "data_processing", "target_name": "local", "node_id": "model.data_processing_analytics.int_impressions_aggregated"} */
drop table if exists "data_processing"."public_analytics"."int_impressions_aggregated__dbt_backup" cascade
[0m20:23:34.285752 [debug] [Thread-3 (]: On model.data_processing_analytics.funnel_analysis: /* {"app": "dbt", "dbt_version": "1.9.1", "profile_name": "data_processing", "target_name": "local", "node_id": "model.data_processing_analytics.funnel_analysis"} */
drop table if exists "data_processing"."public_analytics"."funnel_analysis__dbt_backup" cascade
[0m20:23:34.287994 [debug] [Thread-3 (]: SQL status: DROP TABLE in 0.002 seconds
[0m20:23:34.288687 [debug] [Thread-3 (]: On model.data_processing_analytics.funnel_analysis: Close
[0m20:23:34.288133 [debug] [Thread-4 (]: SQL status: DROP TABLE in 0.002 seconds
[0m20:23:34.289635 [debug] [Thread-4 (]: On model.data_processing_analytics.int_impressions_aggregated: Close
[0m20:23:34.289024 [debug] [Thread-3 (]: Sending event: {'category': 'dbt', 'action': 'run_model', 'label': '9341052f-c3d1-4688-b02b-bb9d37b782c5', 'context': [<snowplow_tracker.self_describing_json.SelfDescribingJson object at 0xffff81ced870>]}
[0m20:23:34.289929 [debug] [Thread-4 (]: Sending event: {'category': 'dbt', 'action': 'run_model', 'label': '9341052f-c3d1-4688-b02b-bb9d37b782c5', 'context': [<snowplow_tracker.self_describing_json.SelfDescribingJson object at 0xffff81d28c40>]}
[0m20:23:34.290577 [info ] [Thread-4 (]: 3 of 6 OK created sql table model public_analytics.int_impressions_aggregated .. [[32mINSERT 0 1200[0m in 0.07s]
[0m20:23:34.290246 [info ] [Thread-3 (]: 2 of 6 OK created sql table model public_analytics.funnel_analysis ............. [[32mINSERT 0 6[0m in 0.07s]
[0m20:23:34.290897 [debug] [Thread-4 (]: Finished running node model.data_processing_analytics.int_impressions_aggregated
[0m20:23:34.291134 [debug] [Thread-3 (]: Finished running node model.data_processing_analytics.funnel_analysis
[0m20:23:34.291568 [debug] [Thread-1 (]: Began running node model.data_processing_analytics.hourly_traffic
[0m20:23:34.291734 [debug] [Thread-2 (]: Began running node model.data_processing_analytics.page_type_summary
[0m20:23:34.292392 [info ] [Thread-2 (]: 5 of 6 START sql table model public_analytics.page_type_summary ................ [RUN]
[0m20:23:34.292109 [info ] [Thread-1 (]: 4 of 6 START sql table model public_analytics.hourly_traffic ................... [RUN]
[0m20:23:34.291883 [debug] [Thread-4 (]: Began running node model.data_processing_analytics.user_engagement
[0m20:23:34.292624 [debug] [Thread-2 (]: Re-using an available connection from the pool (formerly list_data_processing_public_staging, now model.data_processing_analytics.page_type_summary)
[0m20:23:34.292839 [debug] [Thread-1 (]: Re-using an available connection from the pool (formerly model.data_processing_analytics.stg_impressions, now model.data_processing_analytics.hourly_traffic)
[0m20:23:34.293060 [info ] [Thread-4 (]: 6 of 6 START sql table model public_analytics.user_engagement .................. [RUN]
[0m20:23:34.293321 [debug] [Thread-2 (]: Began compiling node model.data_processing_analytics.page_type_summary
[0m20:23:34.293521 [debug] [Thread-1 (]: Began compiling node model.data_processing_analytics.hourly_traffic
[0m20:23:34.293701 [debug] [Thread-4 (]: Re-using an available connection from the pool (formerly model.data_processing_analytics.int_impressions_aggregated, now model.data_processing_analytics.user_engagement)
[0m20:23:34.295197 [debug] [Thread-2 (]: Writing injected SQL for node "model.data_processing_analytics.page_type_summary"
[0m20:23:34.296454 [debug] [Thread-1 (]: Writing injected SQL for node "model.data_processing_analytics.hourly_traffic"
[0m20:23:34.296655 [debug] [Thread-4 (]: Began compiling node model.data_processing_analytics.user_engagement
[0m20:23:34.298379 [debug] [Thread-4 (]: Writing injected SQL for node "model.data_processing_analytics.user_engagement"
[0m20:23:34.298566 [debug] [Thread-2 (]: Began executing node model.data_processing_analytics.page_type_summary
[0m20:23:34.300916 [debug] [Thread-2 (]: Using postgres connection "model.data_processing_analytics.page_type_summary"
[0m20:23:34.301082 [debug] [Thread-1 (]: Began executing node model.data_processing_analytics.hourly_traffic
[0m20:23:34.301293 [debug] [Thread-4 (]: Began executing node model.data_processing_analytics.user_engagement
[0m20:23:34.301472 [debug] [Thread-2 (]: On model.data_processing_analytics.page_type_summary: /* {"app": "dbt", "dbt_version": "1.9.1", "profile_name": "data_processing", "target_name": "local", "node_id": "model.data_processing_analytics.page_type_summary"} */
select * from (
        /*
    High-level summary statistics per page type.
    Provides an overview of impression volume, user engagement, and funnel depth.
*/
with aggregated as (
    select * from "data_processing"."public_analytics"."int_impressions_aggregated"
),

summary as (
    select
        page_type,
        count(distinct impression_id) as total_impressions,
        count(distinct user_id) as unique_users,
        round(avg(distinct_events), 2) as avg_funnel_depth,
        max(distinct_events) as max_funnel_depth,
        round(avg(last_event_second - first_event_second), 2) as avg_duration_seconds,
        sum(case when max_event_reached >= 'd' then 1 else 0 end) as impressions_reaching_d,
        sum(case when max_event_reached >= 'e' then 1 else 0 end) as impressions_reaching_e,
        sum(case when max_event_reached >= 'f' then 1 else 0 end) as impressions_reaching_f,
        round(
            sum(case when max_event_reached >= 'd' then 1 else 0 end)::numeric
            / count(distinct impression_id) * 100, 2
        ) as pct_reaching_d,
        round(
            sum(case when max_event_reached >= 'e' then 1 else 0 end)::numeric
            / count(distinct impression_id) * 100, 2
        ) as pct_reaching_e,
        round(
            sum(case when max_event_reached >= 'f' then 1 else 0 end)::numeric
            / count(distinct impression_id) * 100, 2
        ) as pct_reaching_f
    from aggregated
    group by page_type
)

select * from summary
order by page_type
    ) as __dbt_sbq
    where false
    limit 0

[0m20:23:34.303091 [debug] [Thread-1 (]: Using postgres connection "model.data_processing_analytics.hourly_traffic"
[0m20:23:34.304961 [debug] [Thread-1 (]: On model.data_processing_analytics.hourly_traffic: /* {"app": "dbt", "dbt_version": "1.9.1", "profile_name": "data_processing", "target_name": "local", "node_id": "model.data_processing_analytics.hourly_traffic"} */
select * from (
        /*
    Hourly traffic patterns by page type.
    Shows impression volume and engagement over time.
*/
with aggregated as (
    select * from "data_processing"."public_analytics"."int_impressions_aggregated"
),

hourly as (
    select
        event_date,
        hour,
        page_type,
        count(distinct impression_id) as total_impressions,
        count(distinct user_id) as unique_users,
        round(avg(distinct_events), 2) as avg_funnel_depth,
        sum(case when max_event_reached >= 'd' then 1 else 0 end) as impressions_reaching_d,
        round(
            sum(case when max_event_reached >= 'd' then 1 else 0 end)::numeric
            / nullif(count(distinct impression_id), 0) * 100, 2
        ) as pct_reaching_d
    from aggregated
    group by event_date, hour, page_type
)

select * from hourly
order by event_date, hour, page_type
    ) as __dbt_sbq
    where false
    limit 0

[0m20:23:34.304769 [debug] [Thread-2 (]: Opening a new connection, currently in state closed
[0m20:23:34.304555 [debug] [Thread-4 (]: Using postgres connection "model.data_processing_analytics.user_engagement"
[0m20:23:34.305153 [debug] [Thread-1 (]: Opening a new connection, currently in state closed
[0m20:23:34.305530 [debug] [Thread-4 (]: On model.data_processing_analytics.user_engagement: /* {"app": "dbt", "dbt_version": "1.9.1", "profile_name": "data_processing", "target_name": "local", "node_id": "model.data_processing_analytics.user_engagement"} */
select * from (
        /*
    User-level engagement metrics across all page types.
    Identifies user activity patterns and most-engaged page type.
*/
with aggregated as (
    select * from "data_processing"."public_analytics"."int_impressions_aggregated"
),

user_metrics as (
    select
        user_id,
        count(distinct impression_id) as total_impressions,
        count(distinct page_type) as page_types_visited,
        round(avg(distinct_events), 2) as avg_funnel_depth,
        max(distinct_events) as max_funnel_depth,
        sum(event_count) as total_events,
        min(first_event_at) as first_seen,
        max(last_event_at) as last_seen
    from aggregated
    group by user_id
),

most_engaged_page as (
    select distinct on (user_id)
        user_id,
        page_type as most_engaged_page_type,
        count(*) as impressions_on_page
    from aggregated
    group by user_id, page_type
    order by user_id, count(*) desc
)

select
    um.*,
    mep.most_engaged_page_type,
    mep.impressions_on_page as impressions_on_top_page
from user_metrics um
join most_engaged_page mep on um.user_id = mep.user_id
order by um.total_impressions desc
    ) as __dbt_sbq
    where false
    limit 0

[0m20:23:34.306032 [debug] [Thread-4 (]: Opening a new connection, currently in state closed
[0m20:23:34.309794 [debug] [Thread-2 (]: SQL status: SELECT 0 in 0.005 seconds
[0m20:23:34.309986 [debug] [Thread-1 (]: SQL status: SELECT 0 in 0.005 seconds
[0m20:23:34.310753 [warn ] [Thread-2 (]: Detected columns with numeric type and unspecified precision/scale, this can lead to unintended rounding: ['avg_funnel_depth', 'avg_duration_seconds', 'pct_reaching_d', 'pct_reaching_e', 'pct_reaching_f']`
[0m20:23:34.310955 [debug] [Thread-4 (]: SQL status: SELECT 0 in 0.005 seconds
[0m20:23:34.311574 [warn ] [Thread-1 (]: Detected columns with numeric type and unspecified precision/scale, this can lead to unintended rounding: ['avg_funnel_depth', 'pct_reaching_d']`
[0m20:23:34.311911 [debug] [Thread-2 (]: Using postgres connection "model.data_processing_analytics.page_type_summary"
[0m20:23:34.312528 [warn ] [Thread-4 (]: Detected columns with numeric type and unspecified precision/scale, this can lead to unintended rounding: ['avg_funnel_depth', 'total_events']`
[0m20:23:34.313366 [debug] [Thread-4 (]: Using postgres connection "model.data_processing_analytics.user_engagement"
[0m20:23:34.313079 [debug] [Thread-2 (]: On model.data_processing_analytics.page_type_summary: /* {"app": "dbt", "dbt_version": "1.9.1", "profile_name": "data_processing", "target_name": "local", "node_id": "model.data_processing_analytics.page_type_summary"} */
select * from (
        select
    
      
    cast(null as integer)
 as page_type, 
      
    cast(null as bigint)
 as total_impressions, 
      
    cast(null as bigint)
 as unique_users, 
      
    cast(null as numeric)
 as avg_funnel_depth, 
      
    cast(null as bigint)
 as max_funnel_depth, 
      
    cast(null as numeric)
 as avg_duration_seconds, 
      
    cast(null as bigint)
 as impressions_reaching_d, 
      
    cast(null as bigint)
 as impressions_reaching_e, 
      
    cast(null as bigint)
 as impressions_reaching_f, 
      
    cast(null as numeric)
 as pct_reaching_d, 
      
    cast(null as numeric)
 as pct_reaching_e, 
      
    cast(null as numeric)
 as pct_reaching_f
    ) as __dbt_sbq
    where false
    limit 0

[0m20:23:34.312843 [debug] [Thread-1 (]: Using postgres connection "model.data_processing_analytics.hourly_traffic"
[0m20:23:34.313910 [debug] [Thread-1 (]: On model.data_processing_analytics.hourly_traffic: /* {"app": "dbt", "dbt_version": "1.9.1", "profile_name": "data_processing", "target_name": "local", "node_id": "model.data_processing_analytics.hourly_traffic"} */
select * from (
        select
    
      
    cast(null as date)
 as event_date, 
      
    cast(null as integer)
 as hour, 
      
    cast(null as integer)
 as page_type, 
      
    cast(null as bigint)
 as total_impressions, 
      
    cast(null as bigint)
 as unique_users, 
      
    cast(null as numeric)
 as avg_funnel_depth, 
      
    cast(null as bigint)
 as impressions_reaching_d, 
      
    cast(null as numeric)
 as pct_reaching_d
    ) as __dbt_sbq
    where false
    limit 0

[0m20:23:34.313568 [debug] [Thread-4 (]: On model.data_processing_analytics.user_engagement: /* {"app": "dbt", "dbt_version": "1.9.1", "profile_name": "data_processing", "target_name": "local", "node_id": "model.data_processing_analytics.user_engagement"} */
select * from (
        select
    
      
    cast(null as varchar)
 as user_id, 
      
    cast(null as bigint)
 as total_impressions, 
      
    cast(null as bigint)
 as page_types_visited, 
      
    cast(null as numeric)
 as avg_funnel_depth, 
      
    cast(null as bigint)
 as max_funnel_depth, 
      
    cast(null as numeric)
 as total_events, 
      
    cast(null as timestamp)
 as first_seen, 
      
    cast(null as timestamp)
 as last_seen, 
      
    cast(null as integer)
 as most_engaged_page_type, 
      
    cast(null as bigint)
 as impressions_on_top_page
    ) as __dbt_sbq
    where false
    limit 0

[0m20:23:34.314083 [debug] [Thread-2 (]: SQL status: SELECT 0 in 0.000 seconds
[0m20:23:34.314392 [debug] [Thread-4 (]: SQL status: SELECT 0 in 0.000 seconds
[0m20:23:34.314512 [debug] [Thread-1 (]: SQL status: SELECT 0 in 0.000 seconds
[0m20:23:34.315629 [debug] [Thread-2 (]: Writing runtime sql for node "model.data_processing_analytics.page_type_summary"
[0m20:23:34.316673 [debug] [Thread-4 (]: Writing runtime sql for node "model.data_processing_analytics.user_engagement"
[0m20:23:34.317517 [debug] [Thread-1 (]: Writing runtime sql for node "model.data_processing_analytics.hourly_traffic"
[0m20:23:34.318349 [debug] [Thread-2 (]: Using postgres connection "model.data_processing_analytics.page_type_summary"
[0m20:23:34.318543 [debug] [Thread-4 (]: Using postgres connection "model.data_processing_analytics.user_engagement"
[0m20:23:34.319042 [debug] [Thread-4 (]: On model.data_processing_analytics.user_engagement: BEGIN
[0m20:23:34.318867 [debug] [Thread-2 (]: On model.data_processing_analytics.page_type_summary: BEGIN
[0m20:23:34.318751 [debug] [Thread-1 (]: Using postgres connection "model.data_processing_analytics.hourly_traffic"
[0m20:23:34.319291 [debug] [Thread-4 (]: SQL status: BEGIN in 0.000 seconds
[0m20:23:34.319786 [debug] [Thread-4 (]: Using postgres connection "model.data_processing_analytics.user_engagement"
[0m20:23:34.319614 [debug] [Thread-1 (]: On model.data_processing_analytics.hourly_traffic: BEGIN
[0m20:23:34.319477 [debug] [Thread-2 (]: SQL status: BEGIN in 0.000 seconds
[0m20:23:34.320509 [debug] [Thread-2 (]: Using postgres connection "model.data_processing_analytics.page_type_summary"
[0m20:23:34.320387 [debug] [Thread-1 (]: SQL status: BEGIN in 0.000 seconds
[0m20:23:34.320050 [debug] [Thread-4 (]: On model.data_processing_analytics.user_engagement: /* {"app": "dbt", "dbt_version": "1.9.1", "profile_name": "data_processing", "target_name": "local", "node_id": "model.data_processing_analytics.user_engagement"} */

  
    

  create  table "data_processing"."public_analytics"."user_engagement__dbt_tmp"
  
  
    
  
  (
    user_id varchar,
    total_impressions bigint,
    page_types_visited bigint,
    avg_funnel_depth numeric,
    max_funnel_depth bigint,
    total_events numeric,
    first_seen timestamp,
    last_seen timestamp,
    most_engaged_page_type integer,
    impressions_on_top_page bigint
    
    )
 ;
    insert into "data_processing"."public_analytics"."user_engagement__dbt_tmp" (
      user_id, total_impressions, page_types_visited, avg_funnel_depth, max_funnel_depth, total_events, first_seen, last_seen, most_engaged_page_type, impressions_on_top_page
    )
  
  (
    
    select user_id, total_impressions, page_types_visited, avg_funnel_depth, max_funnel_depth, total_events, first_seen, last_seen, most_engaged_page_type, impressions_on_top_page
    from (
        /*
    User-level engagement metrics across all page types.
    Identifies user activity patterns and most-engaged page type.
*/
with aggregated as (
    select * from "data_processing"."public_analytics"."int_impressions_aggregated"
),

user_metrics as (
    select
        user_id,
        count(distinct impression_id) as total_impressions,
        count(distinct page_type) as page_types_visited,
        round(avg(distinct_events), 2) as avg_funnel_depth,
        max(distinct_events) as max_funnel_depth,
        sum(event_count) as total_events,
        min(first_event_at) as first_seen,
        max(last_event_at) as last_seen
    from aggregated
    group by user_id
),

most_engaged_page as (
    select distinct on (user_id)
        user_id,
        page_type as most_engaged_page_type,
        count(*) as impressions_on_page
    from aggregated
    group by user_id, page_type
    order by user_id, count(*) desc
)

select
    um.*,
    mep.most_engaged_page_type,
    mep.impressions_on_page as impressions_on_top_page
from user_metrics um
join most_engaged_page mep on um.user_id = mep.user_id
order by um.total_impressions desc
    ) as model_subq
  );
  
[0m20:23:34.320788 [debug] [Thread-2 (]: On model.data_processing_analytics.page_type_summary: /* {"app": "dbt", "dbt_version": "1.9.1", "profile_name": "data_processing", "target_name": "local", "node_id": "model.data_processing_analytics.page_type_summary"} */

  
    

  create  table "data_processing"."public_analytics"."page_type_summary__dbt_tmp"
  
  
    
  
  (
    page_type integer,
    total_impressions bigint,
    unique_users bigint,
    avg_funnel_depth numeric,
    max_funnel_depth bigint,
    avg_duration_seconds numeric,
    impressions_reaching_d bigint,
    impressions_reaching_e bigint,
    impressions_reaching_f bigint,
    pct_reaching_d numeric,
    pct_reaching_e numeric,
    pct_reaching_f numeric
    
    )
 ;
    insert into "data_processing"."public_analytics"."page_type_summary__dbt_tmp" (
      page_type, total_impressions, unique_users, avg_funnel_depth, max_funnel_depth, avg_duration_seconds, impressions_reaching_d, impressions_reaching_e, impressions_reaching_f, pct_reaching_d, pct_reaching_e, pct_reaching_f
    )
  
  (
    
    select page_type, total_impressions, unique_users, avg_funnel_depth, max_funnel_depth, avg_duration_seconds, impressions_reaching_d, impressions_reaching_e, impressions_reaching_f, pct_reaching_d, pct_reaching_e, pct_reaching_f
    from (
        /*
    High-level summary statistics per page type.
    Provides an overview of impression volume, user engagement, and funnel depth.
*/
with aggregated as (
    select * from "data_processing"."public_analytics"."int_impressions_aggregated"
),

summary as (
    select
        page_type,
        count(distinct impression_id) as total_impressions,
        count(distinct user_id) as unique_users,
        round(avg(distinct_events), 2) as avg_funnel_depth,
        max(distinct_events) as max_funnel_depth,
        round(avg(last_event_second - first_event_second), 2) as avg_duration_seconds,
        sum(case when max_event_reached >= 'd' then 1 else 0 end) as impressions_reaching_d,
        sum(case when max_event_reached >= 'e' then 1 else 0 end) as impressions_reaching_e,
        sum(case when max_event_reached >= 'f' then 1 else 0 end) as impressions_reaching_f,
        round(
            sum(case when max_event_reached >= 'd' then 1 else 0 end)::numeric
            / count(distinct impression_id) * 100, 2
        ) as pct_reaching_d,
        round(
            sum(case when max_event_reached >= 'e' then 1 else 0 end)::numeric
            / count(distinct impression_id) * 100, 2
        ) as pct_reaching_e,
        round(
            sum(case when max_event_reached >= 'f' then 1 else 0 end)::numeric
            / count(distinct impression_id) * 100, 2
        ) as pct_reaching_f
    from aggregated
    group by page_type
)

select * from summary
order by page_type
    ) as model_subq
  );
  
[0m20:23:34.321079 [debug] [Thread-1 (]: Using postgres connection "model.data_processing_analytics.hourly_traffic"
[0m20:23:34.321495 [debug] [Thread-1 (]: On model.data_processing_analytics.hourly_traffic: /* {"app": "dbt", "dbt_version": "1.9.1", "profile_name": "data_processing", "target_name": "local", "node_id": "model.data_processing_analytics.hourly_traffic"} */

  
    

  create  table "data_processing"."public_analytics"."hourly_traffic__dbt_tmp"
  
  
    
  
  (
    event_date date,
    hour integer,
    page_type integer,
    total_impressions bigint,
    unique_users bigint,
    avg_funnel_depth numeric,
    impressions_reaching_d bigint,
    pct_reaching_d numeric
    
    )
 ;
    insert into "data_processing"."public_analytics"."hourly_traffic__dbt_tmp" (
      event_date, hour, page_type, total_impressions, unique_users, avg_funnel_depth, impressions_reaching_d, pct_reaching_d
    )
  
  (
    
    select event_date, hour, page_type, total_impressions, unique_users, avg_funnel_depth, impressions_reaching_d, pct_reaching_d
    from (
        /*
    Hourly traffic patterns by page type.
    Shows impression volume and engagement over time.
*/
with aggregated as (
    select * from "data_processing"."public_analytics"."int_impressions_aggregated"
),

hourly as (
    select
        event_date,
        hour,
        page_type,
        count(distinct impression_id) as total_impressions,
        count(distinct user_id) as unique_users,
        round(avg(distinct_events), 2) as avg_funnel_depth,
        sum(case when max_event_reached >= 'd' then 1 else 0 end) as impressions_reaching_d,
        round(
            sum(case when max_event_reached >= 'd' then 1 else 0 end)::numeric
            / nullif(count(distinct impression_id), 0) * 100, 2
        ) as pct_reaching_d
    from aggregated
    group by event_date, hour, page_type
)

select * from hourly
order by event_date, hour, page_type
    ) as model_subq
  );
  
[0m20:23:34.324626 [debug] [Thread-4 (]: SQL status: INSERT 0 50 in 0.003 seconds
[0m20:23:34.326258 [debug] [Thread-4 (]: Using postgres connection "model.data_processing_analytics.user_engagement"
[0m20:23:34.326410 [debug] [Thread-1 (]: SQL status: INSERT 0 3 in 0.005 seconds
[0m20:23:34.326578 [debug] [Thread-2 (]: SQL status: INSERT 0 3 in 0.005 seconds
[0m20:23:34.326759 [debug] [Thread-4 (]: On model.data_processing_analytics.user_engagement: /* {"app": "dbt", "dbt_version": "1.9.1", "profile_name": "data_processing", "target_name": "local", "node_id": "model.data_processing_analytics.user_engagement"} */
alter table "data_processing"."public_analytics"."user_engagement" rename to "user_engagement__dbt_backup"
[0m20:23:34.328491 [debug] [Thread-1 (]: Using postgres connection "model.data_processing_analytics.hourly_traffic"
[0m20:23:34.329927 [debug] [Thread-2 (]: Using postgres connection "model.data_processing_analytics.page_type_summary"
[0m20:23:34.330277 [debug] [Thread-1 (]: On model.data_processing_analytics.hourly_traffic: /* {"app": "dbt", "dbt_version": "1.9.1", "profile_name": "data_processing", "target_name": "local", "node_id": "model.data_processing_analytics.hourly_traffic"} */
alter table "data_processing"."public_analytics"."hourly_traffic" rename to "hourly_traffic__dbt_backup"
[0m20:23:34.330486 [debug] [Thread-4 (]: SQL status: ALTER TABLE in 0.000 seconds
[0m20:23:34.330650 [debug] [Thread-2 (]: On model.data_processing_analytics.page_type_summary: /* {"app": "dbt", "dbt_version": "1.9.1", "profile_name": "data_processing", "target_name": "local", "node_id": "model.data_processing_analytics.page_type_summary"} */
alter table "data_processing"."public_analytics"."page_type_summary" rename to "page_type_summary__dbt_backup"
[0m20:23:34.332041 [debug] [Thread-4 (]: Using postgres connection "model.data_processing_analytics.user_engagement"
[0m20:23:34.332196 [debug] [Thread-1 (]: SQL status: ALTER TABLE in 0.001 seconds
[0m20:23:34.332498 [debug] [Thread-4 (]: On model.data_processing_analytics.user_engagement: /* {"app": "dbt", "dbt_version": "1.9.1", "profile_name": "data_processing", "target_name": "local", "node_id": "model.data_processing_analytics.user_engagement"} */
alter table "data_processing"."public_analytics"."user_engagement__dbt_tmp" rename to "user_engagement"
[0m20:23:34.332635 [debug] [Thread-2 (]: SQL status: ALTER TABLE in 0.000 seconds
[0m20:23:34.333847 [debug] [Thread-1 (]: Using postgres connection "model.data_processing_analytics.hourly_traffic"
[0m20:23:34.335171 [debug] [Thread-2 (]: Using postgres connection "model.data_processing_analytics.page_type_summary"
[0m20:23:34.335672 [debug] [Thread-2 (]: On model.data_processing_analytics.page_type_summary: /* {"app": "dbt", "dbt_version": "1.9.1", "profile_name": "data_processing", "target_name": "local", "node_id": "model.data_processing_analytics.page_type_summary"} */
alter table "data_processing"."public_analytics"."page_type_summary__dbt_tmp" rename to "page_type_summary"
[0m20:23:34.335492 [debug] [Thread-1 (]: On model.data_processing_analytics.hourly_traffic: /* {"app": "dbt", "dbt_version": "1.9.1", "profile_name": "data_processing", "target_name": "local", "node_id": "model.data_processing_analytics.hourly_traffic"} */
alter table "data_processing"."public_analytics"."hourly_traffic__dbt_tmp" rename to "hourly_traffic"
[0m20:23:34.335317 [debug] [Thread-4 (]: SQL status: ALTER TABLE in 0.001 seconds
[0m20:23:34.336643 [debug] [Thread-4 (]: On model.data_processing_analytics.user_engagement: COMMIT
[0m20:23:34.336065 [debug] [Thread-1 (]: SQL status: ALTER TABLE in 0.000 seconds
[0m20:23:34.335931 [debug] [Thread-2 (]: SQL status: ALTER TABLE in 0.000 seconds
[0m20:23:34.337779 [debug] [Thread-2 (]: On model.data_processing_analytics.page_type_summary: COMMIT
[0m20:23:34.337301 [debug] [Thread-1 (]: On model.data_processing_analytics.hourly_traffic: COMMIT
[0m20:23:34.336797 [debug] [Thread-4 (]: Using postgres connection "model.data_processing_analytics.user_engagement"
[0m20:23:34.338277 [debug] [Thread-4 (]: On model.data_processing_analytics.user_engagement: COMMIT
[0m20:23:34.338114 [debug] [Thread-1 (]: Using postgres connection "model.data_processing_analytics.hourly_traffic"
[0m20:23:34.337931 [debug] [Thread-2 (]: Using postgres connection "model.data_processing_analytics.page_type_summary"
[0m20:23:34.338534 [debug] [Thread-1 (]: On model.data_processing_analytics.hourly_traffic: COMMIT
[0m20:23:34.338743 [debug] [Thread-4 (]: SQL status: COMMIT in 0.000 seconds
[0m20:23:34.338865 [debug] [Thread-2 (]: On model.data_processing_analytics.page_type_summary: COMMIT
[0m20:23:34.340151 [debug] [Thread-4 (]: Applying DROP to: "data_processing"."public_analytics"."user_engagement__dbt_backup"
[0m20:23:34.340297 [debug] [Thread-1 (]: SQL status: COMMIT in 0.001 seconds
[0m20:23:34.340678 [debug] [Thread-4 (]: Using postgres connection "model.data_processing_analytics.user_engagement"
[0m20:23:34.340793 [debug] [Thread-2 (]: SQL status: COMMIT in 0.000 seconds
[0m20:23:34.341787 [debug] [Thread-1 (]: Applying DROP to: "data_processing"."public_analytics"."hourly_traffic__dbt_backup"
[0m20:23:34.341973 [debug] [Thread-4 (]: On model.data_processing_analytics.user_engagement: /* {"app": "dbt", "dbt_version": "1.9.1", "profile_name": "data_processing", "target_name": "local", "node_id": "model.data_processing_analytics.user_engagement"} */
drop table if exists "data_processing"."public_analytics"."user_engagement__dbt_backup" cascade
[0m20:23:34.343417 [debug] [Thread-2 (]: Applying DROP to: "data_processing"."public_analytics"."page_type_summary__dbt_backup"
[0m20:23:34.343707 [debug] [Thread-1 (]: Using postgres connection "model.data_processing_analytics.hourly_traffic"
[0m20:23:34.344033 [debug] [Thread-2 (]: Using postgres connection "model.data_processing_analytics.page_type_summary"
[0m20:23:34.344247 [debug] [Thread-1 (]: On model.data_processing_analytics.hourly_traffic: /* {"app": "dbt", "dbt_version": "1.9.1", "profile_name": "data_processing", "target_name": "local", "node_id": "model.data_processing_analytics.hourly_traffic"} */
drop table if exists "data_processing"."public_analytics"."hourly_traffic__dbt_backup" cascade
[0m20:23:34.344443 [debug] [Thread-2 (]: On model.data_processing_analytics.page_type_summary: /* {"app": "dbt", "dbt_version": "1.9.1", "profile_name": "data_processing", "target_name": "local", "node_id": "model.data_processing_analytics.page_type_summary"} */
drop table if exists "data_processing"."public_analytics"."page_type_summary__dbt_backup" cascade
[0m20:23:34.344579 [debug] [Thread-4 (]: SQL status: DROP TABLE in 0.001 seconds
[0m20:23:34.345344 [debug] [Thread-4 (]: On model.data_processing_analytics.user_engagement: Close
[0m20:23:34.345486 [debug] [Thread-2 (]: SQL status: DROP TABLE in 0.001 seconds
[0m20:23:34.345621 [debug] [Thread-1 (]: SQL status: DROP TABLE in 0.001 seconds
[0m20:23:34.345908 [debug] [Thread-4 (]: Sending event: {'category': 'dbt', 'action': 'run_model', 'label': '9341052f-c3d1-4688-b02b-bb9d37b782c5', 'context': [<snowplow_tracker.self_describing_json.SelfDescribingJson object at 0xffff8338d000>]}
[0m20:23:34.347405 [info ] [Thread-4 (]: 6 of 6 OK created sql table model public_analytics.user_engagement ............. [[32mINSERT 0 50[0m in 0.05s]
[0m20:23:34.347067 [debug] [Thread-1 (]: On model.data_processing_analytics.hourly_traffic: Close
[0m20:23:34.346519 [debug] [Thread-2 (]: On model.data_processing_analytics.page_type_summary: Close
[0m20:23:34.348332 [debug] [Thread-2 (]: Sending event: {'category': 'dbt', 'action': 'run_model', 'label': '9341052f-c3d1-4688-b02b-bb9d37b782c5', 'context': [<snowplow_tracker.self_describing_json.SelfDescribingJson object at 0xffff8d8de8f0>]}
[0m20:23:34.348080 [debug] [Thread-1 (]: Sending event: {'category': 'dbt', 'action': 'run_model', 'label': '9341052f-c3d1-4688-b02b-bb9d37b782c5', 'context': [<snowplow_tracker.self_describing_json.SelfDescribingJson object at 0xffff81d9aa70>]}
[0m20:23:34.347702 [debug] [Thread-4 (]: Finished running node model.data_processing_analytics.user_engagement
[0m20:23:34.348627 [info ] [Thread-2 (]: 5 of 6 OK created sql table model public_analytics.page_type_summary ........... [[32mINSERT 0 3[0m in 0.06s]
[0m20:23:34.348986 [info ] [Thread-1 (]: 4 of 6 OK created sql table model public_analytics.hourly_traffic .............. [[32mINSERT 0 3[0m in 0.06s]
[0m20:23:34.349394 [debug] [Thread-2 (]: Finished running node model.data_processing_analytics.page_type_summary
[0m20:23:34.349677 [debug] [Thread-1 (]: Finished running node model.data_processing_analytics.hourly_traffic
[0m20:23:34.350408 [debug] [MainThread]: Using postgres connection "master"
[0m20:23:34.350596 [debug] [MainThread]: On master: BEGIN
[0m20:23:34.350746 [debug] [MainThread]: Opening a new connection, currently in state closed
[0m20:23:34.353828 [debug] [MainThread]: SQL status: BEGIN in 0.003 seconds
[0m20:23:34.353978 [debug] [MainThread]: On master: COMMIT
[0m20:23:34.354135 [debug] [MainThread]: Using postgres connection "master"
[0m20:23:34.354303 [debug] [MainThread]: On master: COMMIT
[0m20:23:34.354493 [debug] [MainThread]: SQL status: COMMIT in 0.000 seconds
[0m20:23:34.354630 [debug] [MainThread]: On master: Close
[0m20:23:34.354827 [debug] [MainThread]: Connection 'master' was properly closed.
[0m20:23:34.354961 [debug] [MainThread]: Connection 'model.data_processing_analytics.page_type_summary' was properly closed.
[0m20:23:34.355080 [debug] [MainThread]: Connection 'model.data_processing_analytics.hourly_traffic' was properly closed.
[0m20:23:34.355189 [debug] [MainThread]: Connection 'model.data_processing_analytics.funnel_analysis' was properly closed.
[0m20:23:34.355345 [debug] [MainThread]: Connection 'model.data_processing_analytics.user_engagement' was properly closed.
[0m20:23:34.355526 [info ] [MainThread]: 
[0m20:23:34.355692 [info ] [MainThread]: Finished running 5 table models, 1 view model in 0 hours 0 minutes and 0.27 seconds (0.27s).
[0m20:23:34.356307 [debug] [MainThread]: Command end result
[0m20:23:34.396854 [debug] [MainThread]: Wrote artifact WritableManifest to /dbt/target/manifest.json
[0m20:23:34.397816 [debug] [MainThread]: Wrote artifact SemanticManifest to /dbt/target/semantic_manifest.json
[0m20:23:34.401072 [debug] [MainThread]: Wrote artifact RunExecutionResult to /dbt/target/run_results.json
[0m20:23:34.401239 [info ] [MainThread]: 
[0m20:23:34.401451 [info ] [MainThread]: [32mCompleted successfully[0m
[0m20:23:34.401651 [info ] [MainThread]: 
[0m20:23:34.401843 [info ] [MainThread]: Done. PASS=6 WARN=0 ERROR=0 SKIP=0 TOTAL=6
[0m20:23:34.402339 [debug] [MainThread]: Resource report: {"command_name": "run", "command_success": true, "command_wall_clock_time": 0.8147642, "process_in_blocks": "0", "process_kernel_time": 0.073868, "process_mem_max_rss": "127352", "process_out_blocks": "3538", "process_user_time": 1.213835}
[0m20:23:34.402547 [debug] [MainThread]: Command `dbt run` succeeded at 20:23:34.402508 after 0.82 seconds
[0m20:23:34.402721 [debug] [MainThread]: Sending event: {'category': 'dbt', 'action': 'invocation', 'label': 'end', 'context': [<snowplow_tracker.self_describing_json.SelfDescribingJson object at 0xffff8e7d3130>, <snowplow_tracker.self_describing_json.SelfDescribingJson object at 0xffff8e739510>, <snowplow_tracker.self_describing_json.SelfDescribingJson object at 0xffff803e8f10>]}
[0m20:23:34.402889 [debug] [MainThread]: Flushing usage events
[0m20:23:34.481522 [debug] [MainThread]: An error was encountered while trying to flush usage events
[0m20:23:36.278578 [debug] [MainThread]: Sending event: {'category': 'dbt', 'action': 'invocation', 'label': 'start', 'context': [<snowplow_tracker.self_describing_json.SelfDescribingJson object at 0xffffb1e07430>, <snowplow_tracker.self_describing_json.SelfDescribingJson object at 0xffffb0fb2470>, <snowplow_tracker.self_describing_json.SelfDescribingJson object at 0xffffb0fb3d30>]}


============================== 20:23:36.281363 | 8243e4fb-6157-41b0-b738-718f1d1dbee6 ==============================
[0m20:23:36.281363 [info ] [MainThread]: Running with dbt=1.9.1
[0m20:23:36.281671 [debug] [MainThread]: running dbt with arguments {'printer_width': '80', 'indirect_selection': 'eager', 'log_cache_events': 'False', 'write_json': 'True', 'partial_parse': 'True', 'cache_selected_only': 'False', 'warn_error': 'None', 'version_check': 'True', 'debug': 'False', 'log_path': '/dbt/logs', 'fail_fast': 'False', 'profiles_dir': '/dbt', 'use_colors': 'True', 'use_experimental_parser': 'False', 'empty': 'None', 'quiet': 'False', 'no_print': 'None', 'warn_error_options': 'WarnErrorOptions(include=[], exclude=[])', 'introspect': 'True', 'static_parser': 'True', 'invocation_command': 'dbt deps', 'target_path': 'None', 'log_format': 'default', 'send_anonymous_usage_stats': 'True'}
[0m20:23:36.327932 [debug] [MainThread]: Sending event: {'category': 'dbt', 'action': 'project_id', 'label': '8243e4fb-6157-41b0-b738-718f1d1dbee6', 'context': [<snowplow_tracker.self_describing_json.SelfDescribingJson object at 0xffffb1028f10>]}
[0m20:23:36.332046 [info ] [MainThread]: Warning: No packages were found in packages.yml
[0m20:23:36.332927 [info ] [MainThread]: Warning: No packages were found in packages.yml
[0m20:23:36.333421 [debug] [MainThread]: Resource report: {"command_name": "deps", "command_success": true, "command_wall_clock_time": 0.07867521, "process_in_blocks": "0", "process_kernel_time": 0.071988, "process_mem_max_rss": "95576", "process_out_blocks": "2131", "process_user_time": 0.702886}
[0m20:23:36.333661 [debug] [MainThread]: Command `dbt deps` succeeded at 20:23:36.333612 after 0.08 seconds
[0m20:23:36.333866 [debug] [MainThread]: Sending event: {'category': 'dbt', 'action': 'invocation', 'label': 'end', 'context': [<snowplow_tracker.self_describing_json.SelfDescribingJson object at 0xffffb1e07430>, <snowplow_tracker.self_describing_json.SelfDescribingJson object at 0xffffb1028f10>, <snowplow_tracker.self_describing_json.SelfDescribingJson object at 0xffffb1028670>]}
[0m20:23:36.334053 [debug] [MainThread]: Flushing usage events
[0m20:23:36.403498 [debug] [MainThread]: An error was encountered while trying to flush usage events
[0m20:23:37.093254 [debug] [MainThread]: Sending event: {'category': 'dbt', 'action': 'invocation', 'label': 'start', 'context': [<snowplow_tracker.self_describing_json.SelfDescribingJson object at 0xffff95bf7130>, <snowplow_tracker.self_describing_json.SelfDescribingJson object at 0xffff94d8be80>, <snowplow_tracker.self_describing_json.SelfDescribingJson object at 0xffff94d8bd30>]}


============================== 20:23:37.094592 | 1c8943a6-3d40-4257-887c-5c9b63561313 ==============================
[0m20:23:37.094592 [info ] [MainThread]: Running with dbt=1.9.1
[0m20:23:37.094859 [debug] [MainThread]: running dbt with arguments {'printer_width': '80', 'indirect_selection': 'eager', 'write_json': 'True', 'log_cache_events': 'False', 'partial_parse': 'True', 'cache_selected_only': 'False', 'profiles_dir': '/dbt', 'debug': 'False', 'fail_fast': 'False', 'log_path': '/dbt/logs', 'version_check': 'True', 'warn_error': 'None', 'use_colors': 'True', 'use_experimental_parser': 'False', 'no_print': 'None', 'quiet': 'False', 'empty': 'None', 'log_format': 'default', 'invocation_command': 'dbt test', 'introspect': 'True', 'static_parser': 'True', 'target_path': 'None', 'warn_error_options': 'WarnErrorOptions(include=[], exclude=[])', 'send_anonymous_usage_stats': 'True'}
[0m20:23:37.177588 [debug] [MainThread]: Sending event: {'category': 'dbt', 'action': 'project_id', 'label': '1c8943a6-3d40-4257-887c-5c9b63561313', 'context': [<snowplow_tracker.self_describing_json.SelfDescribingJson object at 0xffff94de5300>]}
[0m20:23:37.203687 [debug] [MainThread]: Sending event: {'category': 'dbt', 'action': 'adapter_info', 'label': '1c8943a6-3d40-4257-887c-5c9b63561313', 'context': [<snowplow_tracker.self_describing_json.SelfDescribingJson object at 0xffff959dc3d0>]}
[0m20:23:37.204219 [info ] [MainThread]: Registered adapter: postgres=1.9.1
[0m20:23:37.237363 [debug] [MainThread]: checksum: 5e8d1596cf4eae33c11286bbb248a722d21b9f00d8a7ced8137c642517055418, vars: {}, profile: , target: , version: 1.9.1
[0m20:23:37.304121 [debug] [MainThread]: Partial parsing enabled: 0 files deleted, 0 files added, 0 files changed.
[0m20:23:37.304364 [debug] [MainThread]: Partial parsing enabled, no changes found, skipping parsing
[0m20:23:37.328025 [debug] [MainThread]: Sending event: {'category': 'dbt', 'action': 'load_project', 'label': '1c8943a6-3d40-4257-887c-5c9b63561313', 'context': [<snowplow_tracker.self_describing_json.SelfDescribingJson object at 0xffff939ed870>]}
[0m20:23:37.375428 [debug] [MainThread]: Wrote artifact WritableManifest to /dbt/target/manifest.json
[0m20:23:37.390906 [debug] [MainThread]: Wrote artifact SemanticManifest to /dbt/target/semantic_manifest.json
[0m20:23:37.406632 [debug] [MainThread]: Sending event: {'category': 'dbt', 'action': 'resource_counts', 'label': '1c8943a6-3d40-4257-887c-5c9b63561313', 'context': [<snowplow_tracker.self_describing_json.SelfDescribingJson object at 0xffff93a57220>]}
[0m20:23:37.406899 [info ] [MainThread]: Found 6 models, 21 data tests, 1 source, 436 macros
[0m20:23:37.407126 [debug] [MainThread]: Sending event: {'category': 'dbt', 'action': 'runnable_timing', 'label': '1c8943a6-3d40-4257-887c-5c9b63561313', 'context': [<snowplow_tracker.self_describing_json.SelfDescribingJson object at 0xffff93a56bc0>]}
[0m20:23:37.432978 [info ] [MainThread]: 
[0m20:23:37.433453 [info ] [MainThread]: Concurrency: 4 threads (target='local')
[0m20:23:37.433688 [info ] [MainThread]: 
[0m20:23:37.434027 [debug] [MainThread]: Acquiring new postgres connection 'master'
[0m20:23:37.436251 [debug] [ThreadPool]: Acquiring new postgres connection 'list_data_processing_public_staging'
[0m20:23:37.436536 [debug] [ThreadPool]: Acquiring new postgres connection 'list_data_processing_public_analytics'
[0m20:23:37.457335 [debug] [ThreadPool]: Using postgres connection "list_data_processing_public_staging"
[0m20:23:37.457515 [debug] [ThreadPool]: Using postgres connection "list_data_processing_public_analytics"
[0m20:23:37.457694 [debug] [ThreadPool]: On list_data_processing_public_staging: BEGIN
[0m20:23:37.457867 [debug] [ThreadPool]: On list_data_processing_public_analytics: BEGIN
[0m20:23:37.458014 [debug] [ThreadPool]: Opening a new connection, currently in state init
[0m20:23:37.458168 [debug] [ThreadPool]: Opening a new connection, currently in state init
[0m20:23:37.463496 [debug] [ThreadPool]: SQL status: BEGIN in 0.005 seconds
[0m20:23:37.463645 [debug] [ThreadPool]: SQL status: BEGIN in 0.006 seconds
[0m20:23:37.463816 [debug] [ThreadPool]: Using postgres connection "list_data_processing_public_analytics"
[0m20:23:37.463962 [debug] [ThreadPool]: Using postgres connection "list_data_processing_public_staging"
[0m20:23:37.464135 [debug] [ThreadPool]: On list_data_processing_public_analytics: /* {"app": "dbt", "dbt_version": "1.9.1", "profile_name": "data_processing", "target_name": "local", "connection_name": "list_data_processing_public_analytics"} */
select
      'data_processing' as database,
      tablename as name,
      schemaname as schema,
      'table' as type
    from pg_tables
    where schemaname ilike 'public_analytics'
    union all
    select
      'data_processing' as database,
      viewname as name,
      schemaname as schema,
      'view' as type
    from pg_views
    where schemaname ilike 'public_analytics'
    union all
    select
      'data_processing' as database,
      matviewname as name,
      schemaname as schema,
      'materialized_view' as type
    from pg_matviews
    where schemaname ilike 'public_analytics'
  
[0m20:23:37.464329 [debug] [ThreadPool]: On list_data_processing_public_staging: /* {"app": "dbt", "dbt_version": "1.9.1", "profile_name": "data_processing", "target_name": "local", "connection_name": "list_data_processing_public_staging"} */
select
      'data_processing' as database,
      tablename as name,
      schemaname as schema,
      'table' as type
    from pg_tables
    where schemaname ilike 'public_staging'
    union all
    select
      'data_processing' as database,
      viewname as name,
      schemaname as schema,
      'view' as type
    from pg_views
    where schemaname ilike 'public_staging'
    union all
    select
      'data_processing' as database,
      matviewname as name,
      schemaname as schema,
      'materialized_view' as type
    from pg_matviews
    where schemaname ilike 'public_staging'
  
[0m20:23:37.469174 [debug] [ThreadPool]: SQL status: SELECT 1 in 0.005 seconds
[0m20:23:37.469297 [debug] [ThreadPool]: SQL status: SELECT 5 in 0.005 seconds
[0m20:23:37.469875 [debug] [ThreadPool]: On list_data_processing_public_staging: ROLLBACK
[0m20:23:37.470438 [debug] [ThreadPool]: On list_data_processing_public_analytics: ROLLBACK
[0m20:23:37.470651 [debug] [ThreadPool]: On list_data_processing_public_staging: Close
[0m20:23:37.470800 [debug] [ThreadPool]: On list_data_processing_public_analytics: Close
[0m20:23:37.473867 [debug] [MainThread]: Using postgres connection "master"
[0m20:23:37.474053 [debug] [MainThread]: On master: BEGIN
[0m20:23:37.474212 [debug] [MainThread]: Opening a new connection, currently in state init
[0m20:23:37.477325 [debug] [MainThread]: SQL status: BEGIN in 0.003 seconds
[0m20:23:37.477472 [debug] [MainThread]: Using postgres connection "master"
[0m20:23:37.477656 [debug] [MainThread]: On master: /* {"app": "dbt", "dbt_version": "1.9.1", "profile_name": "data_processing", "target_name": "local", "connection_name": "master"} */
select distinct
        dependent_namespace.nspname as dependent_schema,
        dependent_class.relname as dependent_name,
        referenced_namespace.nspname as referenced_schema,
        referenced_class.relname as referenced_name

    -- Query for views: views are entries in pg_class with an entry in pg_rewrite, but we avoid
    -- a seq scan on pg_rewrite by leveraging the fact there is an "internal" row in pg_depend for
    -- the view...
    from pg_class as dependent_class
    join pg_namespace as dependent_namespace on dependent_namespace.oid = dependent_class.relnamespace
    join pg_depend as dependent_depend on dependent_depend.refobjid = dependent_class.oid
        and dependent_depend.classid = 'pg_rewrite'::regclass
        and dependent_depend.refclassid = 'pg_class'::regclass
        and dependent_depend.deptype = 'i'

    -- ... and via pg_depend (that has a row per column, hence the need for "distinct" above, and
    -- making sure to exclude the internal row to avoid a view appearing to depend on itself)...
    join pg_depend as joining_depend on joining_depend.objid = dependent_depend.objid
        and joining_depend.classid = 'pg_rewrite'::regclass
        and joining_depend.refclassid = 'pg_class'::regclass
        and joining_depend.refobjid != dependent_depend.refobjid

    -- ... we can find the tables they query from in pg_class, but excluding system tables. Note we
    -- don't need need to exclude _dependent_ system tables, because they only query from other
    -- system tables, and so are automatically excluded by excluding _referenced_ system tables
    join pg_class as referenced_class on referenced_class.oid = joining_depend.refobjid
    join pg_namespace as referenced_namespace on referenced_namespace.oid = referenced_class.relnamespace
        and referenced_namespace.nspname != 'information_schema'
        and referenced_namespace.nspname not like 'pg\_%'

    order by
        dependent_schema, dependent_name, referenced_schema, referenced_name;
[0m20:23:37.478974 [debug] [MainThread]: SQL status: SELECT 1 in 0.001 seconds
[0m20:23:37.479605 [debug] [MainThread]: Sending event: {'category': 'dbt', 'action': 'runnable_timing', 'label': '1c8943a6-3d40-4257-887c-5c9b63561313', 'context': [<snowplow_tracker.self_describing_json.SelfDescribingJson object at 0xffff93e17460>]}
[0m20:23:37.479832 [debug] [MainThread]: On master: ROLLBACK
[0m20:23:37.480033 [debug] [MainThread]: Using postgres connection "master"
[0m20:23:37.480174 [debug] [MainThread]: On master: BEGIN
[0m20:23:37.480397 [debug] [MainThread]: SQL status: BEGIN in 0.000 seconds
[0m20:23:37.480546 [debug] [MainThread]: On master: COMMIT
[0m20:23:37.480676 [debug] [MainThread]: Using postgres connection "master"
[0m20:23:37.480798 [debug] [MainThread]: On master: COMMIT
[0m20:23:37.480943 [debug] [MainThread]: SQL status: COMMIT in 0.000 seconds
[0m20:23:37.481061 [debug] [MainThread]: On master: Close
[0m20:23:37.482098 [debug] [Thread-1 (]: Began running node test.data_processing_analytics.not_null_funnel_analysis_event_type.3c35ba5f6e
[0m20:23:37.482269 [debug] [Thread-2 (]: Began running node test.data_processing_analytics.not_null_funnel_analysis_page_type.cc723b2075
[0m20:23:37.482422 [debug] [Thread-3 (]: Began running node test.data_processing_analytics.not_null_hourly_traffic_event_date.bf9938d75e
[0m20:23:37.482653 [debug] [Thread-4 (]: Began running node test.data_processing_analytics.not_null_int_impressions_aggregated_impression_id.9168c78c5b
[0m20:23:37.483612 [info ] [Thread-4 (]: 4 of 21 START test not_null_int_impressions_aggregated_impression_id ........... [RUN]
[0m20:23:37.483067 [info ] [Thread-2 (]: 2 of 21 START test not_null_funnel_analysis_page_type .......................... [RUN]
[0m20:23:37.483346 [info ] [Thread-3 (]: 3 of 21 START test not_null_hourly_traffic_event_date .......................... [RUN]
[0m20:23:37.482826 [info ] [Thread-1 (]: 1 of 21 START test not_null_funnel_analysis_event_type ......................... [RUN]
[0m20:23:37.484665 [debug] [Thread-1 (]: Re-using an available connection from the pool (formerly list_data_processing_public_staging, now test.data_processing_analytics.not_null_funnel_analysis_event_type.3c35ba5f6e)
[0m20:23:37.484167 [debug] [Thread-2 (]: Re-using an available connection from the pool (formerly list_data_processing_public_analytics, now test.data_processing_analytics.not_null_funnel_analysis_page_type.cc723b2075)
[0m20:23:37.484458 [debug] [Thread-3 (]: Acquiring new postgres connection 'test.data_processing_analytics.not_null_hourly_traffic_event_date.bf9938d75e'
[0m20:23:37.483904 [debug] [Thread-4 (]: Acquiring new postgres connection 'test.data_processing_analytics.not_null_int_impressions_aggregated_impression_id.9168c78c5b'
[0m20:23:37.485498 [debug] [Thread-4 (]: Began compiling node test.data_processing_analytics.not_null_int_impressions_aggregated_impression_id.9168c78c5b
[0m20:23:37.485088 [debug] [Thread-2 (]: Began compiling node test.data_processing_analytics.not_null_funnel_analysis_page_type.cc723b2075
[0m20:23:37.485316 [debug] [Thread-3 (]: Began compiling node test.data_processing_analytics.not_null_hourly_traffic_event_date.bf9938d75e
[0m20:23:37.484870 [debug] [Thread-1 (]: Began compiling node test.data_processing_analytics.not_null_funnel_analysis_event_type.3c35ba5f6e
[0m20:23:37.493403 [debug] [Thread-4 (]: Writing injected SQL for node "test.data_processing_analytics.not_null_int_impressions_aggregated_impression_id.9168c78c5b"
[0m20:23:37.495170 [debug] [Thread-2 (]: Writing injected SQL for node "test.data_processing_analytics.not_null_funnel_analysis_page_type.cc723b2075"
[0m20:23:37.496948 [debug] [Thread-3 (]: Writing injected SQL for node "test.data_processing_analytics.not_null_hourly_traffic_event_date.bf9938d75e"
[0m20:23:37.498582 [debug] [Thread-1 (]: Writing injected SQL for node "test.data_processing_analytics.not_null_funnel_analysis_event_type.3c35ba5f6e"
[0m20:23:37.499788 [debug] [Thread-4 (]: Began executing node test.data_processing_analytics.not_null_int_impressions_aggregated_impression_id.9168c78c5b
[0m20:23:37.499996 [debug] [Thread-2 (]: Began executing node test.data_processing_analytics.not_null_funnel_analysis_page_type.cc723b2075
[0m20:23:37.500207 [debug] [Thread-3 (]: Began executing node test.data_processing_analytics.not_null_hourly_traffic_event_date.bf9938d75e
[0m20:23:37.506468 [debug] [Thread-1 (]: Began executing node test.data_processing_analytics.not_null_funnel_analysis_event_type.3c35ba5f6e
[0m20:23:37.508037 [debug] [Thread-4 (]: Writing runtime sql for node "test.data_processing_analytics.not_null_int_impressions_aggregated_impression_id.9168c78c5b"
[0m20:23:37.509135 [debug] [Thread-2 (]: Writing runtime sql for node "test.data_processing_analytics.not_null_funnel_analysis_page_type.cc723b2075"
[0m20:23:37.510714 [debug] [Thread-3 (]: Writing runtime sql for node "test.data_processing_analytics.not_null_hourly_traffic_event_date.bf9938d75e"
[0m20:23:37.511823 [debug] [Thread-1 (]: Writing runtime sql for node "test.data_processing_analytics.not_null_funnel_analysis_event_type.3c35ba5f6e"
[0m20:23:37.512819 [debug] [Thread-2 (]: Using postgres connection "test.data_processing_analytics.not_null_funnel_analysis_page_type.cc723b2075"
[0m20:23:37.513543 [debug] [Thread-2 (]: On test.data_processing_analytics.not_null_funnel_analysis_page_type.cc723b2075: BEGIN
[0m20:23:37.513232 [debug] [Thread-3 (]: Using postgres connection "test.data_processing_analytics.not_null_hourly_traffic_event_date.bf9938d75e"
[0m20:23:37.513383 [debug] [Thread-1 (]: Using postgres connection "test.data_processing_analytics.not_null_funnel_analysis_event_type.3c35ba5f6e"
[0m20:23:37.513055 [debug] [Thread-4 (]: Using postgres connection "test.data_processing_analytics.not_null_int_impressions_aggregated_impression_id.9168c78c5b"
[0m20:23:37.514233 [debug] [Thread-4 (]: On test.data_processing_analytics.not_null_int_impressions_aggregated_impression_id.9168c78c5b: BEGIN
[0m20:23:37.513873 [debug] [Thread-3 (]: On test.data_processing_analytics.not_null_hourly_traffic_event_date.bf9938d75e: BEGIN
[0m20:23:37.514057 [debug] [Thread-1 (]: On test.data_processing_analytics.not_null_funnel_analysis_event_type.3c35ba5f6e: BEGIN
[0m20:23:37.513701 [debug] [Thread-2 (]: Opening a new connection, currently in state closed
[0m20:23:37.514388 [debug] [Thread-4 (]: Opening a new connection, currently in state init
[0m20:23:37.514565 [debug] [Thread-3 (]: Opening a new connection, currently in state init
[0m20:23:37.514742 [debug] [Thread-1 (]: Opening a new connection, currently in state closed
[0m20:23:37.519630 [debug] [Thread-2 (]: SQL status: BEGIN in 0.006 seconds
[0m20:23:37.519882 [debug] [Thread-2 (]: Using postgres connection "test.data_processing_analytics.not_null_funnel_analysis_page_type.cc723b2075"
[0m20:23:37.520158 [debug] [Thread-2 (]: On test.data_processing_analytics.not_null_funnel_analysis_page_type.cc723b2075: /* {"app": "dbt", "dbt_version": "1.9.1", "profile_name": "data_processing", "target_name": "local", "node_id": "test.data_processing_analytics.not_null_funnel_analysis_page_type.cc723b2075"} */

    select
      count(*) as failures,
      count(*) != 0 as should_warn,
      count(*) != 0 as should_error
    from (
      
    
  
    
    



select page_type
from "data_processing"."public_analytics"."funnel_analysis"
where page_type is null



  
  
      
    ) dbt_internal_test
[0m20:23:37.520362 [debug] [Thread-4 (]: SQL status: BEGIN in 0.006 seconds
[0m20:23:37.520515 [debug] [Thread-1 (]: SQL status: BEGIN in 0.006 seconds
[0m20:23:37.520679 [debug] [Thread-3 (]: SQL status: BEGIN in 0.006 seconds
[0m20:23:37.520836 [debug] [Thread-2 (]: SQL status: SELECT 1 in 0.000 seconds
[0m20:23:37.520991 [debug] [Thread-4 (]: Using postgres connection "test.data_processing_analytics.not_null_int_impressions_aggregated_impression_id.9168c78c5b"
[0m20:23:37.521200 [debug] [Thread-1 (]: Using postgres connection "test.data_processing_analytics.not_null_funnel_analysis_event_type.3c35ba5f6e"
[0m20:23:37.521403 [debug] [Thread-3 (]: Using postgres connection "test.data_processing_analytics.not_null_hourly_traffic_event_date.bf9938d75e"
[0m20:23:37.523537 [debug] [Thread-2 (]: On test.data_processing_analytics.not_null_funnel_analysis_page_type.cc723b2075: ROLLBACK
[0m20:23:37.523784 [debug] [Thread-4 (]: On test.data_processing_analytics.not_null_int_impressions_aggregated_impression_id.9168c78c5b: /* {"app": "dbt", "dbt_version": "1.9.1", "profile_name": "data_processing", "target_name": "local", "node_id": "test.data_processing_analytics.not_null_int_impressions_aggregated_impression_id.9168c78c5b"} */

    select
      count(*) as failures,
      count(*) != 0 as should_warn,
      count(*) != 0 as should_error
    from (
      
    
  
    
    



select impression_id
from "data_processing"."public_analytics"."int_impressions_aggregated"
where impression_id is null



  
  
      
    ) dbt_internal_test
[0m20:23:37.524080 [debug] [Thread-1 (]: On test.data_processing_analytics.not_null_funnel_analysis_event_type.3c35ba5f6e: /* {"app": "dbt", "dbt_version": "1.9.1", "profile_name": "data_processing", "target_name": "local", "node_id": "test.data_processing_analytics.not_null_funnel_analysis_event_type.3c35ba5f6e"} */

    select
      count(*) as failures,
      count(*) != 0 as should_warn,
      count(*) != 0 as should_error
    from (
      
    
  
    
    



select event_type
from "data_processing"."public_analytics"."funnel_analysis"
where event_type is null



  
  
      
    ) dbt_internal_test
[0m20:23:37.524340 [debug] [Thread-3 (]: On test.data_processing_analytics.not_null_hourly_traffic_event_date.bf9938d75e: /* {"app": "dbt", "dbt_version": "1.9.1", "profile_name": "data_processing", "target_name": "local", "node_id": "test.data_processing_analytics.not_null_hourly_traffic_event_date.bf9938d75e"} */

    select
      count(*) as failures,
      count(*) != 0 as should_warn,
      count(*) != 0 as should_error
    from (
      
    
  
    
    



select event_date
from "data_processing"."public_analytics"."hourly_traffic"
where event_date is null



  
  
      
    ) dbt_internal_test
[0m20:23:37.524589 [debug] [Thread-2 (]: On test.data_processing_analytics.not_null_funnel_analysis_page_type.cc723b2075: Close
[0m20:23:37.525004 [debug] [Thread-4 (]: SQL status: SELECT 1 in 0.000 seconds
[0m20:23:37.525161 [debug] [Thread-1 (]: SQL status: SELECT 1 in 0.000 seconds
[0m20:23:37.525453 [info ] [Thread-2 (]: 2 of 21 PASS not_null_funnel_analysis_page_type ................................ [[32mPASS[0m in 0.04s]
[0m20:23:37.525796 [debug] [Thread-3 (]: SQL status: SELECT 1 in 0.001 seconds
[0m20:23:37.526442 [debug] [Thread-4 (]: On test.data_processing_analytics.not_null_int_impressions_aggregated_impression_id.9168c78c5b: ROLLBACK
[0m20:23:37.527034 [debug] [Thread-1 (]: On test.data_processing_analytics.not_null_funnel_analysis_event_type.3c35ba5f6e: ROLLBACK
[0m20:23:37.527316 [debug] [Thread-2 (]: Finished running node test.data_processing_analytics.not_null_funnel_analysis_page_type.cc723b2075
[0m20:23:37.527935 [debug] [Thread-3 (]: On test.data_processing_analytics.not_null_hourly_traffic_event_date.bf9938d75e: ROLLBACK
[0m20:23:37.528210 [debug] [Thread-4 (]: On test.data_processing_analytics.not_null_int_impressions_aggregated_impression_id.9168c78c5b: Close
[0m20:23:37.528391 [debug] [Thread-1 (]: On test.data_processing_analytics.not_null_funnel_analysis_event_type.3c35ba5f6e: Close
[0m20:23:37.528560 [debug] [Thread-2 (]: Began running node test.data_processing_analytics.not_null_int_impressions_aggregated_user_id.b331574930
[0m20:23:37.528830 [debug] [Thread-3 (]: On test.data_processing_analytics.not_null_hourly_traffic_event_date.bf9938d75e: Close
[0m20:23:37.529080 [info ] [Thread-4 (]: 4 of 21 PASS not_null_int_impressions_aggregated_impression_id ................. [[32mPASS[0m in 0.05s]
[0m20:23:37.529476 [info ] [Thread-1 (]: 1 of 21 PASS not_null_funnel_analysis_event_type ............................... [[32mPASS[0m in 0.04s]
[0m20:23:37.529732 [info ] [Thread-2 (]: 5 of 21 START test not_null_int_impressions_aggregated_user_id ................. [RUN]
[0m20:23:37.530112 [info ] [Thread-3 (]: 3 of 21 PASS not_null_hourly_traffic_event_date ................................ [[32mPASS[0m in 0.05s]
[0m20:23:37.530429 [debug] [Thread-4 (]: Finished running node test.data_processing_analytics.not_null_int_impressions_aggregated_impression_id.9168c78c5b
[0m20:23:37.530700 [debug] [Thread-1 (]: Finished running node test.data_processing_analytics.not_null_funnel_analysis_event_type.3c35ba5f6e
[0m20:23:37.530916 [debug] [Thread-2 (]: Re-using an available connection from the pool (formerly test.data_processing_analytics.not_null_funnel_analysis_page_type.cc723b2075, now test.data_processing_analytics.not_null_int_impressions_aggregated_user_id.b331574930)
[0m20:23:37.531187 [debug] [Thread-3 (]: Finished running node test.data_processing_analytics.not_null_hourly_traffic_event_date.bf9938d75e
[0m20:23:37.531379 [debug] [Thread-4 (]: Began running node test.data_processing_analytics.not_null_page_type_summary_page_type.ba086379d4
[0m20:23:37.531612 [debug] [Thread-1 (]: Began running node test.data_processing_analytics.not_null_stg_impressions_event_date.52d635828b
[0m20:23:37.531801 [debug] [Thread-2 (]: Began compiling node test.data_processing_analytics.not_null_int_impressions_aggregated_user_id.b331574930
[0m20:23:37.531995 [debug] [Thread-3 (]: Began running node test.data_processing_analytics.not_null_stg_impressions_impression_id.f19dc666d8
[0m20:23:37.532185 [info ] [Thread-4 (]: 6 of 21 START test not_null_page_type_summary_page_type ........................ [RUN]
[0m20:23:37.532423 [info ] [Thread-1 (]: 7 of 21 START test not_null_stg_impressions_event_date ......................... [RUN]
[0m20:23:37.534561 [debug] [Thread-2 (]: Writing injected SQL for node "test.data_processing_analytics.not_null_int_impressions_aggregated_user_id.b331574930"
[0m20:23:37.534793 [info ] [Thread-3 (]: 8 of 21 START test not_null_stg_impressions_impression_id ...................... [RUN]
[0m20:23:37.535081 [debug] [Thread-4 (]: Re-using an available connection from the pool (formerly test.data_processing_analytics.not_null_int_impressions_aggregated_impression_id.9168c78c5b, now test.data_processing_analytics.not_null_page_type_summary_page_type.ba086379d4)
[0m20:23:37.535322 [debug] [Thread-1 (]: Re-using an available connection from the pool (formerly test.data_processing_analytics.not_null_funnel_analysis_event_type.3c35ba5f6e, now test.data_processing_analytics.not_null_stg_impressions_event_date.52d635828b)
[0m20:23:37.535602 [debug] [Thread-3 (]: Re-using an available connection from the pool (formerly test.data_processing_analytics.not_null_hourly_traffic_event_date.bf9938d75e, now test.data_processing_analytics.not_null_stg_impressions_impression_id.f19dc666d8)
[0m20:23:37.535837 [debug] [Thread-4 (]: Began compiling node test.data_processing_analytics.not_null_page_type_summary_page_type.ba086379d4
[0m20:23:37.535981 [debug] [Thread-2 (]: Began executing node test.data_processing_analytics.not_null_int_impressions_aggregated_user_id.b331574930
[0m20:23:37.536129 [debug] [Thread-1 (]: Began compiling node test.data_processing_analytics.not_null_stg_impressions_event_date.52d635828b
[0m20:23:37.536301 [debug] [Thread-3 (]: Began compiling node test.data_processing_analytics.not_null_stg_impressions_impression_id.f19dc666d8
[0m20:23:37.538061 [debug] [Thread-4 (]: Writing injected SQL for node "test.data_processing_analytics.not_null_page_type_summary_page_type.ba086379d4"
[0m20:23:37.539176 [debug] [Thread-2 (]: Writing runtime sql for node "test.data_processing_analytics.not_null_int_impressions_aggregated_user_id.b331574930"
[0m20:23:37.540945 [debug] [Thread-1 (]: Writing injected SQL for node "test.data_processing_analytics.not_null_stg_impressions_event_date.52d635828b"
[0m20:23:37.542583 [debug] [Thread-3 (]: Writing injected SQL for node "test.data_processing_analytics.not_null_stg_impressions_impression_id.f19dc666d8"
[0m20:23:37.543207 [debug] [Thread-4 (]: Began executing node test.data_processing_analytics.not_null_page_type_summary_page_type.ba086379d4
[0m20:23:37.543561 [debug] [Thread-2 (]: Using postgres connection "test.data_processing_analytics.not_null_int_impressions_aggregated_user_id.b331574930"
[0m20:23:37.545087 [debug] [Thread-4 (]: Writing runtime sql for node "test.data_processing_analytics.not_null_page_type_summary_page_type.ba086379d4"
[0m20:23:37.545359 [debug] [Thread-1 (]: Began executing node test.data_processing_analytics.not_null_stg_impressions_event_date.52d635828b
[0m20:23:37.545517 [debug] [Thread-2 (]: On test.data_processing_analytics.not_null_int_impressions_aggregated_user_id.b331574930: BEGIN
[0m20:23:37.545673 [debug] [Thread-3 (]: Began executing node test.data_processing_analytics.not_null_stg_impressions_impression_id.f19dc666d8
[0m20:23:37.546813 [debug] [Thread-1 (]: Writing runtime sql for node "test.data_processing_analytics.not_null_stg_impressions_event_date.52d635828b"
[0m20:23:37.547049 [debug] [Thread-4 (]: Using postgres connection "test.data_processing_analytics.not_null_page_type_summary_page_type.ba086379d4"
[0m20:23:37.547192 [debug] [Thread-2 (]: Opening a new connection, currently in state closed
[0m20:23:37.548448 [debug] [Thread-3 (]: Writing runtime sql for node "test.data_processing_analytics.not_null_stg_impressions_impression_id.f19dc666d8"
[0m20:23:37.548762 [debug] [Thread-4 (]: On test.data_processing_analytics.not_null_page_type_summary_page_type.ba086379d4: BEGIN
[0m20:23:37.549095 [debug] [Thread-1 (]: Using postgres connection "test.data_processing_analytics.not_null_stg_impressions_event_date.52d635828b"
[0m20:23:37.549435 [debug] [Thread-4 (]: Opening a new connection, currently in state closed
[0m20:23:37.549670 [debug] [Thread-1 (]: On test.data_processing_analytics.not_null_stg_impressions_event_date.52d635828b: BEGIN
[0m20:23:37.549825 [debug] [Thread-3 (]: Using postgres connection "test.data_processing_analytics.not_null_stg_impressions_impression_id.f19dc666d8"
[0m20:23:37.550324 [debug] [Thread-3 (]: On test.data_processing_analytics.not_null_stg_impressions_impression_id.f19dc666d8: BEGIN
[0m20:23:37.550115 [debug] [Thread-1 (]: Opening a new connection, currently in state closed
[0m20:23:37.550502 [debug] [Thread-3 (]: Opening a new connection, currently in state closed
[0m20:23:37.552425 [debug] [Thread-2 (]: SQL status: BEGIN in 0.005 seconds
[0m20:23:37.552609 [debug] [Thread-2 (]: Using postgres connection "test.data_processing_analytics.not_null_int_impressions_aggregated_user_id.b331574930"
[0m20:23:37.552782 [debug] [Thread-2 (]: On test.data_processing_analytics.not_null_int_impressions_aggregated_user_id.b331574930: /* {"app": "dbt", "dbt_version": "1.9.1", "profile_name": "data_processing", "target_name": "local", "node_id": "test.data_processing_analytics.not_null_int_impressions_aggregated_user_id.b331574930"} */

    select
      count(*) as failures,
      count(*) != 0 as should_warn,
      count(*) != 0 as should_error
    from (
      
    
  
    
    



select user_id
from "data_processing"."public_analytics"."int_impressions_aggregated"
where user_id is null



  
  
      
    ) dbt_internal_test
[0m20:23:37.553447 [debug] [Thread-2 (]: SQL status: SELECT 1 in 0.000 seconds
[0m20:23:37.553593 [debug] [Thread-4 (]: SQL status: BEGIN in 0.004 seconds
[0m20:23:37.554286 [debug] [Thread-2 (]: On test.data_processing_analytics.not_null_int_impressions_aggregated_user_id.b331574930: ROLLBACK
[0m20:23:37.554496 [debug] [Thread-4 (]: Using postgres connection "test.data_processing_analytics.not_null_page_type_summary_page_type.ba086379d4"
[0m20:23:37.554766 [debug] [Thread-2 (]: On test.data_processing_analytics.not_null_int_impressions_aggregated_user_id.b331574930: Close
[0m20:23:37.554960 [debug] [Thread-4 (]: On test.data_processing_analytics.not_null_page_type_summary_page_type.ba086379d4: /* {"app": "dbt", "dbt_version": "1.9.1", "profile_name": "data_processing", "target_name": "local", "node_id": "test.data_processing_analytics.not_null_page_type_summary_page_type.ba086379d4"} */

    select
      count(*) as failures,
      count(*) != 0 as should_warn,
      count(*) != 0 as should_error
    from (
      
    
  
    
    



select page_type
from "data_processing"."public_analytics"."page_type_summary"
where page_type is null



  
  
      
    ) dbt_internal_test
[0m20:23:37.555382 [info ] [Thread-2 (]: 5 of 21 PASS not_null_int_impressions_aggregated_user_id ....................... [[32mPASS[0m in 0.02s]
[0m20:23:37.555570 [debug] [Thread-1 (]: SQL status: BEGIN in 0.005 seconds
[0m20:23:37.556397 [debug] [Thread-1 (]: Using postgres connection "test.data_processing_analytics.not_null_stg_impressions_event_date.52d635828b"
[0m20:23:37.556063 [debug] [Thread-2 (]: Finished running node test.data_processing_analytics.not_null_int_impressions_aggregated_user_id.b331574930
[0m20:23:37.556227 [debug] [Thread-4 (]: SQL status: SELECT 1 in 0.000 seconds
[0m20:23:37.555719 [debug] [Thread-3 (]: SQL status: BEGIN in 0.005 seconds
[0m20:23:37.557658 [debug] [Thread-3 (]: Using postgres connection "test.data_processing_analytics.not_null_stg_impressions_impression_id.f19dc666d8"
[0m20:23:37.556790 [debug] [Thread-2 (]: Began running node test.data_processing_analytics.not_null_stg_impressions_user_id.1e82def6e9
[0m20:23:37.557485 [debug] [Thread-4 (]: On test.data_processing_analytics.not_null_page_type_summary_page_type.ba086379d4: ROLLBACK
[0m20:23:37.556570 [debug] [Thread-1 (]: On test.data_processing_analytics.not_null_stg_impressions_event_date.52d635828b: /* {"app": "dbt", "dbt_version": "1.9.1", "profile_name": "data_processing", "target_name": "local", "node_id": "test.data_processing_analytics.not_null_stg_impressions_event_date.52d635828b"} */

    select
      count(*) as failures,
      count(*) != 0 as should_warn,
      count(*) != 0 as should_error
    from (
      
    
  
    
    



select event_date
from "data_processing"."public_staging"."stg_impressions"
where event_date is null



  
  
      
    ) dbt_internal_test
[0m20:23:37.557821 [debug] [Thread-3 (]: On test.data_processing_analytics.not_null_stg_impressions_impression_id.f19dc666d8: /* {"app": "dbt", "dbt_version": "1.9.1", "profile_name": "data_processing", "target_name": "local", "node_id": "test.data_processing_analytics.not_null_stg_impressions_impression_id.f19dc666d8"} */

    select
      count(*) as failures,
      count(*) != 0 as should_warn,
      count(*) != 0 as should_error
    from (
      
    
  
    
    



select impression_id
from "data_processing"."public_staging"."stg_impressions"
where impression_id is null



  
  
      
    ) dbt_internal_test
[0m20:23:37.558038 [info ] [Thread-2 (]: 9 of 21 START test not_null_stg_impressions_user_id ............................ [RUN]
[0m20:23:37.558397 [debug] [Thread-4 (]: On test.data_processing_analytics.not_null_page_type_summary_page_type.ba086379d4: Close
[0m20:23:37.558950 [debug] [Thread-2 (]: Re-using an available connection from the pool (formerly test.data_processing_analytics.not_null_int_impressions_aggregated_user_id.b331574930, now test.data_processing_analytics.not_null_stg_impressions_user_id.1e82def6e9)
[0m20:23:37.559325 [info ] [Thread-4 (]: 6 of 21 PASS not_null_page_type_summary_page_type .............................. [[32mPASS[0m in 0.02s]
[0m20:23:37.559538 [debug] [Thread-3 (]: SQL status: SELECT 1 in 0.001 seconds
[0m20:23:37.559756 [debug] [Thread-2 (]: Began compiling node test.data_processing_analytics.not_null_stg_impressions_user_id.1e82def6e9
[0m20:23:37.560020 [debug] [Thread-4 (]: Finished running node test.data_processing_analytics.not_null_page_type_summary_page_type.ba086379d4
[0m20:23:37.563022 [debug] [Thread-4 (]: Began running node test.data_processing_analytics.not_null_user_engagement_user_id.9946ab275f
[0m20:23:37.563242 [info ] [Thread-4 (]: 10 of 21 START test not_null_user_engagement_user_id ........................... [RUN]
[0m20:23:37.562797 [debug] [Thread-2 (]: Writing injected SQL for node "test.data_processing_analytics.not_null_stg_impressions_user_id.1e82def6e9"
[0m20:23:37.560648 [debug] [Thread-3 (]: On test.data_processing_analytics.not_null_stg_impressions_impression_id.f19dc666d8: ROLLBACK
[0m20:23:37.560865 [debug] [Thread-1 (]: SQL status: SELECT 1 in 0.002 seconds
[0m20:23:37.563497 [debug] [Thread-4 (]: Re-using an available connection from the pool (formerly test.data_processing_analytics.not_null_page_type_summary_page_type.ba086379d4, now test.data_processing_analytics.not_null_user_engagement_user_id.9946ab275f)
[0m20:23:37.564877 [debug] [Thread-4 (]: Began compiling node test.data_processing_analytics.not_null_user_engagement_user_id.9946ab275f
[0m20:23:37.564508 [debug] [Thread-1 (]: On test.data_processing_analytics.not_null_stg_impressions_event_date.52d635828b: ROLLBACK
[0m20:23:37.564735 [debug] [Thread-2 (]: Began executing node test.data_processing_analytics.not_null_stg_impressions_user_id.1e82def6e9
[0m20:23:37.563957 [debug] [Thread-3 (]: On test.data_processing_analytics.not_null_stg_impressions_impression_id.f19dc666d8: Close
[0m20:23:37.566664 [debug] [Thread-4 (]: Writing injected SQL for node "test.data_processing_analytics.not_null_user_engagement_user_id.9946ab275f"
[0m20:23:37.566944 [debug] [Thread-1 (]: On test.data_processing_analytics.not_null_stg_impressions_event_date.52d635828b: Close
[0m20:23:37.567982 [debug] [Thread-2 (]: Writing runtime sql for node "test.data_processing_analytics.not_null_stg_impressions_user_id.1e82def6e9"
[0m20:23:37.568275 [info ] [Thread-3 (]: 8 of 21 PASS not_null_stg_impressions_impression_id ............................ [[32mPASS[0m in 0.03s]
[0m20:23:37.568784 [warn ] [Thread-1 (]: 7 of 21 WARN 1 not_null_stg_impressions_event_date ............................. [[33mWARN 1[0m in 0.03s]
[0m20:23:37.569212 [debug] [Thread-4 (]: Began executing node test.data_processing_analytics.not_null_user_engagement_user_id.9946ab275f
[0m20:23:37.569432 [debug] [Thread-3 (]: Finished running node test.data_processing_analytics.not_null_stg_impressions_impression_id.f19dc666d8
[0m20:23:37.569643 [debug] [Thread-2 (]: Using postgres connection "test.data_processing_analytics.not_null_stg_impressions_user_id.1e82def6e9"
[0m20:23:37.569828 [debug] [Thread-1 (]: Finished running node test.data_processing_analytics.not_null_stg_impressions_event_date.52d635828b
[0m20:23:37.571600 [debug] [Thread-1 (]: Began running node test.data_processing_analytics.source_accepted_values_raw_impressions_page_type__1__2__3.10e87cab6d
[0m20:23:37.571163 [debug] [Thread-3 (]: Began running node test.data_processing_analytics.source_accepted_values_raw_impressions_event_type__a__b__c__d__e__f.0048e71c39
[0m20:23:37.571378 [debug] [Thread-2 (]: On test.data_processing_analytics.not_null_stg_impressions_user_id.1e82def6e9: BEGIN
[0m20:23:37.570927 [debug] [Thread-4 (]: Writing runtime sql for node "test.data_processing_analytics.not_null_user_engagement_user_id.9946ab275f"
[0m20:23:37.571783 [info ] [Thread-1 (]: 12 of 21 START test source_accepted_values_raw_impressions_page_type__1__2__3 .. [RUN]
[0m20:23:37.572026 [info ] [Thread-3 (]: 11 of 21 START test source_accepted_values_raw_impressions_event_type__a__b__c__d__e__f  [RUN]
[0m20:23:37.572270 [debug] [Thread-2 (]: Opening a new connection, currently in state closed
[0m20:23:37.572635 [debug] [Thread-1 (]: Re-using an available connection from the pool (formerly test.data_processing_analytics.not_null_stg_impressions_event_date.52d635828b, now test.data_processing_analytics.source_accepted_values_raw_impressions_page_type__1__2__3.10e87cab6d)
[0m20:23:37.572887 [debug] [Thread-3 (]: Re-using an available connection from the pool (formerly test.data_processing_analytics.not_null_stg_impressions_impression_id.f19dc666d8, now test.data_processing_analytics.source_accepted_values_raw_impressions_event_type__a__b__c__d__e__f.0048e71c39)
[0m20:23:37.573069 [debug] [Thread-4 (]: Using postgres connection "test.data_processing_analytics.not_null_user_engagement_user_id.9946ab275f"
[0m20:23:37.573403 [debug] [Thread-1 (]: Began compiling node test.data_processing_analytics.source_accepted_values_raw_impressions_page_type__1__2__3.10e87cab6d
[0m20:23:37.573594 [debug] [Thread-3 (]: Began compiling node test.data_processing_analytics.source_accepted_values_raw_impressions_event_type__a__b__c__d__e__f.0048e71c39
[0m20:23:37.573804 [debug] [Thread-4 (]: On test.data_processing_analytics.not_null_user_engagement_user_id.9946ab275f: BEGIN
[0m20:23:37.579628 [debug] [Thread-1 (]: Writing injected SQL for node "test.data_processing_analytics.source_accepted_values_raw_impressions_page_type__1__2__3.10e87cab6d"
[0m20:23:37.582794 [debug] [Thread-3 (]: Writing injected SQL for node "test.data_processing_analytics.source_accepted_values_raw_impressions_event_type__a__b__c__d__e__f.0048e71c39"
[0m20:23:37.582972 [debug] [Thread-2 (]: SQL status: BEGIN in 0.011 seconds
[0m20:23:37.583156 [debug] [Thread-4 (]: Opening a new connection, currently in state closed
[0m20:23:37.583722 [debug] [Thread-2 (]: Using postgres connection "test.data_processing_analytics.not_null_stg_impressions_user_id.1e82def6e9"
[0m20:23:37.583863 [debug] [Thread-1 (]: Began executing node test.data_processing_analytics.source_accepted_values_raw_impressions_page_type__1__2__3.10e87cab6d
[0m20:23:37.584185 [debug] [Thread-3 (]: Began executing node test.data_processing_analytics.source_accepted_values_raw_impressions_event_type__a__b__c__d__e__f.0048e71c39
[0m20:23:37.584356 [debug] [Thread-2 (]: On test.data_processing_analytics.not_null_stg_impressions_user_id.1e82def6e9: /* {"app": "dbt", "dbt_version": "1.9.1", "profile_name": "data_processing", "target_name": "local", "node_id": "test.data_processing_analytics.not_null_stg_impressions_user_id.1e82def6e9"} */

    select
      count(*) as failures,
      count(*) != 0 as should_warn,
      count(*) != 0 as should_error
    from (
      
    
  
    
    



select user_id
from "data_processing"."public_staging"."stg_impressions"
where user_id is null



  
  
      
    ) dbt_internal_test
[0m20:23:37.585584 [debug] [Thread-1 (]: Writing runtime sql for node "test.data_processing_analytics.source_accepted_values_raw_impressions_page_type__1__2__3.10e87cab6d"
[0m20:23:37.586768 [debug] [Thread-3 (]: Writing runtime sql for node "test.data_processing_analytics.source_accepted_values_raw_impressions_event_type__a__b__c__d__e__f.0048e71c39"
[0m20:23:37.587505 [debug] [Thread-1 (]: Using postgres connection "test.data_processing_analytics.source_accepted_values_raw_impressions_page_type__1__2__3.10e87cab6d"
[0m20:23:37.587667 [debug] [Thread-4 (]: SQL status: BEGIN in 0.005 seconds
[0m20:23:37.587877 [debug] [Thread-3 (]: Using postgres connection "test.data_processing_analytics.source_accepted_values_raw_impressions_event_type__a__b__c__d__e__f.0048e71c39"
[0m20:23:37.588006 [debug] [Thread-1 (]: On test.data_processing_analytics.source_accepted_values_raw_impressions_page_type__1__2__3.10e87cab6d: BEGIN
[0m20:23:37.588183 [debug] [Thread-4 (]: Using postgres connection "test.data_processing_analytics.not_null_user_engagement_user_id.9946ab275f"
[0m20:23:37.588766 [debug] [Thread-4 (]: On test.data_processing_analytics.not_null_user_engagement_user_id.9946ab275f: /* {"app": "dbt", "dbt_version": "1.9.1", "profile_name": "data_processing", "target_name": "local", "node_id": "test.data_processing_analytics.not_null_user_engagement_user_id.9946ab275f"} */

    select
      count(*) as failures,
      count(*) != 0 as should_warn,
      count(*) != 0 as should_error
    from (
      
    
  
    
    



select user_id
from "data_processing"."public_analytics"."user_engagement"
where user_id is null



  
  
      
    ) dbt_internal_test
[0m20:23:37.588576 [debug] [Thread-1 (]: Opening a new connection, currently in state closed
[0m20:23:37.588366 [debug] [Thread-3 (]: On test.data_processing_analytics.source_accepted_values_raw_impressions_event_type__a__b__c__d__e__f.0048e71c39: BEGIN
[0m20:23:37.589141 [debug] [Thread-3 (]: Opening a new connection, currently in state closed
[0m20:23:37.589298 [debug] [Thread-2 (]: SQL status: SELECT 1 in 0.002 seconds
[0m20:23:37.589473 [debug] [Thread-4 (]: SQL status: SELECT 1 in 0.001 seconds
[0m20:23:37.590356 [debug] [Thread-2 (]: On test.data_processing_analytics.not_null_stg_impressions_user_id.1e82def6e9: ROLLBACK
[0m20:23:37.592235 [debug] [Thread-4 (]: On test.data_processing_analytics.not_null_user_engagement_user_id.9946ab275f: ROLLBACK
[0m20:23:37.592504 [debug] [Thread-2 (]: On test.data_processing_analytics.not_null_stg_impressions_user_id.1e82def6e9: Close
[0m20:23:37.592699 [debug] [Thread-4 (]: On test.data_processing_analytics.not_null_user_engagement_user_id.9946ab275f: Close
[0m20:23:37.592987 [info ] [Thread-2 (]: 9 of 21 PASS not_null_stg_impressions_user_id .................................. [[32mPASS[0m in 0.03s]
[0m20:23:37.593415 [info ] [Thread-4 (]: 10 of 21 PASS not_null_user_engagement_user_id ................................. [[32mPASS[0m in 0.03s]
[0m20:23:37.593698 [debug] [Thread-3 (]: SQL status: BEGIN in 0.005 seconds
[0m20:23:37.593950 [debug] [Thread-2 (]: Finished running node test.data_processing_analytics.not_null_stg_impressions_user_id.1e82def6e9
[0m20:23:37.594109 [debug] [Thread-1 (]: SQL status: BEGIN in 0.006 seconds
[0m20:23:37.594380 [debug] [Thread-4 (]: Finished running node test.data_processing_analytics.not_null_user_engagement_user_id.9946ab275f
[0m20:23:37.594706 [debug] [Thread-3 (]: Using postgres connection "test.data_processing_analytics.source_accepted_values_raw_impressions_event_type__a__b__c__d__e__f.0048e71c39"
[0m20:23:37.594942 [debug] [Thread-2 (]: Began running node test.data_processing_analytics.source_not_null_raw_impressions_date.f99b4db4ba
[0m20:23:37.595181 [debug] [Thread-1 (]: Using postgres connection "test.data_processing_analytics.source_accepted_values_raw_impressions_page_type__1__2__3.10e87cab6d"
[0m20:23:37.595393 [debug] [Thread-4 (]: Began running node test.data_processing_analytics.source_not_null_raw_impressions_event_type.af77bebbbd
[0m20:23:37.595646 [debug] [Thread-3 (]: On test.data_processing_analytics.source_accepted_values_raw_impressions_event_type__a__b__c__d__e__f.0048e71c39: /* {"app": "dbt", "dbt_version": "1.9.1", "profile_name": "data_processing", "target_name": "local", "node_id": "test.data_processing_analytics.source_accepted_values_raw_impressions_event_type__a__b__c__d__e__f.0048e71c39"} */

    select
      count(*) as failures,
      count(*) != 0 as should_warn,
      count(*) != 0 as should_error
    from (
      
    
  
    
    

with all_values as (

    select
        event_type as value_field,
        count(*) as n_records

    from "data_processing"."raw"."impressions"
    group by event_type

)

select *
from all_values
where value_field not in (
    'a','b','c','d','e','f'
)



  
  
      
    ) dbt_internal_test
[0m20:23:37.595895 [info ] [Thread-2 (]: 13 of 21 START test source_not_null_raw_impressions_date ....................... [RUN]
[0m20:23:37.596226 [debug] [Thread-1 (]: On test.data_processing_analytics.source_accepted_values_raw_impressions_page_type__1__2__3.10e87cab6d: /* {"app": "dbt", "dbt_version": "1.9.1", "profile_name": "data_processing", "target_name": "local", "node_id": "test.data_processing_analytics.source_accepted_values_raw_impressions_page_type__1__2__3.10e87cab6d"} */

    select
      count(*) as failures,
      count(*) != 0 as should_warn,
      count(*) != 0 as should_error
    from (
      
    
  
    
    

with all_values as (

    select
        page_type as value_field,
        count(*) as n_records

    from "data_processing"."raw"."impressions"
    group by page_type

)

select *
from all_values
where value_field not in (
    '1','2','3'
)



  
  
      
    ) dbt_internal_test
[0m20:23:37.596442 [info ] [Thread-4 (]: 14 of 21 START test source_not_null_raw_impressions_event_type ................. [RUN]
[0m20:23:37.596855 [debug] [Thread-2 (]: Re-using an available connection from the pool (formerly test.data_processing_analytics.not_null_stg_impressions_user_id.1e82def6e9, now test.data_processing_analytics.source_not_null_raw_impressions_date.f99b4db4ba)
[0m20:23:37.597122 [debug] [Thread-4 (]: Re-using an available connection from the pool (formerly test.data_processing_analytics.not_null_user_engagement_user_id.9946ab275f, now test.data_processing_analytics.source_not_null_raw_impressions_event_type.af77bebbbd)
[0m20:23:37.597407 [debug] [Thread-2 (]: Began compiling node test.data_processing_analytics.source_not_null_raw_impressions_date.f99b4db4ba
[0m20:23:37.597562 [debug] [Thread-1 (]: SQL status: SELECT 1 in 0.001 seconds
[0m20:23:37.597741 [debug] [Thread-3 (]: SQL status: SELECT 1 in 0.001 seconds
[0m20:23:37.597890 [debug] [Thread-4 (]: Began compiling node test.data_processing_analytics.source_not_null_raw_impressions_event_type.af77bebbbd
[0m20:23:37.599995 [debug] [Thread-2 (]: Writing injected SQL for node "test.data_processing_analytics.source_not_null_raw_impressions_date.f99b4db4ba"
[0m20:23:37.600702 [debug] [Thread-1 (]: On test.data_processing_analytics.source_accepted_values_raw_impressions_page_type__1__2__3.10e87cab6d: ROLLBACK
[0m20:23:37.601350 [debug] [Thread-3 (]: On test.data_processing_analytics.source_accepted_values_raw_impressions_event_type__a__b__c__d__e__f.0048e71c39: ROLLBACK
[0m20:23:37.603063 [debug] [Thread-4 (]: Writing injected SQL for node "test.data_processing_analytics.source_not_null_raw_impressions_event_type.af77bebbbd"
[0m20:23:37.603578 [debug] [Thread-1 (]: On test.data_processing_analytics.source_accepted_values_raw_impressions_page_type__1__2__3.10e87cab6d: Close
[0m20:23:37.603803 [debug] [Thread-3 (]: On test.data_processing_analytics.source_accepted_values_raw_impressions_event_type__a__b__c__d__e__f.0048e71c39: Close
[0m20:23:37.603953 [debug] [Thread-2 (]: Began executing node test.data_processing_analytics.source_not_null_raw_impressions_date.f99b4db4ba
[0m20:23:37.604341 [info ] [Thread-1 (]: 12 of 21 PASS source_accepted_values_raw_impressions_page_type__1__2__3 ........ [[32mPASS[0m in 0.03s]
[0m20:23:37.604735 [info ] [Thread-3 (]: 11 of 21 PASS source_accepted_values_raw_impressions_event_type__a__b__c__d__e__f  [[32mPASS[0m in 0.03s]
[0m20:23:37.605015 [debug] [Thread-4 (]: Began executing node test.data_processing_analytics.source_not_null_raw_impressions_event_type.af77bebbbd
[0m20:23:37.606115 [debug] [Thread-2 (]: Writing runtime sql for node "test.data_processing_analytics.source_not_null_raw_impressions_date.f99b4db4ba"
[0m20:23:37.606390 [debug] [Thread-1 (]: Finished running node test.data_processing_analytics.source_accepted_values_raw_impressions_page_type__1__2__3.10e87cab6d
[0m20:23:37.606703 [debug] [Thread-3 (]: Finished running node test.data_processing_analytics.source_accepted_values_raw_impressions_event_type__a__b__c__d__e__f.0048e71c39
[0m20:23:37.608516 [debug] [Thread-4 (]: Writing runtime sql for node "test.data_processing_analytics.source_not_null_raw_impressions_event_type.af77bebbbd"
[0m20:23:37.608874 [debug] [Thread-1 (]: Began running node test.data_processing_analytics.source_not_null_raw_impressions_hour.0d8b85a8de
[0m20:23:37.609141 [debug] [Thread-3 (]: Began running node test.data_processing_analytics.source_not_null_raw_impressions_impression_id.90e58090a3
[0m20:23:37.609318 [debug] [Thread-2 (]: Using postgres connection "test.data_processing_analytics.source_not_null_raw_impressions_date.f99b4db4ba"
[0m20:23:37.609660 [info ] [Thread-1 (]: 15 of 21 START test source_not_null_raw_impressions_hour ....................... [RUN]
[0m20:23:37.609962 [debug] [Thread-4 (]: Using postgres connection "test.data_processing_analytics.source_not_null_raw_impressions_event_type.af77bebbbd"
[0m20:23:37.610110 [info ] [Thread-3 (]: 16 of 21 START test source_not_null_raw_impressions_impression_id .............. [RUN]
[0m20:23:37.610354 [debug] [Thread-2 (]: On test.data_processing_analytics.source_not_null_raw_impressions_date.f99b4db4ba: BEGIN
[0m20:23:37.610573 [debug] [Thread-1 (]: Re-using an available connection from the pool (formerly test.data_processing_analytics.source_accepted_values_raw_impressions_page_type__1__2__3.10e87cab6d, now test.data_processing_analytics.source_not_null_raw_impressions_hour.0d8b85a8de)
[0m20:23:37.610768 [debug] [Thread-4 (]: On test.data_processing_analytics.source_not_null_raw_impressions_event_type.af77bebbbd: BEGIN
[0m20:23:37.610990 [debug] [Thread-3 (]: Re-using an available connection from the pool (formerly test.data_processing_analytics.source_accepted_values_raw_impressions_event_type__a__b__c__d__e__f.0048e71c39, now test.data_processing_analytics.source_not_null_raw_impressions_impression_id.90e58090a3)
[0m20:23:37.611188 [debug] [Thread-2 (]: Opening a new connection, currently in state closed
[0m20:23:37.611373 [debug] [Thread-1 (]: Began compiling node test.data_processing_analytics.source_not_null_raw_impressions_hour.0d8b85a8de
[0m20:23:37.611570 [debug] [Thread-4 (]: Opening a new connection, currently in state closed
[0m20:23:37.611762 [debug] [Thread-3 (]: Began compiling node test.data_processing_analytics.source_not_null_raw_impressions_impression_id.90e58090a3
[0m20:23:37.615389 [debug] [Thread-1 (]: Writing injected SQL for node "test.data_processing_analytics.source_not_null_raw_impressions_hour.0d8b85a8de"
[0m20:23:37.617369 [debug] [Thread-3 (]: Writing injected SQL for node "test.data_processing_analytics.source_not_null_raw_impressions_impression_id.90e58090a3"
[0m20:23:37.618015 [debug] [Thread-1 (]: Began executing node test.data_processing_analytics.source_not_null_raw_impressions_hour.0d8b85a8de
[0m20:23:37.619269 [debug] [Thread-1 (]: Writing runtime sql for node "test.data_processing_analytics.source_not_null_raw_impressions_hour.0d8b85a8de"
[0m20:23:37.618208 [debug] [Thread-3 (]: Began executing node test.data_processing_analytics.source_not_null_raw_impressions_impression_id.90e58090a3
[0m20:23:37.619556 [debug] [Thread-4 (]: SQL status: BEGIN in 0.008 seconds
[0m20:23:37.620657 [debug] [Thread-3 (]: Writing runtime sql for node "test.data_processing_analytics.source_not_null_raw_impressions_impression_id.90e58090a3"
[0m20:23:37.620904 [debug] [Thread-4 (]: Using postgres connection "test.data_processing_analytics.source_not_null_raw_impressions_event_type.af77bebbbd"
[0m20:23:37.621115 [debug] [Thread-1 (]: Using postgres connection "test.data_processing_analytics.source_not_null_raw_impressions_hour.0d8b85a8de"
[0m20:23:37.621283 [debug] [Thread-2 (]: SQL status: BEGIN in 0.010 seconds
[0m20:23:37.621589 [debug] [Thread-4 (]: On test.data_processing_analytics.source_not_null_raw_impressions_event_type.af77bebbbd: /* {"app": "dbt", "dbt_version": "1.9.1", "profile_name": "data_processing", "target_name": "local", "node_id": "test.data_processing_analytics.source_not_null_raw_impressions_event_type.af77bebbbd"} */

    select
      count(*) as failures,
      count(*) != 0 as should_warn,
      count(*) != 0 as should_error
    from (
      
    
  
    
    



select event_type
from "data_processing"."raw"."impressions"
where event_type is null



  
  
      
    ) dbt_internal_test
[0m20:23:37.621829 [debug] [Thread-3 (]: Using postgres connection "test.data_processing_analytics.source_not_null_raw_impressions_impression_id.90e58090a3"
[0m20:23:37.621965 [debug] [Thread-1 (]: On test.data_processing_analytics.source_not_null_raw_impressions_hour.0d8b85a8de: BEGIN
[0m20:23:37.622562 [debug] [Thread-1 (]: Opening a new connection, currently in state closed
[0m20:23:37.622400 [debug] [Thread-3 (]: On test.data_processing_analytics.source_not_null_raw_impressions_impression_id.90e58090a3: BEGIN
[0m20:23:37.622162 [debug] [Thread-2 (]: Using postgres connection "test.data_processing_analytics.source_not_null_raw_impressions_date.f99b4db4ba"
[0m20:23:37.622793 [debug] [Thread-4 (]: SQL status: SELECT 1 in 0.000 seconds
[0m20:23:37.622979 [debug] [Thread-3 (]: Opening a new connection, currently in state closed
[0m20:23:37.623212 [debug] [Thread-2 (]: On test.data_processing_analytics.source_not_null_raw_impressions_date.f99b4db4ba: /* {"app": "dbt", "dbt_version": "1.9.1", "profile_name": "data_processing", "target_name": "local", "node_id": "test.data_processing_analytics.source_not_null_raw_impressions_date.f99b4db4ba"} */

    select
      count(*) as failures,
      count(*) != 0 as should_warn,
      count(*) != 0 as should_error
    from (
      
    
  
    
    



select date
from "data_processing"."raw"."impressions"
where date is null



  
  
      
    ) dbt_internal_test
[0m20:23:37.623912 [debug] [Thread-4 (]: On test.data_processing_analytics.source_not_null_raw_impressions_event_type.af77bebbbd: ROLLBACK
[0m20:23:37.625597 [debug] [Thread-4 (]: On test.data_processing_analytics.source_not_null_raw_impressions_event_type.af77bebbbd: Close
[0m20:23:37.625763 [debug] [Thread-2 (]: SQL status: SELECT 1 in 0.000 seconds
[0m20:23:37.625885 [debug] [Thread-1 (]: SQL status: BEGIN in 0.003 seconds
[0m20:23:37.626210 [info ] [Thread-4 (]: 14 of 21 PASS source_not_null_raw_impressions_event_type ....................... [[32mPASS[0m in 0.03s]
[0m20:23:37.626919 [debug] [Thread-2 (]: On test.data_processing_analytics.source_not_null_raw_impressions_date.f99b4db4ba: ROLLBACK
[0m20:23:37.627101 [debug] [Thread-1 (]: Using postgres connection "test.data_processing_analytics.source_not_null_raw_impressions_hour.0d8b85a8de"
[0m20:23:37.627376 [debug] [Thread-4 (]: Finished running node test.data_processing_analytics.source_not_null_raw_impressions_event_type.af77bebbbd
[0m20:23:37.627594 [debug] [Thread-2 (]: On test.data_processing_analytics.source_not_null_raw_impressions_date.f99b4db4ba: Close
[0m20:23:37.627732 [debug] [Thread-1 (]: On test.data_processing_analytics.source_not_null_raw_impressions_hour.0d8b85a8de: /* {"app": "dbt", "dbt_version": "1.9.1", "profile_name": "data_processing", "target_name": "local", "node_id": "test.data_processing_analytics.source_not_null_raw_impressions_hour.0d8b85a8de"} */

    select
      count(*) as failures,
      count(*) != 0 as should_warn,
      count(*) != 0 as should_error
    from (
      
    
  
    
    



select hour
from "data_processing"."raw"."impressions"
where hour is null



  
  
      
    ) dbt_internal_test
[0m20:23:37.627965 [debug] [Thread-4 (]: Began running node test.data_processing_analytics.source_not_null_raw_impressions_loaded_at.1d4fb179d0
[0m20:23:37.628292 [info ] [Thread-2 (]: 13 of 21 PASS source_not_null_raw_impressions_date ............................. [[32mPASS[0m in 0.03s]
[0m20:23:37.628495 [debug] [Thread-3 (]: SQL status: BEGIN in 0.006 seconds
[0m20:23:37.628745 [info ] [Thread-4 (]: 17 of 21 START test source_not_null_raw_impressions_loaded_at .................. [RUN]
[0m20:23:37.628997 [debug] [Thread-1 (]: SQL status: SELECT 1 in 0.000 seconds
[0m20:23:37.629220 [debug] [Thread-2 (]: Finished running node test.data_processing_analytics.source_not_null_raw_impressions_date.f99b4db4ba
[0m20:23:37.629500 [debug] [Thread-3 (]: Using postgres connection "test.data_processing_analytics.source_not_null_raw_impressions_impression_id.90e58090a3"
[0m20:23:37.629743 [debug] [Thread-4 (]: Re-using an available connection from the pool (formerly test.data_processing_analytics.source_not_null_raw_impressions_event_type.af77bebbbd, now test.data_processing_analytics.source_not_null_raw_impressions_loaded_at.1d4fb179d0)
[0m20:23:37.630407 [debug] [Thread-1 (]: On test.data_processing_analytics.source_not_null_raw_impressions_hour.0d8b85a8de: ROLLBACK
[0m20:23:37.630608 [debug] [Thread-2 (]: Began running node test.data_processing_analytics.source_not_null_raw_impressions_page_type.c42d24e3ac
[0m20:23:37.630840 [debug] [Thread-3 (]: On test.data_processing_analytics.source_not_null_raw_impressions_impression_id.90e58090a3: /* {"app": "dbt", "dbt_version": "1.9.1", "profile_name": "data_processing", "target_name": "local", "node_id": "test.data_processing_analytics.source_not_null_raw_impressions_impression_id.90e58090a3"} */

    select
      count(*) as failures,
      count(*) != 0 as should_warn,
      count(*) != 0 as should_error
    from (
      
    
  
    
    



select impression_id
from "data_processing"."raw"."impressions"
where impression_id is null



  
  
      
    ) dbt_internal_test
[0m20:23:37.631056 [debug] [Thread-4 (]: Began compiling node test.data_processing_analytics.source_not_null_raw_impressions_loaded_at.1d4fb179d0
[0m20:23:37.631283 [debug] [Thread-1 (]: On test.data_processing_analytics.source_not_null_raw_impressions_hour.0d8b85a8de: Close
[0m20:23:37.634000 [info ] [Thread-1 (]: 15 of 21 PASS source_not_null_raw_impressions_hour ............................. [[32mPASS[0m in 0.02s]
[0m20:23:37.633569 [debug] [Thread-4 (]: Writing injected SQL for node "test.data_processing_analytics.source_not_null_raw_impressions_loaded_at.1d4fb179d0"
[0m20:23:37.633740 [debug] [Thread-3 (]: SQL status: SELECT 1 in 0.002 seconds
[0m20:23:37.631410 [info ] [Thread-2 (]: 18 of 21 START test source_not_null_raw_impressions_page_type .................. [RUN]
[0m20:23:37.635404 [debug] [Thread-2 (]: Re-using an available connection from the pool (formerly test.data_processing_analytics.source_not_null_raw_impressions_date.f99b4db4ba, now test.data_processing_analytics.source_not_null_raw_impressions_page_type.c42d24e3ac)
[0m20:23:37.635119 [debug] [Thread-3 (]: On test.data_processing_analytics.source_not_null_raw_impressions_impression_id.90e58090a3: ROLLBACK
[0m20:23:37.634296 [debug] [Thread-1 (]: Finished running node test.data_processing_analytics.source_not_null_raw_impressions_hour.0d8b85a8de
[0m20:23:37.635607 [debug] [Thread-2 (]: Began compiling node test.data_processing_analytics.source_not_null_raw_impressions_page_type.c42d24e3ac
[0m20:23:37.635750 [debug] [Thread-4 (]: Began executing node test.data_processing_analytics.source_not_null_raw_impressions_loaded_at.1d4fb179d0
[0m20:23:37.636013 [debug] [Thread-3 (]: On test.data_processing_analytics.source_not_null_raw_impressions_impression_id.90e58090a3: Close
[0m20:23:37.636187 [debug] [Thread-1 (]: Began running node test.data_processing_analytics.source_not_null_raw_impressions_user_id.bf76fbf5eb
[0m20:23:37.637998 [debug] [Thread-2 (]: Writing injected SQL for node "test.data_processing_analytics.source_not_null_raw_impressions_page_type.c42d24e3ac"
[0m20:23:37.639880 [debug] [Thread-4 (]: Writing runtime sql for node "test.data_processing_analytics.source_not_null_raw_impressions_loaded_at.1d4fb179d0"
[0m20:23:37.640190 [info ] [Thread-3 (]: 16 of 21 PASS source_not_null_raw_impressions_impression_id .................... [[32mPASS[0m in 0.03s]
[0m20:23:37.640456 [info ] [Thread-1 (]: 19 of 21 START test source_not_null_raw_impressions_user_id .................... [RUN]
[0m20:23:37.641027 [debug] [Thread-2 (]: Began executing node test.data_processing_analytics.source_not_null_raw_impressions_page_type.c42d24e3ac
[0m20:23:37.642684 [debug] [Thread-2 (]: Writing runtime sql for node "test.data_processing_analytics.source_not_null_raw_impressions_page_type.c42d24e3ac"
[0m20:23:37.641462 [debug] [Thread-1 (]: Re-using an available connection from the pool (formerly test.data_processing_analytics.source_not_null_raw_impressions_hour.0d8b85a8de, now test.data_processing_analytics.source_not_null_raw_impressions_user_id.bf76fbf5eb)
[0m20:23:37.641694 [debug] [Thread-4 (]: Using postgres connection "test.data_processing_analytics.source_not_null_raw_impressions_loaded_at.1d4fb179d0"
[0m20:23:37.641244 [debug] [Thread-3 (]: Finished running node test.data_processing_analytics.source_not_null_raw_impressions_impression_id.90e58090a3
[0m20:23:37.642991 [debug] [Thread-1 (]: Began compiling node test.data_processing_analytics.source_not_null_raw_impressions_user_id.bf76fbf5eb
[0m20:23:37.643202 [debug] [Thread-4 (]: On test.data_processing_analytics.source_not_null_raw_impressions_loaded_at.1d4fb179d0: BEGIN
[0m20:23:37.643354 [debug] [Thread-2 (]: Using postgres connection "test.data_processing_analytics.source_not_null_raw_impressions_page_type.c42d24e3ac"
[0m20:23:37.645636 [debug] [Thread-2 (]: On test.data_processing_analytics.source_not_null_raw_impressions_page_type.c42d24e3ac: BEGIN
[0m20:23:37.645245 [debug] [Thread-1 (]: Writing injected SQL for node "test.data_processing_analytics.source_not_null_raw_impressions_user_id.bf76fbf5eb"
[0m20:23:37.645460 [debug] [Thread-4 (]: Opening a new connection, currently in state closed
[0m20:23:37.643550 [debug] [Thread-3 (]: Began running node test.data_processing_analytics.unique_page_type_summary_page_type.32ffefcb6b
[0m20:23:37.646783 [info ] [Thread-3 (]: 20 of 21 START test unique_page_type_summary_page_type ......................... [RUN]
[0m20:23:37.646552 [debug] [Thread-1 (]: Began executing node test.data_processing_analytics.source_not_null_raw_impressions_user_id.bf76fbf5eb
[0m20:23:37.645790 [debug] [Thread-2 (]: Opening a new connection, currently in state closed
[0m20:23:37.647077 [debug] [Thread-3 (]: Re-using an available connection from the pool (formerly test.data_processing_analytics.source_not_null_raw_impressions_impression_id.90e58090a3, now test.data_processing_analytics.unique_page_type_summary_page_type.32ffefcb6b)
[0m20:23:37.648684 [debug] [Thread-3 (]: Began compiling node test.data_processing_analytics.unique_page_type_summary_page_type.32ffefcb6b
[0m20:23:37.648369 [debug] [Thread-1 (]: Writing runtime sql for node "test.data_processing_analytics.source_not_null_raw_impressions_user_id.bf76fbf5eb"
[0m20:23:37.651425 [debug] [Thread-3 (]: Writing injected SQL for node "test.data_processing_analytics.unique_page_type_summary_page_type.32ffefcb6b"
[0m20:23:37.651746 [debug] [Thread-4 (]: SQL status: BEGIN in 0.006 seconds
[0m20:23:37.651910 [debug] [Thread-2 (]: SQL status: BEGIN in 0.006 seconds
[0m20:23:37.652242 [debug] [Thread-1 (]: Using postgres connection "test.data_processing_analytics.source_not_null_raw_impressions_user_id.bf76fbf5eb"
[0m20:23:37.652965 [debug] [Thread-1 (]: On test.data_processing_analytics.source_not_null_raw_impressions_user_id.bf76fbf5eb: BEGIN
[0m20:23:37.652643 [debug] [Thread-2 (]: Using postgres connection "test.data_processing_analytics.source_not_null_raw_impressions_page_type.c42d24e3ac"
[0m20:23:37.652772 [debug] [Thread-3 (]: Began executing node test.data_processing_analytics.unique_page_type_summary_page_type.32ffefcb6b
[0m20:23:37.652445 [debug] [Thread-4 (]: Using postgres connection "test.data_processing_analytics.source_not_null_raw_impressions_loaded_at.1d4fb179d0"
[0m20:23:37.654694 [debug] [Thread-4 (]: On test.data_processing_analytics.source_not_null_raw_impressions_loaded_at.1d4fb179d0: /* {"app": "dbt", "dbt_version": "1.9.1", "profile_name": "data_processing", "target_name": "local", "node_id": "test.data_processing_analytics.source_not_null_raw_impressions_loaded_at.1d4fb179d0"} */

    select
      count(*) as failures,
      count(*) != 0 as should_warn,
      count(*) != 0 as should_error
    from (
      
    
  
    
    



select loaded_at
from "data_processing"."raw"."impressions"
where loaded_at is null



  
  
      
    ) dbt_internal_test
[0m20:23:37.653335 [debug] [Thread-2 (]: On test.data_processing_analytics.source_not_null_raw_impressions_page_type.c42d24e3ac: /* {"app": "dbt", "dbt_version": "1.9.1", "profile_name": "data_processing", "target_name": "local", "node_id": "test.data_processing_analytics.source_not_null_raw_impressions_page_type.c42d24e3ac"} */

    select
      count(*) as failures,
      count(*) != 0 as should_warn,
      count(*) != 0 as should_error
    from (
      
    
  
    
    



select page_type
from "data_processing"."raw"."impressions"
where page_type is null



  
  
      
    ) dbt_internal_test
[0m20:23:37.654474 [debug] [Thread-3 (]: Writing runtime sql for node "test.data_processing_analytics.unique_page_type_summary_page_type.32ffefcb6b"
[0m20:23:37.653125 [debug] [Thread-1 (]: Opening a new connection, currently in state closed
[0m20:23:37.655288 [debug] [Thread-2 (]: SQL status: SELECT 1 in 0.000 seconds
[0m20:23:37.655430 [debug] [Thread-4 (]: SQL status: SELECT 1 in 0.001 seconds
[0m20:23:37.657610 [debug] [Thread-2 (]: On test.data_processing_analytics.source_not_null_raw_impressions_page_type.c42d24e3ac: ROLLBACK
[0m20:23:37.657785 [debug] [Thread-3 (]: Using postgres connection "test.data_processing_analytics.unique_page_type_summary_page_type.32ffefcb6b"
[0m20:23:37.658564 [debug] [Thread-4 (]: On test.data_processing_analytics.source_not_null_raw_impressions_loaded_at.1d4fb179d0: ROLLBACK
[0m20:23:37.658868 [debug] [Thread-2 (]: On test.data_processing_analytics.source_not_null_raw_impressions_page_type.c42d24e3ac: Close
[0m20:23:37.659001 [debug] [Thread-1 (]: SQL status: BEGIN in 0.006 seconds
[0m20:23:37.659133 [debug] [Thread-3 (]: On test.data_processing_analytics.unique_page_type_summary_page_type.32ffefcb6b: BEGIN
[0m20:23:37.659380 [debug] [Thread-4 (]: On test.data_processing_analytics.source_not_null_raw_impressions_loaded_at.1d4fb179d0: Close
[0m20:23:37.660319 [info ] [Thread-4 (]: 17 of 21 PASS source_not_null_raw_impressions_loaded_at ........................ [[32mPASS[0m in 0.03s]
[0m20:23:37.659843 [debug] [Thread-1 (]: Using postgres connection "test.data_processing_analytics.source_not_null_raw_impressions_user_id.bf76fbf5eb"
[0m20:23:37.660050 [debug] [Thread-3 (]: Opening a new connection, currently in state closed
[0m20:23:37.659630 [info ] [Thread-2 (]: 18 of 21 PASS source_not_null_raw_impressions_page_type ........................ [[32mPASS[0m in 0.02s]
[0m20:23:37.660615 [debug] [Thread-4 (]: Finished running node test.data_processing_analytics.source_not_null_raw_impressions_loaded_at.1d4fb179d0
[0m20:23:37.660830 [debug] [Thread-1 (]: On test.data_processing_analytics.source_not_null_raw_impressions_user_id.bf76fbf5eb: /* {"app": "dbt", "dbt_version": "1.9.1", "profile_name": "data_processing", "target_name": "local", "node_id": "test.data_processing_analytics.source_not_null_raw_impressions_user_id.bf76fbf5eb"} */

    select
      count(*) as failures,
      count(*) != 0 as should_warn,
      count(*) != 0 as should_error
    from (
      
    
  
    
    



select user_id
from "data_processing"."raw"."impressions"
where user_id is null



  
  
      
    ) dbt_internal_test
[0m20:23:37.661199 [debug] [Thread-2 (]: Finished running node test.data_processing_analytics.source_not_null_raw_impressions_page_type.c42d24e3ac
[0m20:23:37.661398 [debug] [Thread-4 (]: Began running node test.data_processing_analytics.unique_user_engagement_user_id.3479fa49b6
[0m20:23:37.661797 [info ] [Thread-4 (]: 21 of 21 START test unique_user_engagement_user_id ............................. [RUN]
[0m20:23:37.661997 [debug] [Thread-1 (]: SQL status: SELECT 1 in 0.000 seconds
[0m20:23:37.662175 [debug] [Thread-4 (]: Re-using an available connection from the pool (formerly test.data_processing_analytics.source_not_null_raw_impressions_loaded_at.1d4fb179d0, now test.data_processing_analytics.unique_user_engagement_user_id.3479fa49b6)
[0m20:23:37.662842 [debug] [Thread-1 (]: On test.data_processing_analytics.source_not_null_raw_impressions_user_id.bf76fbf5eb: ROLLBACK
[0m20:23:37.663042 [debug] [Thread-4 (]: Began compiling node test.data_processing_analytics.unique_user_engagement_user_id.3479fa49b6
[0m20:23:37.663305 [debug] [Thread-1 (]: On test.data_processing_analytics.source_not_null_raw_impressions_user_id.bf76fbf5eb: Close
[0m20:23:37.665162 [debug] [Thread-4 (]: Writing injected SQL for node "test.data_processing_analytics.unique_user_engagement_user_id.3479fa49b6"
[0m20:23:37.665490 [info ] [Thread-1 (]: 19 of 21 PASS source_not_null_raw_impressions_user_id .......................... [[32mPASS[0m in 0.02s]
[0m20:23:37.665657 [debug] [Thread-3 (]: SQL status: BEGIN in 0.006 seconds
[0m20:23:37.666003 [debug] [Thread-1 (]: Finished running node test.data_processing_analytics.source_not_null_raw_impressions_user_id.bf76fbf5eb
[0m20:23:37.666238 [debug] [Thread-3 (]: Using postgres connection "test.data_processing_analytics.unique_page_type_summary_page_type.32ffefcb6b"
[0m20:23:37.666415 [debug] [Thread-4 (]: Began executing node test.data_processing_analytics.unique_user_engagement_user_id.3479fa49b6
[0m20:23:37.666710 [debug] [Thread-3 (]: On test.data_processing_analytics.unique_page_type_summary_page_type.32ffefcb6b: /* {"app": "dbt", "dbt_version": "1.9.1", "profile_name": "data_processing", "target_name": "local", "node_id": "test.data_processing_analytics.unique_page_type_summary_page_type.32ffefcb6b"} */

    select
      count(*) as failures,
      count(*) != 0 as should_warn,
      count(*) != 0 as should_error
    from (
      
    
  
    
    

select
    page_type as unique_field,
    count(*) as n_records

from "data_processing"."public_analytics"."page_type_summary"
where page_type is not null
group by page_type
having count(*) > 1



  
  
      
    ) dbt_internal_test
[0m20:23:37.668559 [debug] [Thread-4 (]: Writing runtime sql for node "test.data_processing_analytics.unique_user_engagement_user_id.3479fa49b6"
[0m20:23:37.669179 [debug] [Thread-3 (]: SQL status: SELECT 1 in 0.000 seconds
[0m20:23:37.669353 [debug] [Thread-4 (]: Using postgres connection "test.data_processing_analytics.unique_user_engagement_user_id.3479fa49b6"
[0m20:23:37.669941 [debug] [Thread-3 (]: On test.data_processing_analytics.unique_page_type_summary_page_type.32ffefcb6b: ROLLBACK
[0m20:23:37.670146 [debug] [Thread-4 (]: On test.data_processing_analytics.unique_user_engagement_user_id.3479fa49b6: BEGIN
[0m20:23:37.670484 [debug] [Thread-4 (]: Opening a new connection, currently in state closed
[0m20:23:37.670370 [debug] [Thread-3 (]: On test.data_processing_analytics.unique_page_type_summary_page_type.32ffefcb6b: Close
[0m20:23:37.670870 [info ] [Thread-3 (]: 20 of 21 PASS unique_page_type_summary_page_type ............................... [[32mPASS[0m in 0.02s]
[0m20:23:37.671280 [debug] [Thread-3 (]: Finished running node test.data_processing_analytics.unique_page_type_summary_page_type.32ffefcb6b
[0m20:23:37.673678 [debug] [Thread-4 (]: SQL status: BEGIN in 0.003 seconds
[0m20:23:37.673843 [debug] [Thread-4 (]: Using postgres connection "test.data_processing_analytics.unique_user_engagement_user_id.3479fa49b6"
[0m20:23:37.674008 [debug] [Thread-4 (]: On test.data_processing_analytics.unique_user_engagement_user_id.3479fa49b6: /* {"app": "dbt", "dbt_version": "1.9.1", "profile_name": "data_processing", "target_name": "local", "node_id": "test.data_processing_analytics.unique_user_engagement_user_id.3479fa49b6"} */

    select
      count(*) as failures,
      count(*) != 0 as should_warn,
      count(*) != 0 as should_error
    from (
      
    
  
    
    

select
    user_id as unique_field,
    count(*) as n_records

from "data_processing"."public_analytics"."user_engagement"
where user_id is not null
group by user_id
having count(*) > 1



  
  
      
    ) dbt_internal_test
[0m20:23:37.674540 [debug] [Thread-4 (]: SQL status: SELECT 1 in 0.000 seconds
[0m20:23:37.675131 [debug] [Thread-4 (]: On test.data_processing_analytics.unique_user_engagement_user_id.3479fa49b6: ROLLBACK
[0m20:23:37.675337 [debug] [Thread-4 (]: On test.data_processing_analytics.unique_user_engagement_user_id.3479fa49b6: Close
[0m20:23:37.675598 [info ] [Thread-4 (]: 21 of 21 PASS unique_user_engagement_user_id ................................... [[32mPASS[0m in 0.01s]
[0m20:23:37.675879 [debug] [Thread-4 (]: Finished running node test.data_processing_analytics.unique_user_engagement_user_id.3479fa49b6
[0m20:23:37.676593 [debug] [MainThread]: Using postgres connection "master"
[0m20:23:37.676764 [debug] [MainThread]: On master: BEGIN
[0m20:23:37.676917 [debug] [MainThread]: Opening a new connection, currently in state closed
[0m20:23:37.679922 [debug] [MainThread]: SQL status: BEGIN in 0.003 seconds
[0m20:23:37.680066 [debug] [MainThread]: On master: COMMIT
[0m20:23:37.680202 [debug] [MainThread]: Using postgres connection "master"
[0m20:23:37.680324 [debug] [MainThread]: On master: COMMIT
[0m20:23:37.680629 [debug] [MainThread]: SQL status: COMMIT in 0.000 seconds
[0m20:23:37.680814 [debug] [MainThread]: On master: Close
[0m20:23:37.681032 [debug] [MainThread]: Connection 'master' was properly closed.
[0m20:23:37.681169 [debug] [MainThread]: Connection 'test.data_processing_analytics.source_not_null_raw_impressions_user_id.bf76fbf5eb' was properly closed.
[0m20:23:37.681287 [debug] [MainThread]: Connection 'test.data_processing_analytics.source_not_null_raw_impressions_page_type.c42d24e3ac' was properly closed.
[0m20:23:37.681405 [debug] [MainThread]: Connection 'test.data_processing_analytics.unique_user_engagement_user_id.3479fa49b6' was properly closed.
[0m20:23:37.681516 [debug] [MainThread]: Connection 'test.data_processing_analytics.unique_page_type_summary_page_type.32ffefcb6b' was properly closed.
[0m20:23:37.681671 [info ] [MainThread]: 
[0m20:23:37.681854 [info ] [MainThread]: Finished running 21 data tests in 0 hours 0 minutes and 0.25 seconds (0.25s).
[0m20:23:37.683170 [debug] [MainThread]: Command end result
[0m20:23:37.697650 [debug] [MainThread]: Wrote artifact WritableManifest to /dbt/target/manifest.json
[0m20:23:37.698636 [debug] [MainThread]: Wrote artifact SemanticManifest to /dbt/target/semantic_manifest.json
[0m20:23:37.702496 [debug] [MainThread]: Wrote artifact RunExecutionResult to /dbt/target/run_results.json
[0m20:23:37.702652 [info ] [MainThread]: 
[0m20:23:37.702965 [info ] [MainThread]: [33mCompleted with 1 warning:[0m
[0m20:23:37.703160 [info ] [MainThread]: 
[0m20:23:37.703393 [warn ] [MainThread]: [33mWarning in test not_null_stg_impressions_event_date (models/staging/schema.yml)[0m
[0m20:23:37.703604 [warn ] [MainThread]: Got 1 result, configured to warn if != 0
[0m20:23:37.703764 [info ] [MainThread]: 
[0m20:23:37.703957 [info ] [MainThread]:   compiled code at target/compiled/data_processing_analytics/models/staging/schema.yml/not_null_stg_impressions_event_date.sql
[0m20:23:37.704142 [info ] [MainThread]: 
[0m20:23:37.704334 [info ] [MainThread]: Done. PASS=20 WARN=1 ERROR=0 SKIP=0 TOTAL=21
[0m20:23:37.704796 [debug] [MainThread]: Resource report: {"command_name": "test", "command_success": true, "command_wall_clock_time": 0.6356972, "process_in_blocks": "1048", "process_kernel_time": 0.114488, "process_mem_max_rss": "123104", "process_out_blocks": "2589", "process_user_time": 1.077596}
[0m20:23:37.705021 [debug] [MainThread]: Command `dbt test` succeeded at 20:23:37.704976 after 0.64 seconds
[0m20:23:37.705208 [debug] [MainThread]: Sending event: {'category': 'dbt', 'action': 'invocation', 'label': 'end', 'context': [<snowplow_tracker.self_describing_json.SelfDescribingJson object at 0xffff95bf7130>, <snowplow_tracker.self_describing_json.SelfDescribingJson object at 0xffff94de5300>, <snowplow_tracker.self_describing_json.SelfDescribingJson object at 0xffff93bc5e10>]}
[0m20:23:37.705437 [debug] [MainThread]: Flushing usage events
[0m20:23:38.081272 [debug] [MainThread]: An error was encountered while trying to flush usage events
